documento_id,tramite_id,requisito_id,modulo,seccion_ctd,nombre_requisito,nombre_archivo,version_actual,estatus,area_responsable,cargado_por,fecha_carga,aprobado_por,paginas,tamano_kb,tiene_pdf_demo,escaneado
D00001,TR-2023-001,R001,M1,1.1,Formato de solicitud firmado,TR-2023-001_1.1_formato_de_solicitud_firmado_v1.pdf,1,Aprobado,Asuntos Regulatorios,U05,2023-04-18,U05,2,937,False,False
D00002,TR-2023-001,R002,M1,1.2,Comprobante de pago de derechos,TR-2023-001_1.2_comprobante_de_pago_de_derechos_v1.pdf,1,Aprobado,Asuntos Regulatorios,U02,2023-05-20,U02,33,9341,False,False
D00003,TR-2023-001,R003,M1,1.3.1,Licencia sanitaria del establecimiento fabricante,TR-2023-001_1.3.1_licencia_sanitaria_del_establecimiento_fabricant_v1.pdf,1,Aprobado,Asuntos Regulatorios,U05,2023-05-19,U04,52,6397,False,False
D00004,TR-2023-001,R004,M1,1.3.2,Instrumento que acredita la representación legal,TR-2023-001_1.3.2_instrumento_que_acredita_la_representacion_legal_v1.pdf,1,Aprobado,Asuntos Regulatorios,U05,2023-06-07,U03,45,4918,False,False
D00005,TR-2023-001,R005,M1,1.4.1,Proyecto de etiqueta del envase primario,TR-2023-001_1.4.1_proyecto_de_etiqueta_del_envase_primario_v2.pdf,2,Aprobado,Asuntos Regulatorios,U05,2023-03-25,U04,42,4858,False,False
D00006,TR-2023-001,R006,M1,1.4.1,Proyecto de etiqueta del envase secundario,TR-2023-001_1.4.1_proyecto_de_etiqueta_del_envase_secundario_v2.pdf,2,Aprobado,Asuntos Regulatorios,U05,2023-05-14,U03,6,4462,False,False
D00007,TR-2023-001,R007,M1,1.4.2,Información para prescribir amplia (IPPA),TR-2023-001_1.4.2_informacion_para_prescribir_amplia_ippa_v1.pdf,1,Aprobado,Asuntos Regulatorios,U02,2023-04-14,U03,56,8496,False,False
D00008,TR-2023-001,R008,M1,1.4.2,Información para prescribir reducida (IPPR),TR-2023-001_1.4.2_informacion_para_prescribir_reducida_ippr_v1.pdf,1,Aprobado,Asuntos Regulatorios,U02,2023-04-17,U05,24,8773,False,False
D00009,TR-2023-001,R009,M1,1.5.1,Documento IMPI de titularidad de patentes o licencia de explotación,TR-2023-001_1.5.1_documento_impi_de_titularidad_de_patentes_o_lice_v1.pdf,1,Aprobado,Asuntos Regulatorios,U02,2023-03-28,U02,17,9542,False,False
D00010,TR-2023-001,R010,M1,1.6,Plan de manejo de riesgos (PMR),TR-2023-001_1.6_plan_de_manejo_de_riesgos_pmr_v1.pdf,1,Aprobado,Farmacovigilancia,U13,2023-04-01,U08,25,3405,False,False
D00011,TR-2023-001,R011,M1,1.7.1,Certificado de BPF del medicamento,TR-2023-001_1.7.1_certificado_de_bpf_del_medicamento_v1.pdf,1,Aprobado,Calidad,U08,2023-04-30,U06,56,3133,False,False
D00012,TR-2023-001,R012,M1,1.7.2,Certificado de BPF del fármaco,TR-2023-001_1.7.2_certificado_de_bpf_del_farmaco_v1.pdf,1,Aprobado,Calidad,U06,2023-05-06,U14,14,9441,False,False
D00013,TR-2023-001,R020,M2,2.3,Resumen global de calidad,TR-2023-001_2.3_resumen_global_de_calidad_v1.pdf,1,Aprobado,CMC,U10,2023-03-27,U08,58,5991,False,False
D00014,TR-2023-001,R030,M3,3.2.S.1,Información general del fármaco,TR-2023-001_3.2.S.1_informacion_general_del_farmaco_v1.pdf,1,Aprobado,CMC,U10,2023-04-28,U07,24,2495,False,False
D00015,TR-2023-001,R031,M3,3.2.S.2,Fabricación del fármaco,TR-2023-001_3.2.S.2_fabricacion_del_farmaco_v1.pdf,1,Aprobado,CMC,U09,2023-04-16,U06,54,4295,False,False
D00016,TR-2023-001,R032,M3,3.2.S.4,Certificado de análisis del fármaco,TR-2023-001_3.2.S.4_certificado_de_analisis_del_farmaco_v1.pdf,1,Aprobado,Calidad,U14,2023-04-03,U06,59,9399,False,False
D00017,TR-2023-001,R033,M3,3.2.S.7,Estabilidad del fármaco,TR-2023-001_3.2.S.7_estabilidad_del_farmaco_v1.pdf,1,Aprobado,CMC,U10,2023-04-12,U07,34,8980,False,False
D00018,TR-2023-001,R034,M3,3.2.P.1,Descripción y composición del medicamento,TR-2023-001_3.2.P.1_descripcion_y_composicion_del_medicamento_v1.pdf,1,Aprobado,CMC,U09,2023-04-12,U08,41,5425,False,False
D00019,TR-2023-001,R035,M3,3.2.P.3.5,Validación del proceso de fabricación,TR-2023-001_3.2.P.3.5_validacion_del_proceso_de_fabricacion_v2.pdf,2,Aprobado,Calidad,U08,2023-05-17,U08,40,2075,False,False
D00020,TR-2023-001,R036,M3,3.2.P.3.6,Validación de limpieza,TR-2023-001_3.2.P.3.6_validacion_de_limpieza_v1.pdf,1,Aprobado,Calidad,U14,2023-04-17,U08,24,804,False,False
D00021,TR-2023-001,R037,M3,3.2.P.5,Certificado de análisis del lote del medicamento,TR-2023-001_3.2.P.5_certificado_de_analisis_del_lote_del_medicamento_v1.pdf,1,Aprobado,Calidad,U08,2023-05-04,U14,58,5306,False,False
D00022,TR-2023-001,R038,M3,3.2.P.5.3,Validación de métodos analíticos,TR-2023-001_3.2.P.5.3_validacion_de_metodos_analiticos_v1.pdf,1,Aprobado,Calidad,U07,2023-05-20,U07,13,1750,False,False
D00023,TR-2023-001,R039,M3,3.2.P.7,Sistema contenedor-cierre,TR-2023-001_3.2.P.7_sistema_contenedor_cierre_v1.pdf,1,Aprobado,CMC,U10,2023-05-17,U08,60,4655,False,False
D00024,TR-2023-001,R040,M3,3.2.P.8,Estudio de estabilidad del medicamento,TR-2023-001_3.2.P.8_estudio_de_estabilidad_del_medicamento_v2.pdf,2,Aprobado,CMC,U09,2023-04-18,U06,31,3855,False,False
D00025,TR-2023-001,R060,M5,5.3.1.2,Informe del estudio de bioequivalencia,TR-2023-001_5.3.1.2_informe_del_estudio_de_bioequivalencia_v1.pdf,1,Aprobado,Clínico,U12,2023-05-18,U06,42,6721,False,False
D00026,TR-2023-001,R061,M5,5.3.1.3,Perfiles de disolución comparativos,TR-2023-001_5.3.1.3_perfiles_de_disolucion_comparativos_v1.pdf,1,Aprobado,CMC,U10,2023-04-27,U14,24,8464,False,False
D00027,TR-2023-001,R062,M5,5.3.1.4,Autorización vigente del Tercero Autorizado,TR-2023-001_5.3.1.4_autorizacion_vigente_del_tercero_autorizado_v1.pdf,1,Aprobado,Clínico,U11,2023-04-24,U07,55,4323,False,False
D00028,TR-2023-002,R001,M1,1.1,Formato de solicitud firmado,TR-2023-002_1.1_formato_de_solicitud_firmado_v1.pdf,1,Aprobado,Asuntos Regulatorios,U03,2023-09-11,U02,11,5392,False,False
D00029,TR-2023-002,R002,M1,1.2,Comprobante de pago de derechos,TR-2023-002_1.2_comprobante_de_pago_de_derechos_v1.pdf,1,Aprobado,Asuntos Regulatorios,U02,2023-09-02,U04,12,3634,False,False
D00030,TR-2023-002,R003,M1,1.3.1,Licencia sanitaria del establecimiento fabricante,TR-2023-002_1.3.1_licencia_sanitaria_del_establecimiento_fabricant_v1.pdf,1,Aprobado,Asuntos Regulatorios,U04,2023-08-30,U04,50,4550,False,False
D00031,TR-2023-002,R004,M1,1.3.2,Instrumento que acredita la representación legal,TR-2023-002_1.3.2_instrumento_que_acredita_la_representacion_legal_v1.pdf,1,Aprobado,Asuntos Regulatorios,U04,2023-09-30,U04,18,3292,False,False
D00032,TR-2023-002,R005,M1,1.4.1,Proyecto de etiqueta del envase primario,TR-2023-002_1.4.1_proyecto_de_etiqueta_del_envase_primario_v2.pdf,2,Aprobado,Asuntos Regulatorios,U05,2023-09-27,U03,48,2809,False,False
D00033,TR-2023-002,R006,M1,1.4.1,Proyecto de etiqueta del envase secundario,TR-2023-002_1.4.1_proyecto_de_etiqueta_del_envase_secundario_v4.pdf,4,Aprobado,Asuntos Regulatorios,U04,2023-10-02,U02,21,8241,False,False
D00034,TR-2023-002,R007,M1,1.4.2,Información para prescribir amplia (IPPA),TR-2023-002_1.4.2_informacion_para_prescribir_amplia_ippa_v1.pdf,1,Aprobado,Asuntos Regulatorios,U03,2023-09-30,U02,4,4793,False,False
D00035,TR-2023-002,R008,M1,1.4.2,Información para prescribir reducida (IPPR),TR-2023-002_1.4.2_informacion_para_prescribir_reducida_ippr_v1.pdf,1,Aprobado,Asuntos Regulatorios,U03,2023-09-21,U03,39,1178,False,False
D00036,TR-2023-002,R009,M1,1.5.1,Documento IMPI de titularidad de patentes o licencia de explotación,TR-2023-002_1.5.1_documento_impi_de_titularidad_de_patentes_o_lice_v1.pdf,1,Aprobado,Asuntos Regulatorios,U03,2023-08-31,U04,44,4685,False,False
D00037,TR-2023-002,R010,M1,1.6,Plan de manejo de riesgos (PMR),TR-2023-002_1.6_plan_de_manejo_de_riesgos_pmr_v1.pdf,1,Aprobado,Farmacovigilancia,U13,2023-08-16,U07,47,7008,False,False
D00038,TR-2023-002,R011,M1,1.7.1,Certificado de BPF del medicamento,TR-2023-002_1.7.1_certificado_de_bpf_del_medicamento_v1.pdf,1,Aprobado,Calidad,U14,2023-10-09,U06,51,3830,False,False
D00039,TR-2023-002,R012,M1,1.7.2,Certificado de BPF del fármaco,TR-2023-002_1.7.2_certificado_de_bpf_del_farmaco_v1.pdf,1,Aprobado,Calidad,U06,2023-08-13,U06,40,3189,False,False
D00040,TR-2023-002,R020,M2,2.3,Resumen global de calidad,TR-2023-002_2.3_resumen_global_de_calidad_v1.pdf,1,Aprobado,CMC,U10,2023-10-13,U14,42,7608,False,False
D00041,TR-2023-002,R030,M3,3.2.S.1,Información general del fármaco,TR-2023-002_3.2.S.1_informacion_general_del_farmaco_v1.pdf,1,Aprobado,CMC,U09,2023-10-08,U08,53,1353,False,False
D00042,TR-2023-002,R031,M3,3.2.S.2,Fabricación del fármaco,TR-2023-002_3.2.S.2_fabricacion_del_farmaco_v1.pdf,1,Aprobado,CMC,U10,2023-10-03,U08,59,1762,False,False
D00043,TR-2023-002,R032,M3,3.2.S.4,Certificado de análisis del fármaco,TR-2023-002_3.2.S.4_certificado_de_analisis_del_farmaco_v1.pdf,1,Aprobado,Calidad,U08,2023-09-10,U07,53,2867,False,False
D00044,TR-2023-002,R033,M3,3.2.S.7,Estabilidad del fármaco,TR-2023-002_3.2.S.7_estabilidad_del_farmaco_v1.pdf,1,Aprobado,CMC,U09,2023-10-12,U14,45,5728,False,False
D00045,TR-2023-002,R034,M3,3.2.P.1,Descripción y composición del medicamento,TR-2023-002_3.2.P.1_descripcion_y_composicion_del_medicamento_v1.pdf,1,Aprobado,CMC,U09,2023-08-15,U14,23,484,False,False
D00046,TR-2023-002,R035,M3,3.2.P.3.5,Validación del proceso de fabricación,TR-2023-002_3.2.P.3.5_validacion_del_proceso_de_fabricacion_v1.pdf,1,Aprobado,Calidad,U14,2023-09-16,U06,48,1947,False,False
D00047,TR-2023-002,R036,M3,3.2.P.3.6,Validación de limpieza,TR-2023-002_3.2.P.3.6_validacion_de_limpieza_v1.pdf,1,Aprobado,Calidad,U07,2023-09-17,U08,38,8802,False,False
D00048,TR-2023-002,R037,M3,3.2.P.5,Certificado de análisis del lote del medicamento,TR-2023-002_3.2.P.5_certificado_de_analisis_del_lote_del_medicamento_v1.pdf,1,Aprobado,Calidad,U08,2023-10-08,U14,33,734,False,False
D00049,TR-2023-002,R038,M3,3.2.P.5.3,Validación de métodos analíticos,TR-2023-002_3.2.P.5.3_validacion_de_metodos_analiticos_v1.pdf,1,Aprobado,Calidad,U06,2023-10-01,U06,18,1892,False,False
D00050,TR-2023-002,R039,M3,3.2.P.7,Sistema contenedor-cierre,TR-2023-002_3.2.P.7_sistema_contenedor_cierre_v1.pdf,1,Aprobado,CMC,U10,2023-09-11,U08,52,4745,False,False
D00051,TR-2023-002,R040,M3,3.2.P.8,Estudio de estabilidad del medicamento,TR-2023-002_3.2.P.8_estudio_de_estabilidad_del_medicamento_v3.pdf,3,Aprobado,CMC,U09,2023-10-08,U07,52,6084,False,False
D00052,TR-2023-002,R060,M5,5.3.1.2,Informe del estudio de bioequivalencia,TR-2023-002_5.3.1.2_informe_del_estudio_de_bioequivalencia_v1.pdf,1,Aprobado,Clínico,U12,2023-08-14,U06,56,7046,False,False
D00053,TR-2023-002,R061,M5,5.3.1.3,Perfiles de disolución comparativos,TR-2023-002_5.3.1.3_perfiles_de_disolucion_comparativos_v2.pdf,2,Aprobado,CMC,U09,2023-09-17,U08,22,5846,False,False
D00054,TR-2023-002,R062,M5,5.3.1.4,Autorización vigente del Tercero Autorizado,TR-2023-002_5.3.1.4_autorizacion_vigente_del_tercero_autorizado_v1.pdf,1,Aprobado,Clínico,U11,2023-09-29,U14,36,3093,False,False
D00055,TR-2023-003,R001,M1,1.1,Formato de solicitud firmado,TR-2023-003_1.1_formato_de_solicitud_firmado_v1.pdf,1,Aprobado,Asuntos Regulatorios,U04,2023-08-16,U04,57,6471,False,False
D00056,TR-2023-003,R002,M1,1.2,Comprobante de pago de derechos,TR-2023-003_1.2_comprobante_de_pago_de_derechos_v1.pdf,1,Aprobado,Asuntos Regulatorios,U05,2023-10-12,U05,9,3152,False,False
D00057,TR-2023-003,R015,M1,1.10,Justificación técnica de la modificación,TR-2023-003_1.10_justificacion_tecnica_de_la_modificacion_v1.pdf,1,Aprobado,Asuntos Regulatorios,U04,2023-08-28,U04,55,7811,False,False
D00058,TR-2023-003,R032,M3,3.2.S.4,Certificado de análisis del fármaco,TR-2023-003_3.2.S.4_certificado_de_analisis_del_farmaco_v1.pdf,1,Aprobado,Calidad,U14,2023-09-16,U14,22,4894,False,False
D00059,TR-2023-003,R035,M3,3.2.P.3.5,Validación del proceso de fabricación,TR-2023-003_3.2.P.3.5_validacion_del_proceso_de_fabricacion_v1.pdf,1,Aprobado,Calidad,U08,2023-09-27,U14,12,750,False,False
D00060,TR-2023-003,R040,M3,3.2.P.8,Estudio de estabilidad del medicamento,TR-2023-003_3.2.P.8_estudio_de_estabilidad_del_medicamento_v1.pdf,1,Aprobado,CMC,U10,2023-10-07,U07,59,9542,False,False
D00061,TR-2023-003,R038,M3,3.2.P.5.3,Validación de métodos analíticos,TR-2023-003_3.2.P.5.3_validacion_de_metodos_analiticos_v1.pdf,1,Aprobado,Calidad,U14,2023-10-11,U14,6,6156,False,False
D00062,TR-2023-003,R061,M5,5.3.1.3,Perfiles de disolución comparativos,TR-2023-003_5.3.1.3_perfiles_de_disolucion_comparativos_v1.pdf,1,Aprobado,CMC,U09,2023-09-03,U06,20,867,False,False
D00063,TR-2023-003,R006,M1,1.4.1,Proyecto de etiqueta del envase secundario,TR-2023-003_1.4.1_proyecto_de_etiqueta_del_envase_secundario_v1.pdf,1,Aprobado,Asuntos Regulatorios,U04,2023-09-24,U05,49,1114,False,False
D00064,TR-2023-004,R001,M1,1.1,Formato de solicitud firmado,TR-2023-004_1.1_formato_de_solicitud_firmado_v1.pdf,1,Aprobado,Asuntos Regulatorios,U05,2023-08-19,U05,9,828,False,False
D00065,TR-2023-004,R002,M1,1.2,Comprobante de pago de derechos,TR-2023-004_1.2_comprobante_de_pago_de_derechos_v1.pdf,1,Aprobado,Asuntos Regulatorios,U03,2023-09-14,U04,17,2856,False,False
D00066,TR-2023-004,R015,M1,1.10,Justificación técnica de la modificación,TR-2023-004_1.10_justificacion_tecnica_de_la_modificacion_v1.pdf,1,Aprobado,Asuntos Regulatorios,U03,2023-09-01,U04,50,989,False,False
D00067,TR-2023-004,R061,M5,5.3.1.3,Perfiles de disolución comparativos,TR-2023-004_5.3.1.3_perfiles_de_disolucion_comparativos_v2.pdf,2,Aprobado,CMC,U10,2023-09-02,U06,42,9328,False,False
D00068,TR-2023-004,R005,M1,1.4.1,Proyecto de etiqueta del envase primario,TR-2023-004_1.4.1_proyecto_de_etiqueta_del_envase_primario_v3.pdf,3,Aprobado,Asuntos Regulatorios,U04,2023-08-10,U02,18,1377,False,False
D00069,TR-2023-005,R001,M1,1.1,Formato de solicitud firmado,TR-2023-005_1.1_formato_de_solicitud_firmado_v1.pdf,1,Aprobado,Asuntos Regulatorios,U05,2023-09-21,U05,47,7075,False,False
D00070,TR-2023-005,R002,M1,1.2,Comprobante de pago de derechos,TR-2023-005_1.2_comprobante_de_pago_de_derechos_v2.pdf,2,Aprobado,Asuntos Regulatorios,U05,2023-09-22,U02,56,5003,False,False
D00071,TR-2023-005,R003,M1,1.3.1,Licencia sanitaria del establecimiento fabricante,TR-2023-005_1.3.1_licencia_sanitaria_del_establecimiento_fabricant_v1.pdf,1,Aprobado,Asuntos Regulatorios,U02,2023-11-17,U04,11,7927,False,False
D00072,TR-2023-005,R004,M1,1.3.2,Instrumento que acredita la representación legal,TR-2023-005_1.3.2_instrumento_que_acredita_la_representacion_legal_v2.pdf,2,Aprobado,Asuntos Regulatorios,U02,2023-10-01,U05,24,3394,False,False
D00073,TR-2023-005,R005,M1,1.4.1,Proyecto de etiqueta del envase primario,TR-2023-005_1.4.1_proyecto_de_etiqueta_del_envase_primario_v1.pdf,1,Aprobado,Asuntos Regulatorios,U05,2023-09-21,U05,13,6505,False,False
D00074,TR-2023-005,R006,M1,1.4.1,Proyecto de etiqueta del envase secundario,TR-2023-005_1.4.1_proyecto_de_etiqueta_del_envase_secundario_v3.pdf,3,Aprobado,Asuntos Regulatorios,U02,2023-11-15,U04,7,4438,False,False
D00075,TR-2023-005,R007,M1,1.4.2,Información para prescribir amplia (IPPA),TR-2023-005_1.4.2_informacion_para_prescribir_amplia_ippa_v2.pdf,2,Aprobado,Asuntos Regulatorios,U03,2023-10-06,U02,28,6808,False,False
D00076,TR-2023-005,R008,M1,1.4.2,Información para prescribir reducida (IPPR),TR-2023-005_1.4.2_informacion_para_prescribir_reducida_ippr_v1.pdf,1,Aprobado,Asuntos Regulatorios,U04,2023-11-15,U02,56,2539,False,False
D00077,TR-2023-005,R010,M1,1.6,Plan de manejo de riesgos (PMR),TR-2023-005_1.6_plan_de_manejo_de_riesgos_pmr_v1.pdf,1,Aprobado,Farmacovigilancia,U13,2023-11-04,U14,45,683,False,False
D00078,TR-2023-005,R011,M1,1.7.1,Certificado de BPF del medicamento,TR-2023-005_1.7.1_certificado_de_bpf_del_medicamento_v1.pdf,1,Aprobado,Calidad,U14,2023-10-08,U14,27,656,False,False
D00079,TR-2023-005,R014,M1,1.9,Informe periódico de seguridad,TR-2023-005_1.9_informe_periodico_de_seguridad_v1.pdf,1,Aprobado,Farmacovigilancia,U13,2023-10-31,U07,26,6263,False,False
D00080,TR-2023-005,R020,M2,2.3,Resumen global de calidad,TR-2023-005_2.3_resumen_global_de_calidad_v1.pdf,1,Aprobado,CMC,U10,2023-11-05,U07,42,2154,False,False
D00081,TR-2023-005,R021,M2,2.4,Resumen no clínico,TR-2023-005_2.4_resumen_no_clinico_v1.pdf,1,Aprobado,Clínico,U11,2023-09-05,U14,22,5616,False,False
D00082,TR-2023-005,R022,M2,2.5,Resumen clínico,TR-2023-005_2.5_resumen_clinico_v1.pdf,1,Aprobado,Clínico,U12,2023-10-28,U07,16,8480,False,False
D00083,TR-2023-005,R030,M3,3.2.S.1,Información general del fármaco,TR-2023-005_3.2.S.1_informacion_general_del_farmaco_v1.pdf,1,Aprobado,CMC,U10,2023-09-11,U14,37,2248,False,False
D00084,TR-2023-005,R031,M3,3.2.S.2,Fabricación del fármaco,TR-2023-005_3.2.S.2_fabricacion_del_farmaco_v1.pdf,1,Aprobado,CMC,U09,2023-09-06,U08,53,7671,False,False
D00085,TR-2023-005,R032,M3,3.2.S.4,Certificado de análisis del fármaco,TR-2023-005_3.2.S.4_certificado_de_analisis_del_farmaco_v1.pdf,1,Aprobado,Calidad,U06,2023-10-02,U14,60,6483,False,False
D00086,TR-2023-005,R034,M3,3.2.P.1,Descripción y composición del medicamento,TR-2023-005_3.2.P.1_descripcion_y_composicion_del_medicamento_v1.pdf,1,Aprobado,CMC,U09,2023-10-13,U14,42,784,False,False
D00087,TR-2023-005,R035,M3,3.2.P.3.5,Validación del proceso de fabricación,TR-2023-005_3.2.P.3.5_validacion_del_proceso_de_fabricacion_v1.pdf,1,Aprobado,Calidad,U06,2023-10-24,U07,9,1274,False,False
D00088,TR-2023-005,R036,M3,3.2.P.3.6,Validación de limpieza,TR-2023-005_3.2.P.3.6_validacion_de_limpieza_v1.pdf,1,Aprobado,Calidad,U14,2023-09-09,U14,60,4495,False,False
D00089,TR-2023-005,R037,M3,3.2.P.5,Certificado de análisis del lote del medicamento,TR-2023-005_3.2.P.5_certificado_de_analisis_del_lote_del_medicamento_v1.pdf,1,Aprobado,Calidad,U14,2023-10-02,U07,2,2986,False,False
D00090,TR-2023-005,R038,M3,3.2.P.5.3,Validación de métodos analíticos,TR-2023-005_3.2.P.5.3_validacion_de_metodos_analiticos_v1.pdf,1,Aprobado,Calidad,U08,2023-10-03,U06,29,856,False,False
D00091,TR-2023-005,R039,M3,3.2.P.7,Sistema contenedor-cierre,TR-2023-005_3.2.P.7_sistema_contenedor_cierre_v1.pdf,1,Aprobado,CMC,U09,2023-09-28,U14,25,4849,False,False
D00092,TR-2023-005,R040,M3,3.2.P.8,Estudio de estabilidad del medicamento,TR-2023-005_3.2.P.8_estudio_de_estabilidad_del_medicamento_v1.pdf,1,Aprobado,CMC,U09,2023-10-20,U07,36,4638,False,False
D00093,TR-2023-005,R041,M3,3.2.R.1,Programa de aseguramiento de calidad del producto biotecnológico,TR-2023-005_3.2.R.1_programa_de_aseguramiento_de_calidad_del_product_v1.pdf,1,Aprobado,Calidad,U14,2023-11-13,U14,31,878,False,False
D00094,TR-2023-005,R042,M3,3.2.R.2,Caracterización fisicoquímica y biológica comparativa,TR-2023-005_3.2.R.2_caracterizacion_fisicoquimica_y_biologica_compar_v1.pdf,1,Aprobado,CMC,U09,2023-11-05,U14,10,4307,False,False
D00095,TR-2023-005,R050,M4,4.2,Estudios no clínicos (farmacología y toxicología),TR-2023-005_4.2_estudios_no_clinicos_farmacologia_y_toxicologia_v1.pdf,1,Aprobado,Clínico,U11,2023-10-08,U08,54,6486,False,False
D00096,TR-2023-005,R063,M5,5.3.5.1,Estudio clínico de biocomparabilidad,TR-2023-005_5.3.5.1_estudio_clinico_de_biocomparabilidad_v1.pdf,1,Aprobado,Clínico,U12,2023-10-16,U08,32,1992,False,False
D00097,TR-2023-005,R065,M5,5.3.5.3,Autorización del protocolo y dictamen del comité de ética,TR-2023-005_5.3.5.3_autorizacion_del_protocolo_y_dictamen_del_comite_v1.pdf,1,Aprobado,Clínico,U12,2023-11-03,U08,12,2103,False,False
D00098,TR-2023-005,R066,M5,5.4,Opinión del Comité de Moléculas Nuevas / SEPB,TR-2023-005_5.4_opinion_del_comite_de_moleculas_nuevas_sepb_v1.pdf,1,Aprobado,Asuntos Regulatorios,U03,2023-11-09,U04,51,6678,False,False
D00099,TR-2023-006,R001,M1,1.1,Formato de solicitud firmado,TR-2023-006_1.1_formato_de_solicitud_firmado_v1.pdf,1,Aprobado,Asuntos Regulatorios,U04,2023-09-30,U04,20,4782,False,False
D00100,TR-2023-006,R002,M1,1.2,Comprobante de pago de derechos,TR-2023-006_1.2_comprobante_de_pago_de_derechos_v1.pdf,1,Aprobado,Asuntos Regulatorios,U02,2023-10-23,U05,5,984,False,False
D00101,TR-2023-006,R015,M1,1.10,Justificación técnica de la modificación,TR-2023-006_1.10_justificacion_tecnica_de_la_modificacion_v1.pdf,1,Aprobado,Asuntos Regulatorios,U03,2023-09-17,U03,20,319,False,False
D00102,TR-2023-006,R035,M3,3.2.P.3.5,Validación del proceso de fabricación,TR-2023-006_3.2.P.3.5_validacion_del_proceso_de_fabricacion_v1.pdf,1,Aprobado,Calidad,U14,2023-09-23,U07,46,148,False,False
D00103,TR-2023-006,R032,M3,3.2.S.4,Certificado de análisis del fármaco,TR-2023-006_3.2.S.4_certificado_de_analisis_del_farmaco_v1.pdf,1,Aprobado,Calidad,U06,2023-08-28,U06,46,2906,False,False
D00104,TR-2023-006,R039,M3,3.2.P.7,Sistema contenedor-cierre,TR-2023-006_3.2.P.7_sistema_contenedor_cierre_v1.pdf,1,Aprobado,CMC,U09,2023-10-12,U07,35,1095,False,False
D00105,TR-2023-006,R038,M3,3.2.P.5.3,Validación de métodos analíticos,TR-2023-006_3.2.P.5.3_validacion_de_metodos_analiticos_v1.pdf,1,Aprobado,Calidad,U08,2023-11-14,U08,6,6102,False,False
D00106,TR-2023-006,R006,M1,1.4.1,Proyecto de etiqueta del envase secundario,TR-2023-006_1.4.1_proyecto_de_etiqueta_del_envase_secundario_v1.pdf,1,Aprobado,Asuntos Regulatorios,U03,2023-08-23,U02,16,6927,False,False
D00107,TR-2023-007,R001,M1,1.1,Formato de solicitud firmado,TR-2023-007_1.1_formato_de_solicitud_firmado_v1.pdf,1,Aprobado,Asuntos Regulatorios,U03,2023-11-09,U03,14,4231,False,False
D00108,TR-2023-007,R002,M1,1.2,Comprobante de pago de derechos,TR-2023-007_1.2_comprobante_de_pago_de_derechos_v1.pdf,1,Aprobado,Asuntos Regulatorios,U02,2023-10-20,U02,13,1448,False,False
D00109,TR-2023-007,R003,M1,1.3.1,Licencia sanitaria del establecimiento fabricante,TR-2023-007_1.3.1_licencia_sanitaria_del_establecimiento_fabricant_v1.pdf,1,Aprobado,Asuntos Regulatorios,U05,2023-09-19,U03,32,1735,False,False
D00110,TR-2023-007,R004,M1,1.3.2,Instrumento que acredita la representación legal,TR-2023-007_1.3.2_instrumento_que_acredita_la_representacion_legal_v1.pdf,1,Aprobado,Asuntos Regulatorios,U05,2023-11-24,U02,7,8695,False,False
D00111,TR-2023-007,R005,M1,1.4.1,Proyecto de etiqueta del envase primario,TR-2023-007_1.4.1_proyecto_de_etiqueta_del_envase_primario_v2.pdf,2,Aprobado,Asuntos Regulatorios,U04,2023-09-29,U03,35,212,False,False
D00112,TR-2023-007,R006,M1,1.4.1,Proyecto de etiqueta del envase secundario,TR-2023-007_1.4.1_proyecto_de_etiqueta_del_envase_secundario_v2.pdf,2,Aprobado,Asuntos Regulatorios,U03,2023-10-24,U02,60,7690,False,False
D00113,TR-2023-007,R007,M1,1.4.2,Información para prescribir amplia (IPPA),TR-2023-007_1.4.2_informacion_para_prescribir_amplia_ippa_v1.pdf,1,Aprobado,Asuntos Regulatorios,U04,2023-09-29,U03,11,2572,False,False
D00114,TR-2023-007,R008,M1,1.4.2,Información para prescribir reducida (IPPR),TR-2023-007_1.4.2_informacion_para_prescribir_reducida_ippr_v1.pdf,1,Aprobado,Asuntos Regulatorios,U02,2023-08-20,U04,41,5982,False,False
D00115,TR-2023-007,R009,M1,1.5.1,Documento IMPI de titularidad de patentes o licencia de explotación,TR-2023-007_1.5.1_documento_impi_de_titularidad_de_patentes_o_lice_v1.pdf,1,Aprobado,Asuntos Regulatorios,U04,2023-10-22,U05,49,6072,False,False
D00116,TR-2023-007,R010,M1,1.6,Plan de manejo de riesgos (PMR),TR-2023-007_1.6_plan_de_manejo_de_riesgos_pmr_v1.pdf,1,Aprobado,Farmacovigilancia,U13,2023-10-21,U14,25,1940,False,False
D00117,TR-2023-007,R011,M1,1.7.1,Certificado de BPF del medicamento,TR-2023-007_1.7.1_certificado_de_bpf_del_medicamento_v1.pdf,1,Aprobado,Calidad,U14,2023-10-08,U07,32,5212,False,False
D00118,TR-2023-007,R012,M1,1.7.2,Certificado de BPF del fármaco,TR-2023-007_1.7.2_certificado_de_bpf_del_farmaco_v1.pdf,1,Aprobado,Calidad,U08,2023-11-04,U14,15,7263,False,False
D00119,TR-2023-007,R020,M2,2.3,Resumen global de calidad,TR-2023-007_2.3_resumen_global_de_calidad_v1.pdf,1,Aprobado,CMC,U10,2023-11-17,U08,49,4006,False,False
D00120,TR-2023-007,R030,M3,3.2.S.1,Información general del fármaco,TR-2023-007_3.2.S.1_informacion_general_del_farmaco_v1.pdf,1,Aprobado,CMC,U10,2023-09-08,U14,23,2931,False,False
D00121,TR-2023-007,R031,M3,3.2.S.2,Fabricación del fármaco,TR-2023-007_3.2.S.2_fabricacion_del_farmaco_v1.pdf,1,Aprobado,CMC,U09,2023-09-25,U07,12,6496,False,False
D00122,TR-2023-007,R032,M3,3.2.S.4,Certificado de análisis del fármaco,TR-2023-007_3.2.S.4_certificado_de_analisis_del_farmaco_v1.pdf,1,Aprobado,Calidad,U06,2023-10-06,U06,42,3627,False,False
D00123,TR-2023-007,R033,M3,3.2.S.7,Estabilidad del fármaco,TR-2023-007_3.2.S.7_estabilidad_del_farmaco_v1.pdf,1,Aprobado,CMC,U10,2023-10-29,U08,22,2510,False,False
D00124,TR-2023-007,R034,M3,3.2.P.1,Descripción y composición del medicamento,TR-2023-007_3.2.P.1_descripcion_y_composicion_del_medicamento_v1.pdf,1,Aprobado,CMC,U10,2023-09-15,U14,34,1909,False,False
D00125,TR-2023-007,R035,M3,3.2.P.3.5,Validación del proceso de fabricación,TR-2023-007_3.2.P.3.5_validacion_del_proceso_de_fabricacion_v2.pdf,2,Aprobado,Calidad,U08,2023-11-18,U08,24,5217,False,False
D00126,TR-2023-007,R036,M3,3.2.P.3.6,Validación de limpieza,TR-2023-007_3.2.P.3.6_validacion_de_limpieza_v1.pdf,1,Aprobado,Calidad,U07,2023-10-22,U14,56,2450,False,False
D00127,TR-2023-007,R037,M3,3.2.P.5,Certificado de análisis del lote del medicamento,TR-2023-007_3.2.P.5_certificado_de_analisis_del_lote_del_medicamento_v1.pdf,1,Aprobado,Calidad,U07,2023-08-18,U08,20,2035,False,False
D00128,TR-2023-007,R038,M3,3.2.P.5.3,Validación de métodos analíticos,TR-2023-007_3.2.P.5.3_validacion_de_metodos_analiticos_v1.pdf,1,Aprobado,Calidad,U14,2023-10-28,U14,52,1301,False,False
D00129,TR-2023-007,R039,M3,3.2.P.7,Sistema contenedor-cierre,TR-2023-007_3.2.P.7_sistema_contenedor_cierre_v2.pdf,2,Aprobado,CMC,U10,2023-08-21,U14,4,1139,False,False
D00130,TR-2023-007,R040,M3,3.2.P.8,Estudio de estabilidad del medicamento,TR-2023-007_3.2.P.8_estudio_de_estabilidad_del_medicamento_v1.pdf,1,Aprobado,CMC,U09,2023-11-20,U14,44,3528,False,False
D00131,TR-2023-007,R060,M5,5.3.1.2,Informe del estudio de bioequivalencia,TR-2023-007_5.3.1.2_informe_del_estudio_de_bioequivalencia_v1.pdf,1,Aprobado,Clínico,U11,2023-11-06,U07,52,1563,False,False
D00132,TR-2023-007,R061,M5,5.3.1.3,Perfiles de disolución comparativos,TR-2023-007_5.3.1.3_perfiles_de_disolucion_comparativos_v1.pdf,1,Aprobado,CMC,U10,2023-08-31,U06,27,7122,False,False
D00133,TR-2023-007,R062,M5,5.3.1.4,Autorización vigente del Tercero Autorizado,TR-2023-007_5.3.1.4_autorizacion_vigente_del_tercero_autorizado_v1.pdf,1,Aprobado,Clínico,U12,2023-09-06,U14,52,2673,False,False
D00134,TR-2023-008,R001,M1,1.1,Formato de solicitud firmado,TR-2023-008_1.1_formato_de_solicitud_firmado_v1.pdf,1,Aprobado,Asuntos Regulatorios,U04,2023-10-04,U04,24,323,False,False
D00135,TR-2023-008,R002,M1,1.2,Comprobante de pago de derechos,TR-2023-008_1.2_comprobante_de_pago_de_derechos_v2.pdf,2,Aprobado,Asuntos Regulatorios,U05,2023-11-24,U05,31,7371,False,False
D00136,TR-2023-008,R015,M1,1.10,Justificación técnica de la modificación,TR-2023-008_1.10_justificacion_tecnica_de_la_modificacion_v2.pdf,2,Aprobado,Asuntos Regulatorios,U04,2023-10-09,U02,41,872,False,False
D00137,TR-2023-008,R061,M5,5.3.1.3,Perfiles de disolución comparativos,TR-2023-008_5.3.1.3_perfiles_de_disolucion_comparativos_v2.pdf,2,Aprobado,CMC,U09,2023-10-21,U14,36,5183,False,False
D00138,TR-2023-008,R035,M3,3.2.P.3.5,Validación del proceso de fabricación,TR-2023-008_3.2.P.3.5_validacion_del_proceso_de_fabricacion_v2.pdf,2,Aprobado,Calidad,U14,2023-11-09,U06,28,3115,False,False
D00139,TR-2023-008,R038,M3,3.2.P.5.3,Validación de métodos analíticos,TR-2023-008_3.2.P.5.3_validacion_de_metodos_analiticos_v2.pdf,2,Aprobado,Calidad,U08,2023-10-31,U08,15,5835,False,False
D00140,TR-2023-009,R001,M1,1.1,Formato de solicitud firmado,TR-2023-009_1.1_formato_de_solicitud_firmado_v1.pdf,1,Aprobado,Asuntos Regulatorios,U02,2023-10-15,U05,56,6400,False,False
D00141,TR-2023-009,R002,M1,1.2,Comprobante de pago de derechos,TR-2023-009_1.2_comprobante_de_pago_de_derechos_v1.pdf,1,Aprobado,Asuntos Regulatorios,U05,2023-10-31,U02,27,492,False,False
D00142,TR-2023-009,R015,M1,1.10,Justificación técnica de la modificación,TR-2023-009_1.10_justificacion_tecnica_de_la_modificacion_v1.pdf,1,Aprobado,Asuntos Regulatorios,U05,2023-11-06,U02,25,5469,False,False
D00143,TR-2023-009,R039,M3,3.2.P.7,Sistema contenedor-cierre,TR-2023-009_3.2.P.7_sistema_contenedor_cierre_v1.pdf,1,Aprobado,CMC,U09,2023-10-27,U08,7,4433,False,False
D00144,TR-2023-009,R038,M3,3.2.P.5.3,Validación de métodos analíticos,TR-2023-009_3.2.P.5.3_validacion_de_metodos_analiticos_v1.pdf,1,Aprobado,Calidad,U07,2023-10-14,U14,23,7787,False,False
D00145,TR-2023-009,R005,M1,1.4.1,Proyecto de etiqueta del envase primario,TR-2023-009_1.4.1_proyecto_de_etiqueta_del_envase_primario_v1.pdf,1,Aprobado,Asuntos Regulatorios,U03,2023-10-24,U03,45,6873,False,False
D00146,TR-2023-009,R040,M3,3.2.P.8,Estudio de estabilidad del medicamento,TR-2023-009_3.2.P.8_estudio_de_estabilidad_del_medicamento_v1.pdf,1,Aprobado,CMC,U10,2023-10-18,U06,40,3852,False,False
D00147,TR-2023-009,R061,M5,5.3.1.3,Perfiles de disolución comparativos,TR-2023-009_5.3.1.3_perfiles_de_disolucion_comparativos_v1.pdf,1,Aprobado,CMC,U10,2023-10-28,U07,4,5898,False,False
D00148,TR-2023-009,R032,M3,3.2.S.4,Certificado de análisis del fármaco,TR-2023-009_3.2.S.4_certificado_de_analisis_del_farmaco_v1.pdf,1,Aprobado,Calidad,U07,2023-10-15,U08,33,1072,False,False
D00149,TR-2023-010,R001,M1,1.1,Formato de solicitud firmado,TR-2023-010_1.1_formato_de_solicitud_firmado_v1.pdf,1,Aprobado,Asuntos Regulatorios,U02,2023-10-27,U03,44,4145,False,False
D00150,TR-2023-010,R002,M1,1.2,Comprobante de pago de derechos,TR-2023-010_1.2_comprobante_de_pago_de_derechos_v1.pdf,1,Aprobado,Asuntos Regulatorios,U03,2023-11-26,U04,44,8156,False,False
D00151,TR-2023-010,R015,M1,1.10,Justificación técnica de la modificación,TR-2023-010_1.10_justificacion_tecnica_de_la_modificacion_v1.pdf,1,Aprobado,Asuntos Regulatorios,U02,2023-11-13,U04,29,9560,False,False
D00152,TR-2023-010,R039,M3,3.2.P.7,Sistema contenedor-cierre,TR-2023-010_3.2.P.7_sistema_contenedor_cierre_v1.pdf,1,Aprobado,CMC,U09,2023-10-29,U06,44,3907,False,False
D00153,TR-2023-010,R005,M1,1.4.1,Proyecto de etiqueta del envase primario,TR-2023-010_1.4.1_proyecto_de_etiqueta_del_envase_primario_v1.pdf,1,Aprobado,Asuntos Regulatorios,U03,2023-11-11,U05,44,2586,False,False
D00154,TR-2023-010,R035,M3,3.2.P.3.5,Validación del proceso de fabricación,TR-2023-010_3.2.P.3.5_validacion_del_proceso_de_fabricacion_v1.pdf,1,Aprobado,Calidad,U08,2023-12-09,U07,17,4663,False,False
D00155,TR-2023-010,R038,M3,3.2.P.5.3,Validación de métodos analíticos,TR-2023-010_3.2.P.5.3_validacion_de_metodos_analiticos_v1.pdf,1,Aprobado,Calidad,U14,2023-12-03,U07,55,8266,False,False
D00156,TR-2023-011,R001,M1,1.1,Formato de solicitud firmado,TR-2023-011_1.1_formato_de_solicitud_firmado_v1.pdf,1,Aprobado,Asuntos Regulatorios,U02,2023-10-17,U03,39,8288,False,False
D00157,TR-2023-011,R002,M1,1.2,Comprobante de pago de derechos,TR-2023-011_1.2_comprobante_de_pago_de_derechos_v1.pdf,1,Aprobado,Asuntos Regulatorios,U03,2023-10-22,U03,25,7444,False,False
D00158,TR-2023-011,R004,M1,1.3.2,Instrumento que acredita la representación legal,TR-2023-011_1.3.2_instrumento_que_acredita_la_representacion_legal_v1.pdf,1,Aprobado,Asuntos Regulatorios,U05,2023-11-29,U03,39,8758,False,False
D00159,TR-2023-011,R005,M1,1.4.1,Proyecto de etiqueta del envase primario,TR-2023-011_1.4.1_proyecto_de_etiqueta_del_envase_primario_v1.pdf,1,Aprobado,Asuntos Regulatorios,U04,2023-12-05,U04,43,9046,False,False
D00160,TR-2023-011,R006,M1,1.4.1,Proyecto de etiqueta del envase secundario,TR-2023-011_1.4.1_proyecto_de_etiqueta_del_envase_secundario_v1.pdf,1,Aprobado,Asuntos Regulatorios,U04,2023-12-11,U03,27,3791,False,False
D00161,TR-2023-011,R010,M1,1.6,Plan de manejo de riesgos (PMR),TR-2023-011_1.6_plan_de_manejo_de_riesgos_pmr_v1.pdf,1,Aprobado,Farmacovigilancia,U13,2023-10-05,U14,56,8532,False,False
D00162,TR-2023-011,R011,M1,1.7.1,Certificado de BPF del medicamento,TR-2023-011_1.7.1_certificado_de_bpf_del_medicamento_v1.pdf,1,Aprobado,Calidad,U08,2023-11-02,U06,56,3061,False,False
D00163,TR-2023-011,R012,M1,1.7.2,Certificado de BPF del fármaco,TR-2023-011_1.7.2_certificado_de_bpf_del_farmaco_v1.pdf,1,Aprobado,Calidad,U07,2023-10-31,U08,23,4684,False,False
D00164,TR-2023-011,R013,M1,1.8,Registro sanitario vigente y modificaciones autorizadas,TR-2023-011_1.8_registro_sanitario_vigente_y_modificaciones_auto_v1.pdf,1,Aprobado,Asuntos Regulatorios,U05,2023-10-24,U05,10,3103,False,False
D00165,TR-2023-011,R014,M1,1.9,Informe periódico de seguridad,TR-2023-011_1.9_informe_periodico_de_seguridad_v1.pdf,1,Aprobado,Farmacovigilancia,U13,2023-11-17,U08,55,7858,False,False
D00166,TR-2023-011,R037,M3,3.2.P.5,Certificado de análisis del lote del medicamento,TR-2023-011_3.2.P.5_certificado_de_analisis_del_lote_del_medicamento_v1.pdf,1,Aprobado,Calidad,U14,2023-11-10,U08,43,8270,False,False
D00167,TR-2024-001,R001,M1,1.1,Formato de solicitud firmado,TR-2024-001_1.1_formato_de_solicitud_firmado_v1.pdf,1,Aprobado,Asuntos Regulatorios,U04,2023-11-20,U02,10,4358,False,False
D00168,TR-2024-001,R002,M1,1.2,Comprobante de pago de derechos,TR-2024-001_1.2_comprobante_de_pago_de_derechos_v1.pdf,1,Aprobado,Asuntos Regulatorios,U03,2023-11-18,U05,50,6013,False,False
D00169,TR-2024-001,R015,M1,1.10,Justificación técnica de la modificación,TR-2024-001_1.10_justificacion_tecnica_de_la_modificacion_v1.pdf,1,Aprobado,Asuntos Regulatorios,U03,2023-12-21,U03,9,4196,False,False
D00170,TR-2024-001,R038,M3,3.2.P.5.3,Validación de métodos analíticos,TR-2024-001_3.2.P.5.3_validacion_de_metodos_analiticos_v1.pdf,1,Aprobado,Calidad,U07,2023-09-16,U14,36,9026,False,False
D00171,TR-2024-001,R035,M3,3.2.P.3.5,Validación del proceso de fabricación,TR-2024-001_3.2.P.3.5_validacion_del_proceso_de_fabricacion_v1.pdf,1,Aprobado,Calidad,U14,2023-09-25,U06,48,9720,False,False
D00172,TR-2024-001,R032,M3,3.2.S.4,Certificado de análisis del fármaco,TR-2024-001_3.2.S.4_certificado_de_analisis_del_farmaco_v1.pdf,1,Aprobado,Calidad,U08,2023-12-02,U08,58,7052,False,False
D00173,TR-2024-001,R040,M3,3.2.P.8,Estudio de estabilidad del medicamento,TR-2024-001_3.2.P.8_estudio_de_estabilidad_del_medicamento_v1.pdf,1,Aprobado,CMC,U09,2023-12-01,U06,58,1717,False,False
D00174,TR-2024-001,R005,M1,1.4.1,Proyecto de etiqueta del envase primario,TR-2024-001_1.4.1_proyecto_de_etiqueta_del_envase_primario_v1.pdf,1,Aprobado,Asuntos Regulatorios,U04,2023-12-16,U05,10,6688,False,False
D00175,TR-2024-002,R001,M1,1.1,Formato de solicitud firmado,TR-2024-002_1.1_formato_de_solicitud_firmado_v1.pdf,1,Aprobado,Asuntos Regulatorios,U02,2023-12-01,U05,26,7443,False,False
D00176,TR-2024-002,R002,M1,1.2,Comprobante de pago de derechos,TR-2024-002_1.2_comprobante_de_pago_de_derechos_v1.pdf,1,Aprobado,Asuntos Regulatorios,U03,2023-11-03,U03,48,7474,False,False
D00177,TR-2024-002,R015,M1,1.10,Justificación técnica de la modificación,TR-2024-002_1.10_justificacion_tecnica_de_la_modificacion_v1.pdf,1,Aprobado,Asuntos Regulatorios,U05,2023-11-24,U05,14,2565,False,False
D00178,TR-2024-002,R005,M1,1.4.1,Proyecto de etiqueta del envase primario,TR-2024-002_1.4.1_proyecto_de_etiqueta_del_envase_primario_v1.pdf,1,Aprobado,Asuntos Regulatorios,U03,2023-12-01,U05,56,6345,False,False
D00179,TR-2024-002,R035,M3,3.2.P.3.5,Validación del proceso de fabricación,TR-2024-002_3.2.P.3.5_validacion_del_proceso_de_fabricacion_v1.pdf,1,Aprobado,Calidad,U07,2023-12-16,U07,6,6262,False,False
D00180,TR-2024-002,R061,M5,5.3.1.3,Perfiles de disolución comparativos,TR-2024-002_5.3.1.3_perfiles_de_disolucion_comparativos_v1.pdf,1,Aprobado,CMC,U10,2023-10-20,U14,46,4383,False,False
D00181,TR-2024-002,R006,M1,1.4.1,Proyecto de etiqueta del envase secundario,TR-2024-002_1.4.1_proyecto_de_etiqueta_del_envase_secundario_v1.pdf,1,Aprobado,Asuntos Regulatorios,U05,2023-11-11,U05,21,7919,False,False
D00182,TR-2024-002,R039,M3,3.2.P.7,Sistema contenedor-cierre,TR-2024-002_3.2.P.7_sistema_contenedor_cierre_v1.pdf,1,Aprobado,CMC,U10,2023-12-20,U07,60,8210,False,False
D00183,TR-2024-002,R038,M3,3.2.P.5.3,Validación de métodos analíticos,TR-2024-002_3.2.P.5.3_validacion_de_metodos_analiticos_v1.pdf,1,Aprobado,Calidad,U14,2023-12-07,U08,17,9680,False,False
D00184,TR-2024-003,R001,M1,1.1,Formato de solicitud firmado,TR-2024-003_1.1_formato_de_solicitud_firmado_v1.pdf,1,Aprobado,Asuntos Regulatorios,U02,2023-11-28,U04,59,3481,False,False
D00185,TR-2024-003,R002,M1,1.2,Comprobante de pago de derechos,TR-2024-003_1.2_comprobante_de_pago_de_derechos_v1.pdf,1,Aprobado,Asuntos Regulatorios,U02,2023-11-29,U05,17,1959,False,False
D00186,TR-2024-003,R015,M1,1.10,Justificación técnica de la modificación,TR-2024-003_1.10_justificacion_tecnica_de_la_modificacion_v1.pdf,1,Aprobado,Asuntos Regulatorios,U04,2023-10-28,U04,17,3576,False,False
D00187,TR-2024-003,R038,M3,3.2.P.5.3,Validación de métodos analíticos,TR-2024-003_3.2.P.5.3_validacion_de_metodos_analiticos_v1.pdf,1,Aprobado,Calidad,U06,2023-12-06,U07,35,896,False,False
D00188,TR-2024-003,R040,M3,3.2.P.8,Estudio de estabilidad del medicamento,TR-2024-003_3.2.P.8_estudio_de_estabilidad_del_medicamento_v1.pdf,1,Aprobado,CMC,U10,2023-11-01,U08,37,1394,False,False
D00189,TR-2024-003,R035,M3,3.2.P.3.5,Validación del proceso de fabricación,TR-2024-003_3.2.P.3.5_validacion_del_proceso_de_fabricacion_v1.pdf,1,Aprobado,Calidad,U06,2023-12-30,U07,56,9242,False,False
D00190,TR-2024-003,R061,M5,5.3.1.3,Perfiles de disolución comparativos,TR-2024-003_5.3.1.3_perfiles_de_disolucion_comparativos_v1.pdf,1,Aprobado,CMC,U09,2023-12-12,U14,55,8936,False,False
D00191,TR-2024-003,R039,M3,3.2.P.7,Sistema contenedor-cierre,TR-2024-003_3.2.P.7_sistema_contenedor_cierre_v1.pdf,1,Aprobado,CMC,U10,2023-12-12,U06,54,4832,False,False
D00192,TR-2024-004,R001,M1,1.1,Formato de solicitud firmado,TR-2024-004_1.1_formato_de_solicitud_firmado_v1.pdf,1,Aprobado,Asuntos Regulatorios,U04,2023-12-10,U03,57,5158,False,False
D00193,TR-2024-004,R002,M1,1.2,Comprobante de pago de derechos,TR-2024-004_1.2_comprobante_de_pago_de_derechos_v1.pdf,1,Aprobado,Asuntos Regulatorios,U02,2023-12-07,U05,29,3773,False,False
D00194,TR-2024-004,R015,M1,1.10,Justificación técnica de la modificación,TR-2024-004_1.10_justificacion_tecnica_de_la_modificacion_v1.pdf,1,Aprobado,Asuntos Regulatorios,U05,2023-11-21,U04,25,2048,False,False
D00195,TR-2024-004,R032,M3,3.2.S.4,Certificado de análisis del fármaco,TR-2024-004_3.2.S.4_certificado_de_analisis_del_farmaco_v1.pdf,1,Aprobado,Calidad,U06,2023-12-17,U07,52,1431,False,False
D00196,TR-2024-004,R035,M3,3.2.P.3.5,Validación del proceso de fabricación,TR-2024-004_3.2.P.3.5_validacion_del_proceso_de_fabricacion_v1.pdf,1,Aprobado,Calidad,U06,2023-12-10,U06,58,3629,False,False
D00197,TR-2024-004,R061,M5,5.3.1.3,Perfiles de disolución comparativos,TR-2024-004_5.3.1.3_perfiles_de_disolucion_comparativos_v1.pdf,1,Aprobado,CMC,U09,2023-12-24,U06,10,8911,False,False
D00198,TR-2024-004,R005,M1,1.4.1,Proyecto de etiqueta del envase primario,TR-2024-004_1.4.1_proyecto_de_etiqueta_del_envase_primario_v1.pdf,1,Aprobado,Asuntos Regulatorios,U05,2023-12-15,U03,15,9230,False,False
D00199,TR-2024-004,R038,M3,3.2.P.5.3,Validación de métodos analíticos,TR-2024-004_3.2.P.5.3_validacion_de_metodos_analiticos_v1.pdf,1,Aprobado,Calidad,U06,2023-12-05,U06,54,340,False,False
D00200,TR-2024-005,R001,M1,1.1,Formato de solicitud firmado,TR-2024-005_1.1_formato_de_solicitud_firmado_v1.pdf,1,Aprobado,Asuntos Regulatorios,U03,2023-12-24,U02,25,8037,False,False
D00201,TR-2024-005,R002,M1,1.2,Comprobante de pago de derechos,TR-2024-005_1.2_comprobante_de_pago_de_derechos_v1.pdf,1,Aprobado,Asuntos Regulatorios,U05,2023-11-15,U03,9,5971,False,False
D00202,TR-2024-005,R015,M1,1.10,Justificación técnica de la modificación,TR-2024-005_1.10_justificacion_tecnica_de_la_modificacion_v1.pdf,1,Aprobado,Asuntos Regulatorios,U03,2023-12-21,U02,32,3045,False,False
D00203,TR-2024-005,R035,M3,3.2.P.3.5,Validación del proceso de fabricación,TR-2024-005_3.2.P.3.5_validacion_del_proceso_de_fabricacion_v1.pdf,1,Aprobado,Calidad,U08,2023-11-19,U14,29,3274,False,False
D00204,TR-2024-005,R038,M3,3.2.P.5.3,Validación de métodos analíticos,TR-2024-005_3.2.P.5.3_validacion_de_metodos_analiticos_v1.pdf,1,Aprobado,Calidad,U07,2023-11-07,U08,10,6779,False,False
D00205,TR-2024-005,R032,M3,3.2.S.4,Certificado de análisis del fármaco,TR-2024-005_3.2.S.4_certificado_de_analisis_del_farmaco_v1.pdf,1,Aprobado,Calidad,U14,2023-11-03,U07,36,7757,False,False
D00206,TR-2024-005,R006,M1,1.4.1,Proyecto de etiqueta del envase secundario,TR-2024-005_1.4.1_proyecto_de_etiqueta_del_envase_secundario_v1.pdf,1,Aprobado,Asuntos Regulatorios,U03,2023-10-23,U02,24,6112,False,False
D00207,TR-2024-006,R001,M1,1.1,Formato de solicitud firmado,TR-2024-006_1.1_formato_de_solicitud_firmado_v1.pdf,1,Aprobado,Asuntos Regulatorios,U05,2023-11-07,U05,33,4344,False,False
D00208,TR-2024-006,R002,M1,1.2,Comprobante de pago de derechos,TR-2024-006_1.2_comprobante_de_pago_de_derechos_v1.pdf,1,Aprobado,Asuntos Regulatorios,U02,2023-11-24,U05,53,2258,False,False
D00209,TR-2024-006,R015,M1,1.10,Justificación técnica de la modificación,TR-2024-006_1.10_justificacion_tecnica_de_la_modificacion_v1.pdf,1,Aprobado,Asuntos Regulatorios,U05,2023-11-08,U03,20,6135,False,False
D00210,TR-2024-006,R005,M1,1.4.1,Proyecto de etiqueta del envase primario,TR-2024-006_1.4.1_proyecto_de_etiqueta_del_envase_primario_v1.pdf,1,Aprobado,Asuntos Regulatorios,U04,2023-11-29,U02,6,9033,False,False
D00211,TR-2024-006,R061,M5,5.3.1.3,Perfiles de disolución comparativos,TR-2024-006_5.3.1.3_perfiles_de_disolucion_comparativos_v1.pdf,1,Aprobado,CMC,U10,2023-11-08,U06,9,2081,False,False
D00212,TR-2024-006,R040,M3,3.2.P.8,Estudio de estabilidad del medicamento,TR-2024-006_3.2.P.8_estudio_de_estabilidad_del_medicamento_v2.pdf,2,Aprobado,CMC,U10,2024-01-03,U14,45,3752,False,False
D00213,TR-2024-006,R035,M3,3.2.P.3.5,Validación del proceso de fabricación,TR-2024-006_3.2.P.3.5_validacion_del_proceso_de_fabricacion_v2.pdf,2,Aprobado,Calidad,U07,2023-11-06,U07,22,6782,False,False
D00214,TR-2024-006,R039,M3,3.2.P.7,Sistema contenedor-cierre,TR-2024-006_3.2.P.7_sistema_contenedor_cierre_v1.pdf,1,Aprobado,CMC,U09,2023-11-27,U07,4,7246,False,False
D00215,TR-2024-006,R006,M1,1.4.1,Proyecto de etiqueta del envase secundario,TR-2024-006_1.4.1_proyecto_de_etiqueta_del_envase_secundario_v2.pdf,2,Aprobado,Asuntos Regulatorios,U04,2023-12-10,U04,28,4765,False,False
D00216,TR-2024-007,R001,M1,1.1,Formato de solicitud firmado,TR-2024-007_1.1_formato_de_solicitud_firmado_v1.pdf,1,Enviado,Asuntos Regulatorios,U05,2023-10-08,U04,48,6269,False,False
D00217,TR-2024-007,R002,M1,1.2,Comprobante de pago de derechos,TR-2024-007_1.2_comprobante_de_pago_de_derechos_v1.pdf,1,Enviado,Asuntos Regulatorios,U04,2023-10-24,U04,32,6116,False,False
D00218,TR-2024-007,R015,M1,1.10,Justificación técnica de la modificación,TR-2024-007_1.10_justificacion_tecnica_de_la_modificacion_v1.pdf,1,Enviado,Asuntos Regulatorios,U03,2023-12-10,U03,60,2274,False,False
D00219,TR-2024-007,R005,M1,1.4.1,Proyecto de etiqueta del envase primario,TR-2024-007_1.4.1_proyecto_de_etiqueta_del_envase_primario_v1.pdf,1,Enviado,Asuntos Regulatorios,U05,2023-12-30,U03,25,4383,False,False
D00220,TR-2024-007,R040,M3,3.2.P.8,Estudio de estabilidad del medicamento,TR-2024-007_3.2.P.8_estudio_de_estabilidad_del_medicamento_v1.pdf,1,Enviado,CMC,U09,2023-12-07,U08,23,4816,False,False
D00221,TR-2024-007,R038,M3,3.2.P.5.3,Validación de métodos analíticos,TR-2024-007_3.2.P.5.3_validacion_de_metodos_analiticos_v1.pdf,1,Enviado,Calidad,U06,2023-12-17,U14,11,9256,False,False
D00222,TR-2024-008,R001,M1,1.1,Formato de solicitud firmado,TR-2024-008_1.1_formato_de_solicitud_firmado_v1.pdf,1,Enviado,Asuntos Regulatorios,U05,2024-01-11,U03,37,7210,False,False
D00223,TR-2024-008,R002,M1,1.2,Comprobante de pago de derechos,TR-2024-008_1.2_comprobante_de_pago_de_derechos_v1.pdf,1,Enviado,Asuntos Regulatorios,U03,2024-01-15,U05,30,1110,False,False
D00224,TR-2024-008,R003,M1,1.3.1,Licencia sanitaria del establecimiento fabricante,TR-2024-008_1.3.1_licencia_sanitaria_del_establecimiento_fabricant_v1.pdf,1,Enviado,Asuntos Regulatorios,U05,2023-12-23,U02,33,6507,False,False
D00225,TR-2024-008,R004,M1,1.3.2,Instrumento que acredita la representación legal,TR-2024-008_1.3.2_instrumento_que_acredita_la_representacion_legal_v1.pdf,1,Enviado,Asuntos Regulatorios,U04,2024-01-11,U02,46,9126,False,False
D00226,TR-2024-008,R005,M1,1.4.1,Proyecto de etiqueta del envase primario,TR-2024-008_1.4.1_proyecto_de_etiqueta_del_envase_primario_v1.pdf,1,Enviado,Asuntos Regulatorios,U04,2023-12-16,U05,56,8756,False,False
D00227,TR-2024-008,R006,M1,1.4.1,Proyecto de etiqueta del envase secundario,TR-2024-008_1.4.1_proyecto_de_etiqueta_del_envase_secundario_v1.pdf,1,Enviado,Asuntos Regulatorios,U05,2024-01-05,U03,35,488,False,False
D00228,TR-2024-008,R007,M1,1.4.2,Información para prescribir amplia (IPPA),TR-2024-008_1.4.2_informacion_para_prescribir_amplia_ippa_v1.pdf,1,Enviado,Asuntos Regulatorios,U05,2023-11-23,U05,2,8399,False,False
D00229,TR-2024-008,R008,M1,1.4.2,Información para prescribir reducida (IPPR),TR-2024-008_1.4.2_informacion_para_prescribir_reducida_ippr_v1.pdf,1,Enviado,Asuntos Regulatorios,U04,2023-12-16,U02,33,6490,False,False
D00230,TR-2024-008,R009,M1,1.5.1,Documento IMPI de titularidad de patentes o licencia de explotación,TR-2024-008_1.5.1_documento_impi_de_titularidad_de_patentes_o_lice_v1.pdf,1,Enviado,Asuntos Regulatorios,U03,2023-11-04,U02,37,2579,False,False
D00231,TR-2024-008,R010,M1,1.6,Plan de manejo de riesgos (PMR),TR-2024-008_1.6_plan_de_manejo_de_riesgos_pmr_v1.pdf,1,Enviado,Farmacovigilancia,U13,2023-11-07,U08,22,2143,False,False
D00232,TR-2024-008,R011,M1,1.7.1,Certificado de BPF del medicamento,TR-2024-008_1.7.1_certificado_de_bpf_del_medicamento_v1.pdf,1,Enviado,Calidad,U14,2024-01-04,U06,17,6887,False,False
D00233,TR-2024-008,R012,M1,1.7.2,Certificado de BPF del fármaco,TR-2024-008_1.7.2_certificado_de_bpf_del_farmaco_v1.pdf,1,Enviado,Calidad,U14,2023-11-16,U07,54,6233,False,False
D00234,TR-2024-008,R020,M2,2.3,Resumen global de calidad,TR-2024-008_2.3_resumen_global_de_calidad_v1.pdf,1,Enviado,CMC,U10,2023-11-20,U08,20,1610,False,False
D00235,TR-2024-008,R030,M3,3.2.S.1,Información general del fármaco,TR-2024-008_3.2.S.1_informacion_general_del_farmaco_v1.pdf,1,Enviado,CMC,U09,2023-12-01,U14,31,3956,False,False
D00236,TR-2024-008,R031,M3,3.2.S.2,Fabricación del fármaco,TR-2024-008_3.2.S.2_fabricacion_del_farmaco_v1.pdf,1,Enviado,CMC,U10,2024-01-13,U06,36,2595,False,False
D00237,TR-2024-008,R032,M3,3.2.S.4,Certificado de análisis del fármaco,TR-2024-008_3.2.S.4_certificado_de_analisis_del_farmaco_v1.pdf,1,Enviado,Calidad,U14,2023-12-27,U07,44,6662,False,False
D00238,TR-2024-008,R033,M3,3.2.S.7,Estabilidad del fármaco,TR-2024-008_3.2.S.7_estabilidad_del_farmaco_v1.pdf,1,Enviado,CMC,U10,2024-01-01,U07,2,991,False,False
D00239,TR-2024-008,R034,M3,3.2.P.1,Descripción y composición del medicamento,TR-2024-008_3.2.P.1_descripcion_y_composicion_del_medicamento_v1.pdf,1,Enviado,CMC,U09,2023-12-19,U06,44,9779,False,False
D00240,TR-2024-008,R035,M3,3.2.P.3.5,Validación del proceso de fabricación,TR-2024-008_3.2.P.3.5_validacion_del_proceso_de_fabricacion_v1.pdf,1,Enviado,Calidad,U06,2023-12-02,U07,36,7745,False,False
D00241,TR-2024-008,R036,M3,3.2.P.3.6,Validación de limpieza,TR-2024-008_3.2.P.3.6_validacion_de_limpieza_v1.pdf,1,Enviado,Calidad,U14,2023-11-24,U14,52,6763,False,False
D00242,TR-2024-008,R037,M3,3.2.P.5,Certificado de análisis del lote del medicamento,TR-2024-008_3.2.P.5_certificado_de_analisis_del_lote_del_medicamento_v1.pdf,1,Enviado,Calidad,U14,2023-12-13,U14,3,4500,False,False
D00243,TR-2024-008,R038,M3,3.2.P.5.3,Validación de métodos analíticos,TR-2024-008_3.2.P.5.3_validacion_de_metodos_analiticos_v1.pdf,1,Enviado,Calidad,U07,2024-01-13,U07,46,6092,False,False
D00244,TR-2024-008,R039,M3,3.2.P.7,Sistema contenedor-cierre,TR-2024-008_3.2.P.7_sistema_contenedor_cierre_v1.pdf,1,Enviado,CMC,U09,2023-12-04,U08,49,4854,False,False
D00245,TR-2024-008,R040,M3,3.2.P.8,Estudio de estabilidad del medicamento,TR-2024-008_3.2.P.8_estudio_de_estabilidad_del_medicamento_v1.pdf,1,Enviado,CMC,U10,2024-01-04,U14,11,9369,False,False
D00246,TR-2024-008,R060,M5,5.3.1.2,Informe del estudio de bioequivalencia,TR-2024-008_5.3.1.2_informe_del_estudio_de_bioequivalencia_v1.pdf,1,Enviado,Clínico,U12,2023-11-23,U14,18,236,False,False
D00247,TR-2024-008,R061,M5,5.3.1.3,Perfiles de disolución comparativos,TR-2024-008_5.3.1.3_perfiles_de_disolucion_comparativos_v1.pdf,1,Enviado,CMC,U10,2023-12-18,U08,33,8364,False,False
D00248,TR-2024-008,R062,M5,5.3.1.4,Autorización vigente del Tercero Autorizado,TR-2024-008_5.3.1.4_autorizacion_vigente_del_tercero_autorizado_v1.pdf,1,Enviado,Clínico,U11,2023-11-27,U06,45,1093,False,False
D00249,TR-2024-009,R001,M1,1.1,Formato de solicitud firmado,TR-2024-009_1.1_formato_de_solicitud_firmado_v1.pdf,1,Aprobado,Asuntos Regulatorios,U03,2024-01-20,U05,3,6325,False,False
D00250,TR-2024-009,R002,M1,1.2,Comprobante de pago de derechos,TR-2024-009_1.2_comprobante_de_pago_de_derechos_v1.pdf,1,Aprobado,Asuntos Regulatorios,U04,2023-12-30,U02,26,4576,False,False
D00251,TR-2024-009,R015,M1,1.10,Justificación técnica de la modificación,TR-2024-009_1.10_justificacion_tecnica_de_la_modificacion_v2.pdf,2,Aprobado,Asuntos Regulatorios,U04,2023-12-22,U04,21,844,False,False
D00252,TR-2024-009,R038,M3,3.2.P.5.3,Validación de métodos analíticos,TR-2024-009_3.2.P.5.3_validacion_de_metodos_analiticos_v2.pdf,2,Aprobado,Calidad,U07,2023-12-28,U08,23,8541,False,False
D00253,TR-2024-009,R005,M1,1.4.1,Proyecto de etiqueta del envase primario,TR-2024-009_1.4.1_proyecto_de_etiqueta_del_envase_primario_v3.pdf,3,Aprobado,Asuntos Regulatorios,U05,2024-01-23,U04,39,6321,False,False
D00254,TR-2024-010,R001,M1,1.1,Formato de solicitud firmado,TR-2024-010_1.1_formato_de_solicitud_firmado_v1.pdf,1,Aprobado,Asuntos Regulatorios,U05,2024-01-10,U04,46,9251,False,False
D00255,TR-2024-010,R002,M1,1.2,Comprobante de pago de derechos,TR-2024-010_1.2_comprobante_de_pago_de_derechos_v1.pdf,1,Aprobado,Asuntos Regulatorios,U03,2023-11-23,U02,28,2296,False,False
D00256,TR-2024-010,R003,M1,1.3.1,Licencia sanitaria del establecimiento fabricante,TR-2024-010_1.3.1_licencia_sanitaria_del_establecimiento_fabricant_v1.pdf,1,Aprobado,Asuntos Regulatorios,U04,2024-01-03,U05,17,8563,False,False
D00257,TR-2024-010,R004,M1,1.3.2,Instrumento que acredita la representación legal,TR-2024-010_1.3.2_instrumento_que_acredita_la_representacion_legal_v1.pdf,1,Aprobado,Asuntos Regulatorios,U02,2024-02-12,U02,3,4006,False,False
D00258,TR-2024-010,R005,M1,1.4.1,Proyecto de etiqueta del envase primario,TR-2024-010_1.4.1_proyecto_de_etiqueta_del_envase_primario_v2.pdf,2,Aprobado,Asuntos Regulatorios,U05,2023-11-09,U04,17,6455,False,False
D00259,TR-2024-010,R006,M1,1.4.1,Proyecto de etiqueta del envase secundario,TR-2024-010_1.4.1_proyecto_de_etiqueta_del_envase_secundario_v3.pdf,3,Aprobado,Asuntos Regulatorios,U05,2023-12-19,U03,4,5952,False,False
D00260,TR-2024-010,R007,M1,1.4.2,Información para prescribir amplia (IPPA),TR-2024-010_1.4.2_informacion_para_prescribir_amplia_ippa_v1.pdf,1,Aprobado,Asuntos Regulatorios,U03,2023-11-29,U05,48,5854,False,False
D00261,TR-2024-010,R008,M1,1.4.2,Información para prescribir reducida (IPPR),TR-2024-010_1.4.2_informacion_para_prescribir_reducida_ippr_v1.pdf,1,Aprobado,Asuntos Regulatorios,U03,2024-01-30,U04,35,8436,False,False
D00262,TR-2024-010,R009,M1,1.5.1,Documento IMPI de titularidad de patentes o licencia de explotación,TR-2024-010_1.5.1_documento_impi_de_titularidad_de_patentes_o_lice_v1.pdf,1,Aprobado,Asuntos Regulatorios,U04,2023-11-07,U05,29,4165,False,False
D00263,TR-2024-010,R010,M1,1.6,Plan de manejo de riesgos (PMR),TR-2024-010_1.6_plan_de_manejo_de_riesgos_pmr_v1.pdf,1,Aprobado,Farmacovigilancia,U13,2023-11-06,U14,38,9410,False,False
D00264,TR-2024-010,R011,M1,1.7.1,Certificado de BPF del medicamento,TR-2024-010_1.7.1_certificado_de_bpf_del_medicamento_v1.pdf,1,Aprobado,Calidad,U14,2024-02-04,U06,57,5370,False,False
D00265,TR-2024-010,R012,M1,1.7.2,Certificado de BPF del fármaco,TR-2024-010_1.7.2_certificado_de_bpf_del_farmaco_v2.pdf,2,Aprobado,Calidad,U07,2023-12-22,U06,10,2835,False,False
D00266,TR-2024-010,R020,M2,2.3,Resumen global de calidad,TR-2024-010_2.3_resumen_global_de_calidad_v1.pdf,1,Aprobado,CMC,U09,2024-01-21,U14,18,6403,False,False
D00267,TR-2024-010,R030,M3,3.2.S.1,Información general del fármaco,TR-2024-010_3.2.S.1_informacion_general_del_farmaco_v1.pdf,1,Aprobado,CMC,U10,2023-12-01,U07,49,7436,False,False
D00268,TR-2024-010,R031,M3,3.2.S.2,Fabricación del fármaco,TR-2024-010_3.2.S.2_fabricacion_del_farmaco_v1.pdf,1,Aprobado,CMC,U10,2024-02-05,U07,24,1669,False,False
D00269,TR-2024-010,R032,M3,3.2.S.4,Certificado de análisis del fármaco,TR-2024-010_3.2.S.4_certificado_de_analisis_del_farmaco_v1.pdf,1,Aprobado,Calidad,U06,2024-02-25,U07,3,8189,False,False
D00270,TR-2024-010,R033,M3,3.2.S.7,Estabilidad del fármaco,TR-2024-010_3.2.S.7_estabilidad_del_farmaco_v1.pdf,1,Aprobado,CMC,U10,2024-01-23,U06,46,3429,False,False
D00271,TR-2024-010,R034,M3,3.2.P.1,Descripción y composición del medicamento,TR-2024-010_3.2.P.1_descripcion_y_composicion_del_medicamento_v1.pdf,1,Aprobado,CMC,U10,2024-01-01,U14,33,1208,False,False
D00272,TR-2024-010,R035,M3,3.2.P.3.5,Validación del proceso de fabricación,TR-2024-010_3.2.P.3.5_validacion_del_proceso_de_fabricacion_v1.pdf,1,Aprobado,Calidad,U06,2024-01-21,U06,11,1292,False,False
D00273,TR-2024-010,R036,M3,3.2.P.3.6,Validación de limpieza,TR-2024-010_3.2.P.3.6_validacion_de_limpieza_v1.pdf,1,Aprobado,Calidad,U08,2023-12-31,U06,37,2158,False,False
D00274,TR-2024-010,R037,M3,3.2.P.5,Certificado de análisis del lote del medicamento,TR-2024-010_3.2.P.5_certificado_de_analisis_del_lote_del_medicamento_v1.pdf,1,Aprobado,Calidad,U08,2023-11-09,U08,34,965,False,False
D00275,TR-2024-010,R038,M3,3.2.P.5.3,Validación de métodos analíticos,TR-2024-010_3.2.P.5.3_validacion_de_metodos_analiticos_v1.pdf,1,Aprobado,Calidad,U06,2024-01-08,U08,41,2546,False,False
D00276,TR-2024-010,R039,M3,3.2.P.7,Sistema contenedor-cierre,TR-2024-010_3.2.P.7_sistema_contenedor_cierre_v1.pdf,1,Aprobado,CMC,U10,2024-01-10,U06,48,7238,False,False
D00277,TR-2024-010,R040,M3,3.2.P.8,Estudio de estabilidad del medicamento,TR-2024-010_3.2.P.8_estudio_de_estabilidad_del_medicamento_v4.pdf,4,Aprobado,CMC,U09,2023-12-27,U14,50,894,False,False
D00278,TR-2024-010,R060,M5,5.3.1.2,Informe del estudio de bioequivalencia,TR-2024-010_5.3.1.2_informe_del_estudio_de_bioequivalencia_v1.pdf,1,Aprobado,Clínico,U11,2023-11-08,U06,57,2271,False,False
D00279,TR-2024-010,R061,M5,5.3.1.3,Perfiles de disolución comparativos,TR-2024-010_5.3.1.3_perfiles_de_disolucion_comparativos_v1.pdf,1,Aprobado,CMC,U09,2024-01-26,U14,22,1844,False,False
D00280,TR-2024-010,R062,M5,5.3.1.4,Autorización vigente del Tercero Autorizado,TR-2024-010_5.3.1.4_autorizacion_vigente_del_tercero_autorizado_v1.pdf,1,Aprobado,Clínico,U11,2023-12-07,U08,30,1734,False,False
D00281,TR-2024-011,R001,M1,1.1,Formato de solicitud firmado,TR-2024-011_1.1_formato_de_solicitud_firmado_v1.pdf,1,Aprobado,Asuntos Regulatorios,U02,2024-01-07,U05,25,5348,False,False
D00282,TR-2024-011,R002,M1,1.2,Comprobante de pago de derechos,TR-2024-011_1.2_comprobante_de_pago_de_derechos_v1.pdf,1,Aprobado,Asuntos Regulatorios,U04,2024-02-24,U03,58,3967,False,False
D00283,TR-2024-011,R015,M1,1.10,Justificación técnica de la modificación,TR-2024-011_1.10_justificacion_tecnica_de_la_modificacion_v2.pdf,2,Aprobado,Asuntos Regulatorios,U03,2023-12-26,U05,36,9611,False,False
D00284,TR-2024-011,R040,M3,3.2.P.8,Estudio de estabilidad del medicamento,TR-2024-011_3.2.P.8_estudio_de_estabilidad_del_medicamento_v4.pdf,4,Aprobado,CMC,U10,2024-02-18,U07,20,5464,False,False
D00285,TR-2024-011,R005,M1,1.4.1,Proyecto de etiqueta del envase primario,TR-2024-011_1.4.1_proyecto_de_etiqueta_del_envase_primario_v2.pdf,2,Aprobado,Asuntos Regulatorios,U02,2024-02-18,U02,37,4683,False,False
D00286,TR-2024-011,R035,M3,3.2.P.3.5,Validación del proceso de fabricación,TR-2024-011_3.2.P.3.5_validacion_del_proceso_de_fabricacion_v1.pdf,1,Aprobado,Calidad,U08,2023-12-15,U14,50,8317,False,False
D00287,TR-2024-012,R001,M1,1.1,Formato de solicitud firmado,TR-2024-012_1.1_formato_de_solicitud_firmado_v1.pdf,1,Aprobado,Asuntos Regulatorios,U05,2024-02-06,U03,17,7784,False,False
D00288,TR-2024-012,R002,M1,1.2,Comprobante de pago de derechos,TR-2024-012_1.2_comprobante_de_pago_de_derechos_v1.pdf,1,Aprobado,Asuntos Regulatorios,U02,2024-02-15,U05,3,2047,False,False
D00289,TR-2024-012,R015,M1,1.10,Justificación técnica de la modificación,TR-2024-012_1.10_justificacion_tecnica_de_la_modificacion_v1.pdf,1,Aprobado,Asuntos Regulatorios,U02,2024-01-09,U05,55,5771,False,False
D00290,TR-2024-012,R005,M1,1.4.1,Proyecto de etiqueta del envase primario,TR-2024-012_1.4.1_proyecto_de_etiqueta_del_envase_primario_v1.pdf,1,Aprobado,Asuntos Regulatorios,U04,2024-01-30,U02,25,267,False,False
D00291,TR-2024-012,R040,M3,3.2.P.8,Estudio de estabilidad del medicamento,TR-2024-012_3.2.P.8_estudio_de_estabilidad_del_medicamento_v1.pdf,1,Aprobado,CMC,U10,2024-02-15,U06,39,9458,False,False
D00292,TR-2024-012,R038,M3,3.2.P.5.3,Validación de métodos analíticos,TR-2024-012_3.2.P.5.3_validacion_de_metodos_analiticos_v1.pdf,1,Aprobado,Calidad,U08,2024-02-21,U08,26,775,False,False
D00293,TR-2024-012,R039,M3,3.2.P.7,Sistema contenedor-cierre,TR-2024-012_3.2.P.7_sistema_contenedor_cierre_v1.pdf,1,Aprobado,CMC,U10,2024-02-25,U06,10,686,False,False
D00294,TR-2024-012,R032,M3,3.2.S.4,Certificado de análisis del fármaco,TR-2024-012_3.2.S.4_certificado_de_analisis_del_farmaco_v1.pdf,1,Aprobado,Calidad,U14,2023-12-16,U14,55,8797,False,False
D00295,TR-2024-012,R061,M5,5.3.1.3,Perfiles de disolución comparativos,TR-2024-012_5.3.1.3_perfiles_de_disolucion_comparativos_v1.pdf,1,Aprobado,CMC,U10,2023-12-09,U07,15,1728,False,False
D00296,TR-2024-013,R001,M1,1.1,Formato de solicitud firmado,TR-2024-013_1.1_formato_de_solicitud_firmado_v1.pdf,1,Aprobado,Asuntos Regulatorios,U04,2024-01-23,U02,54,7119,False,False
D00297,TR-2024-013,R002,M1,1.2,Comprobante de pago de derechos,TR-2024-013_1.2_comprobante_de_pago_de_derechos_v1.pdf,1,Aprobado,Asuntos Regulatorios,U02,2024-01-31,U02,38,1570,False,False
D00298,TR-2024-013,R015,M1,1.10,Justificación técnica de la modificación,TR-2024-013_1.10_justificacion_tecnica_de_la_modificacion_v2.pdf,2,Aprobado,Asuntos Regulatorios,U04,2024-03-12,U05,32,3748,False,False
D00299,TR-2024-013,R032,M3,3.2.S.4,Certificado de análisis del fármaco,TR-2024-013_3.2.S.4_certificado_de_analisis_del_farmaco_v1.pdf,1,Aprobado,Calidad,U06,2024-02-29,U07,9,375,False,False
D00300,TR-2024-013,R005,M1,1.4.1,Proyecto de etiqueta del envase primario,TR-2024-013_1.4.1_proyecto_de_etiqueta_del_envase_primario_v2.pdf,2,Aprobado,Asuntos Regulatorios,U03,2024-03-06,U05,49,7720,False,False
D00301,TR-2024-013,R040,M3,3.2.P.8,Estudio de estabilidad del medicamento,TR-2024-013_3.2.P.8_estudio_de_estabilidad_del_medicamento_v3.pdf,3,Aprobado,CMC,U10,2024-02-17,U14,14,7755,False,False
D00302,TR-2024-013,R038,M3,3.2.P.5.3,Validación de métodos analíticos,TR-2024-013_3.2.P.5.3_validacion_de_metodos_analiticos_v1.pdf,1,Aprobado,Calidad,U14,2024-01-25,U08,17,7534,False,False
D00303,TR-2024-013,R006,M1,1.4.1,Proyecto de etiqueta del envase secundario,TR-2024-013_1.4.1_proyecto_de_etiqueta_del_envase_secundario_v1.pdf,1,Aprobado,Asuntos Regulatorios,U04,2024-01-18,U05,53,9274,False,False
D00304,TR-2024-014,R001,M1,1.1,Formato de solicitud firmado,TR-2024-014_1.1_formato_de_solicitud_firmado_v1.pdf,1,Enviado,Asuntos Regulatorios,U05,2024-04-07,U03,26,4187,False,False
D00305,TR-2024-014,R002,M1,1.2,Comprobante de pago de derechos,TR-2024-014_1.2_comprobante_de_pago_de_derechos_v1.pdf,1,Enviado,Asuntos Regulatorios,U03,2024-04-10,U03,14,8406,False,False
D00306,TR-2024-014,R003,M1,1.3.1,Licencia sanitaria del establecimiento fabricante,TR-2024-014_1.3.1_licencia_sanitaria_del_establecimiento_fabricant_v1.pdf,1,Enviado,Asuntos Regulatorios,U02,2024-03-11,U02,36,4038,False,False
D00307,TR-2024-014,R004,M1,1.3.2,Instrumento que acredita la representación legal,TR-2024-014_1.3.2_instrumento_que_acredita_la_representacion_legal_v1.pdf,1,Enviado,Asuntos Regulatorios,U03,2024-02-16,U02,7,3413,False,False
D00308,TR-2024-014,R005,M1,1.4.1,Proyecto de etiqueta del envase primario,TR-2024-014_1.4.1_proyecto_de_etiqueta_del_envase_primario_v1.pdf,1,Enviado,Asuntos Regulatorios,U03,2024-03-12,U05,57,2593,False,False
D00309,TR-2024-014,R006,M1,1.4.1,Proyecto de etiqueta del envase secundario,TR-2024-014_1.4.1_proyecto_de_etiqueta_del_envase_secundario_v3.pdf,3,Enviado,Asuntos Regulatorios,U03,2024-03-22,U04,48,3539,False,False
D00310,TR-2024-014,R007,M1,1.4.2,Información para prescribir amplia (IPPA),TR-2024-014_1.4.2_informacion_para_prescribir_amplia_ippa_v1.pdf,1,Enviado,Asuntos Regulatorios,U02,2024-02-29,U03,25,2275,False,False
D00311,TR-2024-014,R008,M1,1.4.2,Información para prescribir reducida (IPPR),TR-2024-014_1.4.2_informacion_para_prescribir_reducida_ippr_v1.pdf,1,Enviado,Asuntos Regulatorios,U02,2024-02-29,U05,22,8856,False,False
D00312,TR-2024-014,R009,M1,1.5.1,Documento IMPI de titularidad de patentes o licencia de explotación,TR-2024-014_1.5.1_documento_impi_de_titularidad_de_patentes_o_lice_v1.pdf,1,Enviado,Asuntos Regulatorios,U02,2024-03-04,U04,47,1503,False,False
D00313,TR-2024-014,R010,M1,1.6,Plan de manejo de riesgos (PMR),TR-2024-014_1.6_plan_de_manejo_de_riesgos_pmr_v1.pdf,1,Enviado,Farmacovigilancia,U13,2024-03-08,U14,14,8666,False,False
D00314,TR-2024-014,R011,M1,1.7.1,Certificado de BPF del medicamento,TR-2024-014_1.7.1_certificado_de_bpf_del_medicamento_v1.pdf,1,Enviado,Calidad,U06,2024-02-19,U14,9,5417,False,False
D00315,TR-2024-014,R012,M1,1.7.2,Certificado de BPF del fármaco,TR-2024-014_1.7.2_certificado_de_bpf_del_farmaco_v2.pdf,2,Enviado,Calidad,U06,2024-02-01,U14,33,2390,False,False
D00316,TR-2024-014,R020,M2,2.3,Resumen global de calidad,TR-2024-014_2.3_resumen_global_de_calidad_v1.pdf,1,Enviado,CMC,U09,2024-01-29,U06,4,3493,False,False
D00317,TR-2024-014,R030,M3,3.2.S.1,Información general del fármaco,TR-2024-014_3.2.S.1_informacion_general_del_farmaco_v1.pdf,1,Enviado,CMC,U09,2024-02-11,U08,46,938,False,False
D00318,TR-2024-014,R031,M3,3.2.S.2,Fabricación del fármaco,TR-2024-014_3.2.S.2_fabricacion_del_farmaco_v1.pdf,1,Enviado,CMC,U09,2024-02-22,U08,38,2028,False,False
D00319,TR-2024-014,R032,M3,3.2.S.4,Certificado de análisis del fármaco,TR-2024-014_3.2.S.4_certificado_de_analisis_del_farmaco_v1.pdf,1,Enviado,Calidad,U06,2024-01-22,U08,22,5127,False,False
D00320,TR-2024-014,R033,M3,3.2.S.7,Estabilidad del fármaco,TR-2024-014_3.2.S.7_estabilidad_del_farmaco_v1.pdf,1,Enviado,CMC,U10,2024-03-09,U06,28,3738,False,False
D00321,TR-2024-014,R034,M3,3.2.P.1,Descripción y composición del medicamento,TR-2024-014_3.2.P.1_descripcion_y_composicion_del_medicamento_v1.pdf,1,Enviado,CMC,U09,2024-03-16,U14,44,4147,False,False
D00322,TR-2024-014,R035,M3,3.2.P.3.5,Validación del proceso de fabricación,TR-2024-014_3.2.P.3.5_validacion_del_proceso_de_fabricacion_v1.pdf,1,Enviado,Calidad,U07,2024-03-28,U14,59,2549,False,False
D00323,TR-2024-014,R036,M3,3.2.P.3.6,Validación de limpieza,TR-2024-014_3.2.P.3.6_validacion_de_limpieza_v1.pdf,1,Enviado,Calidad,U06,2024-01-23,U07,28,2422,False,False
D00324,TR-2024-014,R037,M3,3.2.P.5,Certificado de análisis del lote del medicamento,TR-2024-014_3.2.P.5_certificado_de_analisis_del_lote_del_medicamento_v1.pdf,1,Enviado,Calidad,U08,2024-03-28,U07,24,567,False,False
D00325,TR-2024-014,R038,M3,3.2.P.5.3,Validación de métodos analíticos,TR-2024-014_3.2.P.5.3_validacion_de_metodos_analiticos_v1.pdf,1,Enviado,Calidad,U08,2024-03-12,U14,23,5973,False,False
D00326,TR-2024-014,R039,M3,3.2.P.7,Sistema contenedor-cierre,TR-2024-014_3.2.P.7_sistema_contenedor_cierre_v1.pdf,1,Enviado,CMC,U10,2024-02-14,U06,2,4710,False,False
D00327,TR-2024-014,R040,M3,3.2.P.8,Estudio de estabilidad del medicamento,TR-2024-014_3.2.P.8_estudio_de_estabilidad_del_medicamento_v3.pdf,3,Enviado,CMC,U09,2024-03-01,U08,4,8810,False,False
D00328,TR-2024-014,R060,M5,5.3.1.2,Informe del estudio de bioequivalencia,TR-2024-014_5.3.1.2_informe_del_estudio_de_bioequivalencia_v1.pdf,1,Enviado,Clínico,U11,2024-02-07,U14,3,9697,False,False
D00329,TR-2024-014,R061,M5,5.3.1.3,Perfiles de disolución comparativos,TR-2024-014_5.3.1.3_perfiles_de_disolucion_comparativos_v1.pdf,1,Enviado,CMC,U10,2024-02-11,U07,42,1361,False,False
D00330,TR-2024-014,R062,M5,5.3.1.4,Autorización vigente del Tercero Autorizado,TR-2024-014_5.3.1.4_autorizacion_vigente_del_tercero_autorizado_v2.pdf,2,Enviado,Clínico,U11,2024-03-16,U07,15,714,False,False
D00331,TR-2024-015,R001,M1,1.1,Formato de solicitud firmado,TR-2024-015_1.1_formato_de_solicitud_firmado_v1.pdf,1,Aprobado,Asuntos Regulatorios,U04,2024-03-23,U03,2,469,False,False
D00332,TR-2024-015,R002,M1,1.2,Comprobante de pago de derechos,TR-2024-015_1.2_comprobante_de_pago_de_derechos_v1.pdf,1,Aprobado,Asuntos Regulatorios,U03,2024-04-16,U05,47,4699,False,False
D00333,TR-2024-015,R015,M1,1.10,Justificación técnica de la modificación,TR-2024-015_1.10_justificacion_tecnica_de_la_modificacion_v1.pdf,1,Aprobado,Asuntos Regulatorios,U03,2024-04-05,U02,35,4958,False,False
D00334,TR-2024-015,R038,M3,3.2.P.5.3,Validación de métodos analíticos,TR-2024-015_3.2.P.5.3_validacion_de_metodos_analiticos_v1.pdf,1,Aprobado,Calidad,U07,2024-03-19,U14,18,313,False,False
D00335,TR-2024-015,R039,M3,3.2.P.7,Sistema contenedor-cierre,TR-2024-015_3.2.P.7_sistema_contenedor_cierre_v1.pdf,1,Aprobado,CMC,U09,2024-04-06,U14,23,7555,False,False
D00336,TR-2024-016,R001,M1,1.1,Formato de solicitud firmado,TR-2024-016_1.1_formato_de_solicitud_firmado_v1.pdf,1,Aprobado,Asuntos Regulatorios,U02,2024-04-11,U05,52,6188,False,False
D00337,TR-2024-016,R002,M1,1.2,Comprobante de pago de derechos,TR-2024-016_1.2_comprobante_de_pago_de_derechos_v1.pdf,1,Aprobado,Asuntos Regulatorios,U05,2024-03-09,U04,43,7879,False,False
D00338,TR-2024-016,R015,M1,1.10,Justificación técnica de la modificación,TR-2024-016_1.10_justificacion_tecnica_de_la_modificacion_v2.pdf,2,Aprobado,Asuntos Regulatorios,U02,2024-04-07,U02,20,8029,False,False
D00339,TR-2024-016,R006,M1,1.4.1,Proyecto de etiqueta del envase secundario,TR-2024-016_1.4.1_proyecto_de_etiqueta_del_envase_secundario_v3.pdf,3,Aprobado,Asuntos Regulatorios,U05,2024-02-18,U02,50,4311,False,False
D00340,TR-2024-016,R039,M3,3.2.P.7,Sistema contenedor-cierre,TR-2024-016_3.2.P.7_sistema_contenedor_cierre_v1.pdf,1,Aprobado,CMC,U10,2024-02-22,U06,34,6969,False,False
D00341,TR-2024-017,R001,M1,1.1,Formato de solicitud firmado,TR-2024-017_1.1_formato_de_solicitud_firmado_v1.pdf,1,Aprobado,Asuntos Regulatorios,U02,2024-04-08,U02,3,2001,False,False
D00342,TR-2024-017,R002,M1,1.2,Comprobante de pago de derechos,TR-2024-017_1.2_comprobante_de_pago_de_derechos_v1.pdf,1,Aprobado,Asuntos Regulatorios,U02,2024-02-10,U05,31,6043,False,False
D00343,TR-2024-017,R015,M1,1.10,Justificación técnica de la modificación,TR-2024-017_1.10_justificacion_tecnica_de_la_modificacion_v1.pdf,1,Aprobado,Asuntos Regulatorios,U04,2024-03-29,U02,18,2716,False,False
D00344,TR-2024-017,R032,M3,3.2.S.4,Certificado de análisis del fármaco,TR-2024-017_3.2.S.4_certificado_de_analisis_del_farmaco_v1.pdf,1,Aprobado,Calidad,U07,2024-03-11,U06,21,311,False,False
D00345,TR-2024-017,R038,M3,3.2.P.5.3,Validación de métodos analíticos,TR-2024-017_3.2.P.5.3_validacion_de_metodos_analiticos_v2.pdf,2,Aprobado,Calidad,U08,2024-02-13,U08,50,5054,False,False
D00346,TR-2024-017,R040,M3,3.2.P.8,Estudio de estabilidad del medicamento,TR-2024-017_3.2.P.8_estudio_de_estabilidad_del_medicamento_v5.pdf,5,Aprobado,CMC,U09,2024-02-08,U06,19,3204,False,False
D00347,TR-2024-018,R001,M1,1.1,Formato de solicitud firmado,TR-2024-018_1.1_formato_de_solicitud_firmado_v1.pdf,1,Aprobado,Asuntos Regulatorios,U04,2024-04-07,U02,32,9598,False,False
D00348,TR-2024-018,R002,M1,1.2,Comprobante de pago de derechos,TR-2024-018_1.2_comprobante_de_pago_de_derechos_v1.pdf,1,Aprobado,Asuntos Regulatorios,U04,2024-03-29,U02,33,1413,False,False
D00349,TR-2024-018,R015,M1,1.10,Justificación técnica de la modificación,TR-2024-018_1.10_justificacion_tecnica_de_la_modificacion_v1.pdf,1,Aprobado,Asuntos Regulatorios,U05,2024-04-23,U03,48,2325,False,False
D00350,TR-2024-018,R005,M1,1.4.1,Proyecto de etiqueta del envase primario,TR-2024-018_1.4.1_proyecto_de_etiqueta_del_envase_primario_v3.pdf,3,Aprobado,Asuntos Regulatorios,U03,2024-04-05,U04,22,1784,False,False
D00351,TR-2024-018,R061,M5,5.3.1.3,Perfiles de disolución comparativos,TR-2024-018_5.3.1.3_perfiles_de_disolucion_comparativos_v1.pdf,1,Aprobado,CMC,U09,2024-04-11,U07,46,810,False,False
D00352,TR-2024-018,R035,M3,3.2.P.3.5,Validación del proceso de fabricación,TR-2024-018_3.2.P.3.5_validacion_del_proceso_de_fabricacion_v1.pdf,1,Aprobado,Calidad,U07,2024-04-28,U08,36,1348,False,False
D00353,TR-2024-018,R039,M3,3.2.P.7,Sistema contenedor-cierre,TR-2024-018_3.2.P.7_sistema_contenedor_cierre_v1.pdf,1,Aprobado,CMC,U09,2024-04-25,U08,23,7290,False,False
D00354,TR-2024-018,R006,M1,1.4.1,Proyecto de etiqueta del envase secundario,TR-2024-018_1.4.1_proyecto_de_etiqueta_del_envase_secundario_v4.pdf,4,Aprobado,Asuntos Regulatorios,U02,2024-03-13,U03,20,2835,False,False
D00355,TR-2024-018,R038,M3,3.2.P.5.3,Validación de métodos analíticos,TR-2024-018_3.2.P.5.3_validacion_de_metodos_analiticos_v2.pdf,2,Aprobado,Calidad,U07,2024-04-22,U07,55,5037,False,False
D00356,TR-2024-019,R001,M1,1.1,Formato de solicitud firmado,TR-2024-019_1.1_formato_de_solicitud_firmado_v1.pdf,1,Aprobado,Asuntos Regulatorios,U03,2024-04-29,U04,44,9237,False,False
D00357,TR-2024-019,R002,M1,1.2,Comprobante de pago de derechos,TR-2024-019_1.2_comprobante_de_pago_de_derechos_v1.pdf,1,Aprobado,Asuntos Regulatorios,U04,2024-05-09,U04,47,2137,False,False
D00358,TR-2024-019,R015,M1,1.10,Justificación técnica de la modificación,TR-2024-019_1.10_justificacion_tecnica_de_la_modificacion_v1.pdf,1,Aprobado,Asuntos Regulatorios,U04,2024-04-17,U03,12,2955,False,False
D00359,TR-2024-019,R061,M5,5.3.1.3,Perfiles de disolución comparativos,TR-2024-019_5.3.1.3_perfiles_de_disolucion_comparativos_v1.pdf,1,Aprobado,CMC,U09,2024-04-27,U06,3,3425,False,False
D00360,TR-2024-019,R039,M3,3.2.P.7,Sistema contenedor-cierre,TR-2024-019_3.2.P.7_sistema_contenedor_cierre_v1.pdf,1,Aprobado,CMC,U09,2024-04-24,U06,22,4849,False,False
D00361,TR-2024-019,R040,M3,3.2.P.8,Estudio de estabilidad del medicamento,TR-2024-019_3.2.P.8_estudio_de_estabilidad_del_medicamento_v1.pdf,1,Aprobado,CMC,U09,2024-04-21,U07,59,8921,False,False
D00362,TR-2024-019,R035,M3,3.2.P.3.5,Validación del proceso de fabricación,TR-2024-019_3.2.P.3.5_validacion_del_proceso_de_fabricacion_v1.pdf,1,Aprobado,Calidad,U06,2024-04-23,U06,34,8347,False,False
D00363,TR-2024-019,R005,M1,1.4.1,Proyecto de etiqueta del envase primario,TR-2024-019_1.4.1_proyecto_de_etiqueta_del_envase_primario_v1.pdf,1,Aprobado,Asuntos Regulatorios,U04,2024-05-09,U05,57,4337,False,False
D00364,TR-2024-020,R001,M1,1.1,Formato de solicitud firmado,TR-2024-020_1.1_formato_de_solicitud_firmado_v1.pdf,1,Aprobado,Asuntos Regulatorios,U02,2024-05-17,U02,10,6838,False,False
D00365,TR-2024-020,R002,M1,1.2,Comprobante de pago de derechos,TR-2024-020_1.2_comprobante_de_pago_de_derechos_v2.pdf,2,Aprobado,Asuntos Regulatorios,U04,2024-05-01,U03,58,7641,False,False
D00366,TR-2024-020,R003,M1,1.3.1,Licencia sanitaria del establecimiento fabricante,TR-2024-020_1.3.1_licencia_sanitaria_del_establecimiento_fabricant_v1.pdf,1,Aprobado,Asuntos Regulatorios,U05,2024-05-11,U02,18,9190,False,False
D00367,TR-2024-020,R004,M1,1.3.2,Instrumento que acredita la representación legal,TR-2024-020_1.3.2_instrumento_que_acredita_la_representacion_legal_v1.pdf,1,Aprobado,Asuntos Regulatorios,U04,2024-05-24,U04,53,8812,False,False
D00368,TR-2024-020,R005,M1,1.4.1,Proyecto de etiqueta del envase primario,TR-2024-020_1.4.1_proyecto_de_etiqueta_del_envase_primario_v2.pdf,2,Aprobado,Asuntos Regulatorios,U03,2024-04-22,U04,31,742,False,False
D00369,TR-2024-020,R006,M1,1.4.1,Proyecto de etiqueta del envase secundario,TR-2024-020_1.4.1_proyecto_de_etiqueta_del_envase_secundario_v1.pdf,1,Aprobado,Asuntos Regulatorios,U04,2024-04-28,U02,60,3938,False,False
D00370,TR-2024-020,R007,M1,1.4.2,Información para prescribir amplia (IPPA),TR-2024-020_1.4.2_informacion_para_prescribir_amplia_ippa_v1.pdf,1,Aprobado,Asuntos Regulatorios,U02,2024-05-10,U04,31,9758,False,False
D00371,TR-2024-020,R008,M1,1.4.2,Información para prescribir reducida (IPPR),TR-2024-020_1.4.2_informacion_para_prescribir_reducida_ippr_v1.pdf,1,Aprobado,Asuntos Regulatorios,U02,2024-04-24,U02,45,8679,False,False
D00372,TR-2024-020,R009,M1,1.5.1,Documento IMPI de titularidad de patentes o licencia de explotación,TR-2024-020_1.5.1_documento_impi_de_titularidad_de_patentes_o_lice_v1.pdf,1,Aprobado,Asuntos Regulatorios,U04,2024-05-08,U04,33,4236,False,False
D00373,TR-2024-020,R010,M1,1.6,Plan de manejo de riesgos (PMR),TR-2024-020_1.6_plan_de_manejo_de_riesgos_pmr_v1.pdf,1,Aprobado,Farmacovigilancia,U13,2024-05-02,U08,24,3239,False,False
D00374,TR-2024-020,R011,M1,1.7.1,Certificado de BPF del medicamento,TR-2024-020_1.7.1_certificado_de_bpf_del_medicamento_v2.pdf,2,Aprobado,Calidad,U06,2024-05-01,U07,50,3683,False,False
D00375,TR-2024-020,R012,M1,1.7.2,Certificado de BPF del fármaco,TR-2024-020_1.7.2_certificado_de_bpf_del_farmaco_v1.pdf,1,Aprobado,Calidad,U06,2024-05-17,U08,52,8253,False,False
D00376,TR-2024-020,R020,M2,2.3,Resumen global de calidad,TR-2024-020_2.3_resumen_global_de_calidad_v1.pdf,1,Aprobado,CMC,U10,2024-05-11,U14,34,9164,False,False
D00377,TR-2024-020,R030,M3,3.2.S.1,Información general del fármaco,TR-2024-020_3.2.S.1_informacion_general_del_farmaco_v1.pdf,1,Aprobado,CMC,U10,2024-04-15,U08,58,8563,False,False
D00378,TR-2024-020,R031,M3,3.2.S.2,Fabricación del fármaco,TR-2024-020_3.2.S.2_fabricacion_del_farmaco_v1.pdf,1,Aprobado,CMC,U10,2024-05-16,U07,4,4115,False,False
D00379,TR-2024-020,R032,M3,3.2.S.4,Certificado de análisis del fármaco,TR-2024-020_3.2.S.4_certificado_de_analisis_del_farmaco_v1.pdf,1,Aprobado,Calidad,U07,2024-04-27,U14,60,531,False,False
D00380,TR-2024-020,R033,M3,3.2.S.7,Estabilidad del fármaco,TR-2024-020_3.2.S.7_estabilidad_del_farmaco_v1.pdf,1,Aprobado,CMC,U09,2024-04-17,U07,5,838,False,False
D00381,TR-2024-020,R034,M3,3.2.P.1,Descripción y composición del medicamento,TR-2024-020_3.2.P.1_descripcion_y_composicion_del_medicamento_v1.pdf,1,Aprobado,CMC,U10,2024-04-29,U07,12,5151,False,False
D00382,TR-2024-020,R035,M3,3.2.P.3.5,Validación del proceso de fabricación,TR-2024-020_3.2.P.3.5_validacion_del_proceso_de_fabricacion_v1.pdf,1,Aprobado,Calidad,U06,2024-05-16,U06,57,2176,False,False
D00383,TR-2024-020,R036,M3,3.2.P.3.6,Validación de limpieza,TR-2024-020_3.2.P.3.6_validacion_de_limpieza_v1.pdf,1,Aprobado,Calidad,U14,2024-04-19,U14,55,6841,False,False
D00384,TR-2024-020,R037,M3,3.2.P.5,Certificado de análisis del lote del medicamento,TR-2024-020_3.2.P.5_certificado_de_analisis_del_lote_del_medicamento_v1.pdf,1,Aprobado,Calidad,U14,2024-05-04,U06,16,5213,False,False
D00385,TR-2024-020,R038,M3,3.2.P.5.3,Validación de métodos analíticos,TR-2024-020_3.2.P.5.3_validacion_de_metodos_analiticos_v1.pdf,1,Aprobado,Calidad,U06,2024-05-27,U08,22,5426,False,False
D00386,TR-2024-020,R039,M3,3.2.P.7,Sistema contenedor-cierre,TR-2024-020_3.2.P.7_sistema_contenedor_cierre_v1.pdf,1,Aprobado,CMC,U09,2024-04-24,U06,46,4954,False,False
D00387,TR-2024-020,R040,M3,3.2.P.8,Estudio de estabilidad del medicamento,TR-2024-020_3.2.P.8_estudio_de_estabilidad_del_medicamento_v1.pdf,1,Aprobado,CMC,U10,2024-04-12,U08,45,9313,False,False
D00388,TR-2024-020,R060,M5,5.3.1.2,Informe del estudio de bioequivalencia,TR-2024-020_5.3.1.2_informe_del_estudio_de_bioequivalencia_v2.pdf,2,Aprobado,Clínico,U12,2024-04-27,U06,11,6202,False,False
D00389,TR-2024-020,R061,M5,5.3.1.3,Perfiles de disolución comparativos,TR-2024-020_5.3.1.3_perfiles_de_disolucion_comparativos_v1.pdf,1,Aprobado,CMC,U09,2024-05-27,U08,10,269,False,False
D00390,TR-2024-020,R062,M5,5.3.1.4,Autorización vigente del Tercero Autorizado,TR-2024-020_5.3.1.4_autorizacion_vigente_del_tercero_autorizado_v2.pdf,2,Aprobado,Clínico,U11,2024-04-18,U06,20,3506,False,False
D00391,TR-2024-021,R001,M1,1.1,Formato de solicitud firmado,TR-2024-021_1.1_formato_de_solicitud_firmado_v1.pdf,1,Aprobado,Asuntos Regulatorios,U03,2024-04-19,U03,17,4956,False,False
D00392,TR-2024-021,R002,M1,1.2,Comprobante de pago de derechos,TR-2024-021_1.2_comprobante_de_pago_de_derechos_v1.pdf,1,Aprobado,Asuntos Regulatorios,U02,2024-04-02,U05,17,7181,False,False
D00393,TR-2024-021,R015,M1,1.10,Justificación técnica de la modificación,TR-2024-021_1.10_justificacion_tecnica_de_la_modificacion_v2.pdf,2,Aprobado,Asuntos Regulatorios,U04,2024-05-03,U05,22,5981,False,False
D00394,TR-2024-021,R038,M3,3.2.P.5.3,Validación de métodos analíticos,TR-2024-021_3.2.P.5.3_validacion_de_metodos_analiticos_v1.pdf,1,Aprobado,Calidad,U07,2024-05-03,U08,30,3246,False,False
D00395,TR-2024-021,R006,M1,1.4.1,Proyecto de etiqueta del envase secundario,TR-2024-021_1.4.1_proyecto_de_etiqueta_del_envase_secundario_v5.pdf,5,Aprobado,Asuntos Regulatorios,U02,2024-04-26,U03,15,5616,False,False
D00396,TR-2024-021,R035,M3,3.2.P.3.5,Validación del proceso de fabricación,TR-2024-021_3.2.P.3.5_validacion_del_proceso_de_fabricacion_v1.pdf,1,Aprobado,Calidad,U06,2024-05-18,U14,18,7534,False,False
D00397,TR-2024-022,R001,M1,1.1,Formato de solicitud firmado,TR-2024-022_1.1_formato_de_solicitud_firmado_v1.pdf,1,Enviado,Asuntos Regulatorios,U04,2024-05-09,U02,20,6374,False,False
D00398,TR-2024-022,R002,M1,1.2,Comprobante de pago de derechos,TR-2024-022_1.2_comprobante_de_pago_de_derechos_v2.pdf,2,Enviado,Asuntos Regulatorios,U04,2024-05-07,U03,2,8416,False,False
D00399,TR-2024-022,R015,M1,1.10,Justificación técnica de la modificación,TR-2024-022_1.10_justificacion_tecnica_de_la_modificacion_v2.pdf,2,Enviado,Asuntos Regulatorios,U04,2024-05-03,U02,18,1385,False,False
D00400,TR-2024-022,R040,M3,3.2.P.8,Estudio de estabilidad del medicamento,TR-2024-022_3.2.P.8_estudio_de_estabilidad_del_medicamento_v3.pdf,3,Enviado,CMC,U10,2024-05-08,U07,23,1828,False,False
D00401,TR-2024-022,R038,M3,3.2.P.5.3,Validación de métodos analíticos,TR-2024-022_3.2.P.5.3_validacion_de_metodos_analiticos_v1.pdf,1,Enviado,Calidad,U08,2024-05-01,U14,22,6596,False,False
D00402,TR-2024-022,R032,M3,3.2.S.4,Certificado de análisis del fármaco,TR-2024-022_3.2.S.4_certificado_de_analisis_del_farmaco_v2.pdf,2,Enviado,Calidad,U07,2024-04-26,U07,14,9583,False,False
D00403,TR-2024-023,R001,M1,1.1,Formato de solicitud firmado,TR-2024-023_1.1_formato_de_solicitud_firmado_v1.pdf,1,Aprobado,Asuntos Regulatorios,U02,2024-05-06,U03,35,3139,False,False
D00404,TR-2024-023,R002,M1,1.2,Comprobante de pago de derechos,TR-2024-023_1.2_comprobante_de_pago_de_derechos_v1.pdf,1,Aprobado,Asuntos Regulatorios,U02,2024-06-17,U02,5,153,False,False
D00405,TR-2024-023,R015,M1,1.10,Justificación técnica de la modificación,TR-2024-023_1.10_justificacion_tecnica_de_la_modificacion_v1.pdf,1,Aprobado,Asuntos Regulatorios,U05,2024-06-02,U02,37,4032,False,False
D00406,TR-2024-023,R039,M3,3.2.P.7,Sistema contenedor-cierre,TR-2024-023_3.2.P.7_sistema_contenedor_cierre_v1.pdf,1,Aprobado,CMC,U09,2024-04-21,U06,7,1618,False,False
D00407,TR-2024-023,R038,M3,3.2.P.5.3,Validación de métodos analíticos,TR-2024-023_3.2.P.5.3_validacion_de_metodos_analiticos_v1.pdf,1,Aprobado,Calidad,U14,2024-05-30,U06,22,6014,False,False
D00408,TR-2024-023,R032,M3,3.2.S.4,Certificado de análisis del fármaco,TR-2024-023_3.2.S.4_certificado_de_analisis_del_farmaco_v1.pdf,1,Aprobado,Calidad,U06,2024-07-04,U07,24,3122,False,False
D00409,TR-2024-023,R005,M1,1.4.1,Proyecto de etiqueta del envase primario,TR-2024-023_1.4.1_proyecto_de_etiqueta_del_envase_primario_v1.pdf,1,Aprobado,Asuntos Regulatorios,U03,2024-06-17,U04,23,5469,False,False
D00410,TR-2024-023,R061,M5,5.3.1.3,Perfiles de disolución comparativos,TR-2024-023_5.3.1.3_perfiles_de_disolucion_comparativos_v1.pdf,1,Aprobado,CMC,U09,2024-04-21,U14,12,6512,False,False
D00411,TR-2024-023,R035,M3,3.2.P.3.5,Validación del proceso de fabricación,TR-2024-023_3.2.P.3.5_validacion_del_proceso_de_fabricacion_v1.pdf,1,Aprobado,Calidad,U07,2024-05-24,U08,47,6854,False,False
D00412,TR-2024-024,R001,M1,1.1,Formato de solicitud firmado,TR-2024-024_1.1_formato_de_solicitud_firmado_v1.pdf,1,Aprobado,Asuntos Regulatorios,U03,2024-05-30,U04,11,8766,False,False
D00413,TR-2024-024,R002,M1,1.2,Comprobante de pago de derechos,TR-2024-024_1.2_comprobante_de_pago_de_derechos_v2.pdf,2,Aprobado,Asuntos Regulatorios,U05,2024-07-17,U02,58,1629,False,False
D00414,TR-2024-024,R015,M1,1.10,Justificación técnica de la modificación,TR-2024-024_1.10_justificacion_tecnica_de_la_modificacion_v1.pdf,1,Aprobado,Asuntos Regulatorios,U04,2024-04-28,U02,52,759,False,False
D00415,TR-2024-024,R038,M3,3.2.P.5.3,Validación de métodos analíticos,TR-2024-024_3.2.P.5.3_validacion_de_metodos_analiticos_v1.pdf,1,Aprobado,Calidad,U06,2024-04-23,U14,43,7703,False,False
D00416,TR-2024-024,R006,M1,1.4.1,Proyecto de etiqueta del envase secundario,TR-2024-024_1.4.1_proyecto_de_etiqueta_del_envase_secundario_v4.pdf,4,Aprobado,Asuntos Regulatorios,U04,2024-06-05,U05,14,9248,False,False
D00417,TR-2024-024,R005,M1,1.4.1,Proyecto de etiqueta del envase primario,TR-2024-024_1.4.1_proyecto_de_etiqueta_del_envase_primario_v2.pdf,2,Aprobado,Asuntos Regulatorios,U04,2024-05-19,U02,7,8356,False,False
D00418,TR-2024-024,R039,M3,3.2.P.7,Sistema contenedor-cierre,TR-2024-024_3.2.P.7_sistema_contenedor_cierre_v1.pdf,1,Aprobado,CMC,U10,2024-05-02,U06,16,3754,False,False
D00419,TR-2024-025,R001,M1,1.1,Formato de solicitud firmado,TR-2024-025_1.1_formato_de_solicitud_firmado_v1.pdf,1,Aprobado,Asuntos Regulatorios,U02,2024-06-12,U03,60,1512,False,False
D00420,TR-2024-025,R002,M1,1.2,Comprobante de pago de derechos,TR-2024-025_1.2_comprobante_de_pago_de_derechos_v1.pdf,1,Aprobado,Asuntos Regulatorios,U03,2024-06-20,U05,59,6797,False,False
D00421,TR-2024-025,R015,M1,1.10,Justificación técnica de la modificación,TR-2024-025_1.10_justificacion_tecnica_de_la_modificacion_v1.pdf,1,Aprobado,Asuntos Regulatorios,U04,2024-06-16,U02,40,702,False,False
D00422,TR-2024-025,R035,M3,3.2.P.3.5,Validación del proceso de fabricación,TR-2024-025_3.2.P.3.5_validacion_del_proceso_de_fabricacion_v1.pdf,1,Aprobado,Calidad,U08,2024-07-17,U08,3,6135,False,False
D00423,TR-2024-025,R040,M3,3.2.P.8,Estudio de estabilidad del medicamento,TR-2024-025_3.2.P.8_estudio_de_estabilidad_del_medicamento_v1.pdf,1,Aprobado,CMC,U10,2024-05-28,U08,33,8286,False,False
D00424,TR-2024-025,R061,M5,5.3.1.3,Perfiles de disolución comparativos,TR-2024-025_5.3.1.3_perfiles_de_disolucion_comparativos_v1.pdf,1,Aprobado,CMC,U09,2024-05-24,U07,30,1129,False,False
D00425,TR-2024-025,R038,M3,3.2.P.5.3,Validación de métodos analíticos,TR-2024-025_3.2.P.5.3_validacion_de_metodos_analiticos_v1.pdf,1,Aprobado,Calidad,U14,2024-05-04,U06,41,8611,False,False
D00426,TR-2024-025,R039,M3,3.2.P.7,Sistema contenedor-cierre,TR-2024-025_3.2.P.7_sistema_contenedor_cierre_v1.pdf,1,Aprobado,CMC,U09,2024-05-30,U14,58,3159,False,False
D00427,TR-2024-025,R005,M1,1.4.1,Proyecto de etiqueta del envase primario,TR-2024-025_1.4.1_proyecto_de_etiqueta_del_envase_primario_v1.pdf,1,Aprobado,Asuntos Regulatorios,U02,2024-06-25,U04,38,7851,False,False
D00428,TR-2024-026,R001,M1,1.1,Formato de solicitud firmado,TR-2024-026_1.1_formato_de_solicitud_firmado_v1.pdf,1,Aprobado,Asuntos Regulatorios,U05,2024-06-17,U05,33,5952,False,False
D00429,TR-2024-026,R002,M1,1.2,Comprobante de pago de derechos,TR-2024-026_1.2_comprobante_de_pago_de_derechos_v2.pdf,2,Aprobado,Asuntos Regulatorios,U04,2024-07-31,U03,49,8900,False,False
D00430,TR-2024-026,R015,M1,1.10,Justificación técnica de la modificación,TR-2024-026_1.10_justificacion_tecnica_de_la_modificacion_v1.pdf,1,Aprobado,Asuntos Regulatorios,U05,2024-05-28,U05,37,6235,False,False
D00431,TR-2024-026,R039,M3,3.2.P.7,Sistema contenedor-cierre,TR-2024-026_3.2.P.7_sistema_contenedor_cierre_v1.pdf,1,Aprobado,CMC,U09,2024-07-01,U06,26,8252,False,False
D00432,TR-2024-026,R038,M3,3.2.P.5.3,Validación de métodos analíticos,TR-2024-026_3.2.P.5.3_validacion_de_metodos_analiticos_v1.pdf,1,Aprobado,Calidad,U08,2024-06-06,U07,48,6147,False,False
D00433,TR-2024-026,R040,M3,3.2.P.8,Estudio de estabilidad del medicamento,TR-2024-026_3.2.P.8_estudio_de_estabilidad_del_medicamento_v2.pdf,2,Aprobado,CMC,U09,2024-06-20,U08,46,1032,False,False
D00434,TR-2024-026,R006,M1,1.4.1,Proyecto de etiqueta del envase secundario,TR-2024-026_1.4.1_proyecto_de_etiqueta_del_envase_secundario_v1.pdf,1,Aprobado,Asuntos Regulatorios,U03,2024-06-21,U02,12,1301,False,False
D00435,TR-2024-027,R001,M1,1.1,Formato de solicitud firmado,TR-2024-027_1.1_formato_de_solicitud_firmado_v1.pdf,1,Aprobado,Asuntos Regulatorios,U04,2024-07-29,U04,57,660,False,False
D00436,TR-2024-027,R002,M1,1.2,Comprobante de pago de derechos,TR-2024-027_1.2_comprobante_de_pago_de_derechos_v2.pdf,2,Aprobado,Asuntos Regulatorios,U02,2024-06-27,U04,11,6731,False,False
D00437,TR-2024-027,R015,M1,1.10,Justificación técnica de la modificación,TR-2024-027_1.10_justificacion_tecnica_de_la_modificacion_v2.pdf,2,Aprobado,Asuntos Regulatorios,U05,2024-05-06,U05,32,4069,False,False
D00438,TR-2024-027,R061,M5,5.3.1.3,Perfiles de disolución comparativos,TR-2024-027_5.3.1.3_perfiles_de_disolucion_comparativos_v2.pdf,2,Aprobado,CMC,U10,2024-07-20,U08,19,8390,False,False
D00439,TR-2024-027,R040,M3,3.2.P.8,Estudio de estabilidad del medicamento,TR-2024-027_3.2.P.8_estudio_de_estabilidad_del_medicamento_v3.pdf,3,Aprobado,CMC,U10,2024-06-08,U06,8,1489,False,False
D00440,TR-2024-027,R038,M3,3.2.P.5.3,Validación de métodos analíticos,TR-2024-027_3.2.P.5.3_validacion_de_metodos_analiticos_v2.pdf,2,Aprobado,Calidad,U07,2024-06-23,U14,7,2592,False,False
D00441,TR-2024-027,R032,M3,3.2.S.4,Certificado de análisis del fármaco,TR-2024-027_3.2.S.4_certificado_de_analisis_del_farmaco_v2.pdf,2,Aprobado,Calidad,U06,2024-06-26,U06,18,3677,False,False
D00442,TR-2024-028,R001,M1,1.1,Formato de solicitud firmado,TR-2024-028_1.1_formato_de_solicitud_firmado_v1.pdf,1,Aprobado,Asuntos Regulatorios,U05,2024-08-07,U04,53,6682,False,False
D00443,TR-2024-028,R002,M1,1.2,Comprobante de pago de derechos,TR-2024-028_1.2_comprobante_de_pago_de_derechos_v1.pdf,1,Aprobado,Asuntos Regulatorios,U02,2024-07-28,U05,9,3101,False,False
D00444,TR-2024-028,R015,M1,1.10,Justificación técnica de la modificación,TR-2024-028_1.10_justificacion_tecnica_de_la_modificacion_v1.pdf,1,Aprobado,Asuntos Regulatorios,U03,2024-06-03,U04,15,1696,False,False
D00445,TR-2024-028,R005,M1,1.4.1,Proyecto de etiqueta del envase primario,TR-2024-028_1.4.1_proyecto_de_etiqueta_del_envase_primario_v1.pdf,1,Aprobado,Asuntos Regulatorios,U02,2024-08-05,U04,32,7047,False,False
D00446,TR-2024-028,R038,M3,3.2.P.5.3,Validación de métodos analíticos,TR-2024-028_3.2.P.5.3_validacion_de_metodos_analiticos_v1.pdf,1,Aprobado,Calidad,U07,2024-07-04,U08,7,4720,False,False
D00447,TR-2024-028,R006,M1,1.4.1,Proyecto de etiqueta del envase secundario,TR-2024-028_1.4.1_proyecto_de_etiqueta_del_envase_secundario_v1.pdf,1,Aprobado,Asuntos Regulatorios,U02,2024-08-01,U02,34,1202,False,False
D00448,TR-2024-029,R001,M1,1.1,Formato de solicitud firmado,TR-2024-029_1.1_formato_de_solicitud_firmado_v1.pdf,1,Aprobado,Asuntos Regulatorios,U04,2024-08-03,U05,20,7394,False,False
D00449,TR-2024-029,R002,M1,1.2,Comprobante de pago de derechos,TR-2024-029_1.2_comprobante_de_pago_de_derechos_v1.pdf,1,Aprobado,Asuntos Regulatorios,U04,2024-07-23,U02,58,1983,False,False
D00450,TR-2024-029,R015,M1,1.10,Justificación técnica de la modificación,TR-2024-029_1.10_justificacion_tecnica_de_la_modificacion_v1.pdf,1,Aprobado,Asuntos Regulatorios,U04,2024-07-26,U02,44,9604,False,False
D00451,TR-2024-029,R039,M3,3.2.P.7,Sistema contenedor-cierre,TR-2024-029_3.2.P.7_sistema_contenedor_cierre_v1.pdf,1,Aprobado,CMC,U10,2024-08-27,U06,54,7207,False,False
D00452,TR-2024-029,R038,M3,3.2.P.5.3,Validación de métodos analíticos,TR-2024-029_3.2.P.5.3_validacion_de_metodos_analiticos_v2.pdf,2,Aprobado,Calidad,U06,2024-08-10,U06,23,5274,False,False
D00453,TR-2024-029,R061,M5,5.3.1.3,Perfiles de disolución comparativos,TR-2024-029_5.3.1.3_perfiles_de_disolucion_comparativos_v1.pdf,1,Aprobado,CMC,U10,2024-08-10,U14,42,7486,False,False
D00454,TR-2024-029,R005,M1,1.4.1,Proyecto de etiqueta del envase primario,TR-2024-029_1.4.1_proyecto_de_etiqueta_del_envase_primario_v1.pdf,1,Aprobado,Asuntos Regulatorios,U02,2024-08-18,U02,8,1794,False,False
D00455,TR-2024-029,R035,M3,3.2.P.3.5,Validación del proceso de fabricación,TR-2024-029_3.2.P.3.5_validacion_del_proceso_de_fabricacion_v2.pdf,2,Aprobado,Calidad,U14,2024-08-24,U14,50,3499,False,False
D00456,TR-2024-030,R001,M1,1.1,Formato de solicitud firmado,TR-2024-030_1.1_formato_de_solicitud_firmado_v1.pdf,1,Aprobado,Asuntos Regulatorios,U05,2024-08-07,U04,40,2122,False,False
D00457,TR-2024-030,R002,M1,1.2,Comprobante de pago de derechos,TR-2024-030_1.2_comprobante_de_pago_de_derechos_v1.pdf,1,Aprobado,Asuntos Regulatorios,U03,2024-06-30,U03,58,7435,False,False
D00458,TR-2024-030,R015,M1,1.10,Justificación técnica de la modificación,TR-2024-030_1.10_justificacion_tecnica_de_la_modificacion_v1.pdf,1,Aprobado,Asuntos Regulatorios,U03,2024-08-10,U03,14,9109,False,False
D00459,TR-2024-030,R005,M1,1.4.1,Proyecto de etiqueta del envase primario,TR-2024-030_1.4.1_proyecto_de_etiqueta_del_envase_primario_v1.pdf,1,Aprobado,Asuntos Regulatorios,U02,2024-07-31,U02,55,8798,False,False
D00460,TR-2024-030,R061,M5,5.3.1.3,Perfiles de disolución comparativos,TR-2024-030_5.3.1.3_perfiles_de_disolucion_comparativos_v1.pdf,1,Aprobado,CMC,U10,2024-07-10,U14,44,6734,False,False
D00461,TR-2024-030,R032,M3,3.2.S.4,Certificado de análisis del fármaco,TR-2024-030_3.2.S.4_certificado_de_analisis_del_farmaco_v1.pdf,1,Aprobado,Calidad,U07,2024-07-30,U06,15,7711,False,False
D00462,TR-2024-031,R001,M1,1.1,Formato de solicitud firmado,TR-2024-031_1.1_formato_de_solicitud_firmado_v1.pdf,1,Aprobado,Asuntos Regulatorios,U03,2024-08-23,U05,46,470,False,False
D00463,TR-2024-031,R002,M1,1.2,Comprobante de pago de derechos,TR-2024-031_1.2_comprobante_de_pago_de_derechos_v1.pdf,1,Aprobado,Asuntos Regulatorios,U04,2024-08-21,U05,42,7302,False,False
D00464,TR-2024-031,R003,M1,1.3.1,Licencia sanitaria del establecimiento fabricante,TR-2024-031_1.3.1_licencia_sanitaria_del_establecimiento_fabricant_v1.pdf,1,Aprobado,Asuntos Regulatorios,U03,2024-08-04,U04,27,6120,False,False
D00465,TR-2024-031,R004,M1,1.3.2,Instrumento que acredita la representación legal,TR-2024-031_1.3.2_instrumento_que_acredita_la_representacion_legal_v1.pdf,1,Aprobado,Asuntos Regulatorios,U03,2024-07-14,U05,36,563,False,False
D00466,TR-2024-031,R005,M1,1.4.1,Proyecto de etiqueta del envase primario,TR-2024-031_1.4.1_proyecto_de_etiqueta_del_envase_primario_v1.pdf,1,Aprobado,Asuntos Regulatorios,U05,2024-08-17,U02,47,247,False,False
D00467,TR-2024-031,R006,M1,1.4.1,Proyecto de etiqueta del envase secundario,TR-2024-031_1.4.1_proyecto_de_etiqueta_del_envase_secundario_v2.pdf,2,Aprobado,Asuntos Regulatorios,U05,2024-09-04,U02,19,5741,False,False
D00468,TR-2024-031,R007,M1,1.4.2,Información para prescribir amplia (IPPA),TR-2024-031_1.4.2_informacion_para_prescribir_amplia_ippa_v1.pdf,1,Aprobado,Asuntos Regulatorios,U02,2024-08-22,U04,47,1200,False,False
D00469,TR-2024-031,R008,M1,1.4.2,Información para prescribir reducida (IPPR),TR-2024-031_1.4.2_informacion_para_prescribir_reducida_ippr_v1.pdf,1,Aprobado,Asuntos Regulatorios,U02,2024-07-23,U04,19,8512,False,False
D00470,TR-2024-031,R009,M1,1.5.1,Documento IMPI de titularidad de patentes o licencia de explotación,TR-2024-031_1.5.1_documento_impi_de_titularidad_de_patentes_o_lice_v2.pdf,2,Aprobado,Asuntos Regulatorios,U05,2024-08-30,U03,53,6102,False,False
D00471,TR-2024-031,R010,M1,1.6,Plan de manejo de riesgos (PMR),TR-2024-031_1.6_plan_de_manejo_de_riesgos_pmr_v2.pdf,2,Aprobado,Farmacovigilancia,U13,2024-08-17,U08,28,5751,False,False
D00472,TR-2024-031,R011,M1,1.7.1,Certificado de BPF del medicamento,TR-2024-031_1.7.1_certificado_de_bpf_del_medicamento_v1.pdf,1,Aprobado,Calidad,U06,2024-07-26,U06,20,9676,False,False
D00473,TR-2024-031,R012,M1,1.7.2,Certificado de BPF del fármaco,TR-2024-031_1.7.2_certificado_de_bpf_del_farmaco_v1.pdf,1,Aprobado,Calidad,U08,2024-07-28,U14,11,3357,False,False
D00474,TR-2024-031,R020,M2,2.3,Resumen global de calidad,TR-2024-031_2.3_resumen_global_de_calidad_v1.pdf,1,Aprobado,CMC,U10,2024-08-14,U08,31,9228,False,False
D00475,TR-2024-031,R030,M3,3.2.S.1,Información general del fármaco,TR-2024-031_3.2.S.1_informacion_general_del_farmaco_v1.pdf,1,Aprobado,CMC,U10,2024-07-04,U07,11,8664,False,False
D00476,TR-2024-031,R031,M3,3.2.S.2,Fabricación del fármaco,TR-2024-031_3.2.S.2_fabricacion_del_farmaco_v1.pdf,1,Aprobado,CMC,U10,2024-07-23,U06,9,2255,False,False
D00477,TR-2024-031,R032,M3,3.2.S.4,Certificado de análisis del fármaco,TR-2024-031_3.2.S.4_certificado_de_analisis_del_farmaco_v1.pdf,1,Aprobado,Calidad,U14,2024-08-11,U14,29,3132,False,False
D00478,TR-2024-031,R033,M3,3.2.S.7,Estabilidad del fármaco,TR-2024-031_3.2.S.7_estabilidad_del_farmaco_v1.pdf,1,Aprobado,CMC,U10,2024-08-25,U07,22,3795,False,False
D00479,TR-2024-031,R034,M3,3.2.P.1,Descripción y composición del medicamento,TR-2024-031_3.2.P.1_descripcion_y_composicion_del_medicamento_v1.pdf,1,Aprobado,CMC,U09,2024-08-28,U08,17,2350,False,False
D00480,TR-2024-031,R035,M3,3.2.P.3.5,Validación del proceso de fabricación,TR-2024-031_3.2.P.3.5_validacion_del_proceso_de_fabricacion_v1.pdf,1,Aprobado,Calidad,U06,2024-07-15,U07,4,7577,False,False
D00481,TR-2024-031,R036,M3,3.2.P.3.6,Validación de limpieza,TR-2024-031_3.2.P.3.6_validacion_de_limpieza_v1.pdf,1,Aprobado,Calidad,U07,2024-08-18,U08,56,3853,False,False
D00482,TR-2024-031,R037,M3,3.2.P.5,Certificado de análisis del lote del medicamento,TR-2024-031_3.2.P.5_certificado_de_analisis_del_lote_del_medicamento_v1.pdf,1,Aprobado,Calidad,U14,2024-08-16,U08,59,6174,False,False
D00483,TR-2024-031,R038,M3,3.2.P.5.3,Validación de métodos analíticos,TR-2024-031_3.2.P.5.3_validacion_de_metodos_analiticos_v1.pdf,1,Aprobado,Calidad,U08,2024-07-25,U07,25,5799,False,False
D00484,TR-2024-031,R039,M3,3.2.P.7,Sistema contenedor-cierre,TR-2024-031_3.2.P.7_sistema_contenedor_cierre_v1.pdf,1,Aprobado,CMC,U10,2024-08-12,U08,31,838,False,False
D00485,TR-2024-031,R040,M3,3.2.P.8,Estudio de estabilidad del medicamento,TR-2024-031_3.2.P.8_estudio_de_estabilidad_del_medicamento_v2.pdf,2,Aprobado,CMC,U10,2024-08-15,U07,60,9516,False,False
D00486,TR-2024-031,R060,M5,5.3.1.2,Informe del estudio de bioequivalencia,TR-2024-031_5.3.1.2_informe_del_estudio_de_bioequivalencia_v1.pdf,1,Aprobado,Clínico,U12,2024-08-09,U14,49,1312,False,False
D00487,TR-2024-031,R061,M5,5.3.1.3,Perfiles de disolución comparativos,TR-2024-031_5.3.1.3_perfiles_de_disolucion_comparativos_v1.pdf,1,Aprobado,CMC,U09,2024-08-23,U06,26,7680,False,False
D00488,TR-2024-031,R062,M5,5.3.1.4,Autorización vigente del Tercero Autorizado,TR-2024-031_5.3.1.4_autorizacion_vigente_del_tercero_autorizado_v1.pdf,1,Aprobado,Clínico,U12,2024-08-04,U08,29,2316,False,False
D00489,TR-2024-032,R001,M1,1.1,Formato de solicitud firmado,TR-2024-032_1.1_formato_de_solicitud_firmado_v1.pdf,1,Aprobado,Asuntos Regulatorios,U05,2024-07-22,U04,10,1482,False,False
D00490,TR-2024-032,R002,M1,1.2,Comprobante de pago de derechos,TR-2024-032_1.2_comprobante_de_pago_de_derechos_v2.pdf,2,Aprobado,Asuntos Regulatorios,U03,2024-08-22,U05,6,8313,False,False
D00491,TR-2024-032,R015,M1,1.10,Justificación técnica de la modificación,TR-2024-032_1.10_justificacion_tecnica_de_la_modificacion_v1.pdf,1,Aprobado,Asuntos Regulatorios,U04,2024-08-28,U02,24,1661,False,False
D00492,TR-2024-032,R038,M3,3.2.P.5.3,Validación de métodos analíticos,TR-2024-032_3.2.P.5.3_validacion_de_metodos_analiticos_v1.pdf,1,Aprobado,Calidad,U06,2024-09-01,U14,11,9039,False,False
D00493,TR-2024-032,R032,M3,3.2.S.4,Certificado de análisis del fármaco,TR-2024-032_3.2.S.4_certificado_de_analisis_del_farmaco_v1.pdf,1,Aprobado,Calidad,U06,2024-06-14,U07,7,7080,False,False
D00494,TR-2024-032,R035,M3,3.2.P.3.5,Validación del proceso de fabricación,TR-2024-032_3.2.P.3.5_validacion_del_proceso_de_fabricacion_v1.pdf,1,Aprobado,Calidad,U08,2024-07-18,U07,37,5993,False,False
D00495,TR-2024-032,R006,M1,1.4.1,Proyecto de etiqueta del envase secundario,TR-2024-032_1.4.1_proyecto_de_etiqueta_del_envase_secundario_v1.pdf,1,Aprobado,Asuntos Regulatorios,U05,2024-09-05,U02,21,8044,False,False
D00496,TR-2024-032,R039,M3,3.2.P.7,Sistema contenedor-cierre,TR-2024-032_3.2.P.7_sistema_contenedor_cierre_v1.pdf,1,Aprobado,CMC,U09,2024-08-03,U06,7,7627,False,False
D00497,TR-2024-032,R061,M5,5.3.1.3,Perfiles de disolución comparativos,TR-2024-032_5.3.1.3_perfiles_de_disolucion_comparativos_v1.pdf,1,Aprobado,CMC,U10,2024-08-11,U07,27,7007,False,False
D00498,TR-2024-033,R001,M1,1.1,Formato de solicitud firmado,TR-2024-033_1.1_formato_de_solicitud_firmado_v1.pdf,1,Aprobado,Asuntos Regulatorios,U04,2024-08-05,U04,28,8225,False,False
D00499,TR-2024-033,R002,M1,1.2,Comprobante de pago de derechos,TR-2024-033_1.2_comprobante_de_pago_de_derechos_v2.pdf,2,Aprobado,Asuntos Regulatorios,U02,2024-08-16,U04,59,9053,False,False
D00500,TR-2024-033,R015,M1,1.10,Justificación técnica de la modificación,TR-2024-033_1.10_justificacion_tecnica_de_la_modificacion_v2.pdf,2,Aprobado,Asuntos Regulatorios,U02,2024-06-23,U03,24,4000,False,False
D00501,TR-2024-033,R005,M1,1.4.1,Proyecto de etiqueta del envase primario,TR-2024-033_1.4.1_proyecto_de_etiqueta_del_envase_primario_v3.pdf,3,Aprobado,Asuntos Regulatorios,U03,2024-07-20,U03,55,5060,False,False
D00502,TR-2024-033,R032,M3,3.2.S.4,Certificado de análisis del fármaco,TR-2024-033_3.2.S.4_certificado_de_analisis_del_farmaco_v1.pdf,1,Aprobado,Calidad,U06,2024-08-11,U14,42,3282,False,False
D00503,TR-2024-033,R035,M3,3.2.P.3.5,Validación del proceso de fabricación,TR-2024-033_3.2.P.3.5_validacion_del_proceso_de_fabricacion_v2.pdf,2,Aprobado,Calidad,U07,2024-08-25,U07,50,9630,False,False
D00504,TR-2024-034,R001,M1,1.1,Formato de solicitud firmado,TR-2024-034_1.1_formato_de_solicitud_firmado_v1.pdf,1,Aprobado,Asuntos Regulatorios,U05,2024-06-12,U05,31,1155,False,False
D00505,TR-2024-034,R002,M1,1.2,Comprobante de pago de derechos,TR-2024-034_1.2_comprobante_de_pago_de_derechos_v1.pdf,1,Aprobado,Asuntos Regulatorios,U02,2024-08-05,U02,32,3497,False,False
D00506,TR-2024-034,R015,M1,1.10,Justificación técnica de la modificación,TR-2024-034_1.10_justificacion_tecnica_de_la_modificacion_v1.pdf,1,Aprobado,Asuntos Regulatorios,U02,2024-07-12,U03,5,5121,False,False
D00507,TR-2024-034,R005,M1,1.4.1,Proyecto de etiqueta del envase primario,TR-2024-034_1.4.1_proyecto_de_etiqueta_del_envase_primario_v1.pdf,1,Aprobado,Asuntos Regulatorios,U05,2024-08-26,U04,22,1201,False,False
D00508,TR-2024-034,R035,M3,3.2.P.3.5,Validación del proceso de fabricación,TR-2024-034_3.2.P.3.5_validacion_del_proceso_de_fabricacion_v1.pdf,1,Aprobado,Calidad,U14,2024-08-19,U07,6,2881,False,False
D00509,TR-2024-034,R006,M1,1.4.1,Proyecto de etiqueta del envase secundario,TR-2024-034_1.4.1_proyecto_de_etiqueta_del_envase_secundario_v3.pdf,3,Aprobado,Asuntos Regulatorios,U04,2024-08-01,U04,58,3016,False,False
D00510,TR-2024-034,R032,M3,3.2.S.4,Certificado de análisis del fármaco,TR-2024-034_3.2.S.4_certificado_de_analisis_del_farmaco_v1.pdf,1,Aprobado,Calidad,U06,2024-06-19,U06,39,5962,False,False
D00511,TR-2024-034,R039,M3,3.2.P.7,Sistema contenedor-cierre,TR-2024-034_3.2.P.7_sistema_contenedor_cierre_v1.pdf,1,Aprobado,CMC,U09,2024-07-02,U06,58,7636,False,False
D00512,TR-2024-035,R001,M1,1.1,Formato de solicitud firmado,TR-2024-035_1.1_formato_de_solicitud_firmado_v1.pdf,1,Aprobado,Asuntos Regulatorios,U02,2024-07-25,U03,31,7840,False,False
D00513,TR-2024-035,R002,M1,1.2,Comprobante de pago de derechos,TR-2024-035_1.2_comprobante_de_pago_de_derechos_v1.pdf,1,Aprobado,Asuntos Regulatorios,U04,2024-07-03,U03,32,1681,False,False
D00514,TR-2024-035,R015,M1,1.10,Justificación técnica de la modificación,TR-2024-035_1.10_justificacion_tecnica_de_la_modificacion_v1.pdf,1,Aprobado,Asuntos Regulatorios,U02,2024-07-12,U04,45,5249,False,False
D00515,TR-2024-035,R061,M5,5.3.1.3,Perfiles de disolución comparativos,TR-2024-035_5.3.1.3_perfiles_de_disolucion_comparativos_v2.pdf,2,Aprobado,CMC,U09,2024-06-29,U06,14,5083,False,False
D00516,TR-2024-035,R006,M1,1.4.1,Proyecto de etiqueta del envase secundario,TR-2024-035_1.4.1_proyecto_de_etiqueta_del_envase_secundario_v3.pdf,3,Aprobado,Asuntos Regulatorios,U02,2024-09-01,U02,22,7912,False,False
D00517,TR-2024-035,R038,M3,3.2.P.5.3,Validación de métodos analíticos,TR-2024-035_3.2.P.5.3_validacion_de_metodos_analiticos_v2.pdf,2,Aprobado,Calidad,U07,2024-09-01,U06,55,529,False,False
D00518,TR-2024-035,R035,M3,3.2.P.3.5,Validación del proceso de fabricación,TR-2024-035_3.2.P.3.5_validacion_del_proceso_de_fabricacion_v1.pdf,1,Aprobado,Calidad,U14,2024-09-03,U06,33,6822,False,False
D00519,TR-2024-036,R001,M1,1.1,Formato de solicitud firmado,TR-2024-036_1.1_formato_de_solicitud_firmado_v1.pdf,1,Enviado,Asuntos Regulatorios,U03,2024-06-08,U05,43,1116,False,False
D00520,TR-2024-036,R002,M1,1.2,Comprobante de pago de derechos,TR-2024-036_1.2_comprobante_de_pago_de_derechos_v1.pdf,1,Enviado,Asuntos Regulatorios,U05,2024-08-05,U03,29,3170,False,False
D00521,TR-2024-036,R015,M1,1.10,Justificación técnica de la modificación,TR-2024-036_1.10_justificacion_tecnica_de_la_modificacion_v1.pdf,1,Enviado,Asuntos Regulatorios,U05,2024-06-20,U05,57,547,False,False
D00522,TR-2024-036,R040,M3,3.2.P.8,Estudio de estabilidad del medicamento,TR-2024-036_3.2.P.8_estudio_de_estabilidad_del_medicamento_v1.pdf,1,Enviado,CMC,U10,2024-07-01,U14,38,6821,False,False
D00523,TR-2024-036,R038,M3,3.2.P.5.3,Validación de métodos analíticos,TR-2024-036_3.2.P.5.3_validacion_de_metodos_analiticos_v1.pdf,1,Enviado,Calidad,U08,2024-07-18,U14,10,1700,False,False
D00524,TR-2024-036,R035,M3,3.2.P.3.5,Validación del proceso de fabricación,TR-2024-036_3.2.P.3.5_validacion_del_proceso_de_fabricacion_v1.pdf,1,Enviado,Calidad,U14,2024-06-13,U06,15,2522,False,False
D00525,TR-2024-036,R039,M3,3.2.P.7,Sistema contenedor-cierre,TR-2024-036_3.2.P.7_sistema_contenedor_cierre_v1.pdf,1,Enviado,CMC,U10,2024-09-07,U06,55,4272,False,False
D00526,TR-2024-036,R006,M1,1.4.1,Proyecto de etiqueta del envase secundario,TR-2024-036_1.4.1_proyecto_de_etiqueta_del_envase_secundario_v1.pdf,1,Enviado,Asuntos Regulatorios,U04,2024-08-29,U02,24,1456,False,False
D00527,TR-2024-037,R001,M1,1.1,Formato de solicitud firmado,TR-2024-037_1.1_formato_de_solicitud_firmado_v1.pdf,1,Aprobado,Asuntos Regulatorios,U05,2024-11-03,U02,28,3485,False,False
D00528,TR-2024-037,R002,M1,1.2,Comprobante de pago de derechos,TR-2024-037_1.2_comprobante_de_pago_de_derechos_v1.pdf,1,Aprobado,Asuntos Regulatorios,U02,2024-08-27,U05,29,4708,False,False
D00529,TR-2024-037,R015,M1,1.10,Justificación técnica de la modificación,TR-2024-037_1.10_justificacion_tecnica_de_la_modificacion_v1.pdf,1,Aprobado,Asuntos Regulatorios,U05,2024-09-13,U05,41,5176,False,False
D00530,TR-2024-037,R040,M3,3.2.P.8,Estudio de estabilidad del medicamento,TR-2024-037_3.2.P.8_estudio_de_estabilidad_del_medicamento_v1.pdf,1,Aprobado,CMC,U10,2024-10-04,U08,12,6248,False,False
D00531,TR-2024-037,R039,M3,3.2.P.7,Sistema contenedor-cierre,TR-2024-037_3.2.P.7_sistema_contenedor_cierre_v1.pdf,1,Aprobado,CMC,U10,2024-09-02,U14,56,7945,False,False
D00532,TR-2024-038,R001,M1,1.1,Formato de solicitud firmado,TR-2024-038_1.1_formato_de_solicitud_firmado_v1.pdf,1,Aprobado,Asuntos Regulatorios,U05,2024-10-05,U02,41,7336,False,False
D00533,TR-2024-038,R002,M1,1.2,Comprobante de pago de derechos,TR-2024-038_1.2_comprobante_de_pago_de_derechos_v1.pdf,1,Aprobado,Asuntos Regulatorios,U04,2024-11-01,U05,43,5819,False,False
D00534,TR-2024-038,R003,M1,1.3.1,Licencia sanitaria del establecimiento fabricante,TR-2024-038_1.3.1_licencia_sanitaria_del_establecimiento_fabricant_v1.pdf,1,Aprobado,Asuntos Regulatorios,U05,2024-09-19,U02,45,9284,False,False
D00535,TR-2024-038,R004,M1,1.3.2,Instrumento que acredita la representación legal,TR-2024-038_1.3.2_instrumento_que_acredita_la_representacion_legal_v1.pdf,1,Aprobado,Asuntos Regulatorios,U02,2024-08-28,U05,44,6702,False,False
D00536,TR-2024-038,R005,M1,1.4.1,Proyecto de etiqueta del envase primario,TR-2024-038_1.4.1_proyecto_de_etiqueta_del_envase_primario_v1.pdf,1,Aprobado,Asuntos Regulatorios,U03,2024-09-28,U02,4,8926,False,False
D00537,TR-2024-038,R006,M1,1.4.1,Proyecto de etiqueta del envase secundario,TR-2024-038_1.4.1_proyecto_de_etiqueta_del_envase_secundario_v3.pdf,3,Aprobado,Asuntos Regulatorios,U05,2024-09-17,U02,23,1729,False,False
D00538,TR-2024-038,R007,M1,1.4.2,Información para prescribir amplia (IPPA),TR-2024-038_1.4.2_informacion_para_prescribir_amplia_ippa_v1.pdf,1,Aprobado,Asuntos Regulatorios,U04,2024-10-17,U04,35,1528,False,False
D00539,TR-2024-038,R008,M1,1.4.2,Información para prescribir reducida (IPPR),TR-2024-038_1.4.2_informacion_para_prescribir_reducida_ippr_v1.pdf,1,Aprobado,Asuntos Regulatorios,U02,2024-08-26,U03,43,4374,False,False
D00540,TR-2024-038,R009,M1,1.5.1,Documento IMPI de titularidad de patentes o licencia de explotación,TR-2024-038_1.5.1_documento_impi_de_titularidad_de_patentes_o_lice_v1.pdf,1,Aprobado,Asuntos Regulatorios,U03,2024-10-09,U04,4,509,False,False
D00541,TR-2024-038,R010,M1,1.6,Plan de manejo de riesgos (PMR),TR-2024-038_1.6_plan_de_manejo_de_riesgos_pmr_v1.pdf,1,Aprobado,Farmacovigilancia,U13,2024-09-10,U06,48,1845,False,False
D00542,TR-2024-038,R011,M1,1.7.1,Certificado de BPF del medicamento,TR-2024-038_1.7.1_certificado_de_bpf_del_medicamento_v1.pdf,1,Aprobado,Calidad,U08,2024-07-26,U14,39,8065,False,False
D00543,TR-2024-038,R012,M1,1.7.2,Certificado de BPF del fármaco,TR-2024-038_1.7.2_certificado_de_bpf_del_farmaco_v2.pdf,2,Aprobado,Calidad,U07,2024-10-05,U07,4,2314,False,False
D00544,TR-2024-038,R020,M2,2.3,Resumen global de calidad,TR-2024-038_2.3_resumen_global_de_calidad_v1.pdf,1,Aprobado,CMC,U10,2024-09-01,U08,37,7666,False,False
D00545,TR-2024-038,R030,M3,3.2.S.1,Información general del fármaco,TR-2024-038_3.2.S.1_informacion_general_del_farmaco_v1.pdf,1,Aprobado,CMC,U09,2024-08-17,U07,2,1310,False,False
D00546,TR-2024-038,R031,M3,3.2.S.2,Fabricación del fármaco,TR-2024-038_3.2.S.2_fabricacion_del_farmaco_v1.pdf,1,Aprobado,CMC,U09,2024-08-11,U14,49,1836,False,False
D00547,TR-2024-038,R032,M3,3.2.S.4,Certificado de análisis del fármaco,TR-2024-038_3.2.S.4_certificado_de_analisis_del_farmaco_v1.pdf,1,Aprobado,Calidad,U07,2024-09-14,U14,33,3598,False,False
D00548,TR-2024-038,R033,M3,3.2.S.7,Estabilidad del fármaco,TR-2024-038_3.2.S.7_estabilidad_del_farmaco_v1.pdf,1,Aprobado,CMC,U09,2024-09-02,U07,13,8440,False,False
D00549,TR-2024-038,R034,M3,3.2.P.1,Descripción y composición del medicamento,TR-2024-038_3.2.P.1_descripcion_y_composicion_del_medicamento_v1.pdf,1,Aprobado,CMC,U10,2024-09-18,U08,12,2265,False,False
D00550,TR-2024-038,R035,M3,3.2.P.3.5,Validación del proceso de fabricación,TR-2024-038_3.2.P.3.5_validacion_del_proceso_de_fabricacion_v1.pdf,1,Aprobado,Calidad,U07,2024-08-12,U07,32,4979,False,False
D00551,TR-2024-038,R036,M3,3.2.P.3.6,Validación de limpieza,TR-2024-038_3.2.P.3.6_validacion_de_limpieza_v1.pdf,1,Aprobado,Calidad,U14,2024-07-27,U14,7,9071,False,False
D00552,TR-2024-038,R037,M3,3.2.P.5,Certificado de análisis del lote del medicamento,TR-2024-038_3.2.P.5_certificado_de_analisis_del_lote_del_medicamento_v1.pdf,1,Aprobado,Calidad,U07,2024-08-24,U07,46,9227,False,False
D00553,TR-2024-038,R038,M3,3.2.P.5.3,Validación de métodos analíticos,TR-2024-038_3.2.P.5.3_validacion_de_metodos_analiticos_v1.pdf,1,Aprobado,Calidad,U07,2024-09-10,U14,46,2546,False,False
D00554,TR-2024-038,R039,M3,3.2.P.7,Sistema contenedor-cierre,TR-2024-038_3.2.P.7_sistema_contenedor_cierre_v1.pdf,1,Aprobado,CMC,U10,2024-09-23,U14,7,9667,False,False
D00555,TR-2024-038,R040,M3,3.2.P.8,Estudio de estabilidad del medicamento,TR-2024-038_3.2.P.8_estudio_de_estabilidad_del_medicamento_v2.pdf,2,Aprobado,CMC,U09,2024-08-15,U14,57,8846,False,False
D00556,TR-2024-038,R060,M5,5.3.1.2,Informe del estudio de bioequivalencia,TR-2024-038_5.3.1.2_informe_del_estudio_de_bioequivalencia_v1.pdf,1,Aprobado,Clínico,U12,2024-07-18,U14,42,9587,False,False
D00557,TR-2024-038,R061,M5,5.3.1.3,Perfiles de disolución comparativos,TR-2024-038_5.3.1.3_perfiles_de_disolucion_comparativos_v2.pdf,2,Aprobado,CMC,U09,2024-08-31,U06,40,1073,False,False
D00558,TR-2024-038,R062,M5,5.3.1.4,Autorización vigente del Tercero Autorizado,TR-2024-038_5.3.1.4_autorizacion_vigente_del_tercero_autorizado_v1.pdf,1,Aprobado,Clínico,U12,2024-10-24,U08,25,6529,False,False
D00559,TR-2024-039,R001,M1,1.1,Formato de solicitud firmado,TR-2024-039_1.1_formato_de_solicitud_firmado_v1.pdf,1,Aprobado,Asuntos Regulatorios,U04,2024-09-13,U02,23,4631,False,False
D00560,TR-2024-039,R002,M1,1.2,Comprobante de pago de derechos,TR-2024-039_1.2_comprobante_de_pago_de_derechos_v1.pdf,1,Aprobado,Asuntos Regulatorios,U03,2024-07-28,U04,37,523,False,False
D00561,TR-2024-039,R015,M1,1.10,Justificación técnica de la modificación,TR-2024-039_1.10_justificacion_tecnica_de_la_modificacion_v1.pdf,1,Aprobado,Asuntos Regulatorios,U05,2024-08-08,U02,15,4784,False,False
D00562,TR-2024-039,R035,M3,3.2.P.3.5,Validación del proceso de fabricación,TR-2024-039_3.2.P.3.5_validacion_del_proceso_de_fabricacion_v1.pdf,1,Aprobado,Calidad,U14,2024-08-12,U07,51,6141,False,False
D00563,TR-2024-039,R032,M3,3.2.S.4,Certificado de análisis del fármaco,TR-2024-039_3.2.S.4_certificado_de_analisis_del_farmaco_v1.pdf,1,Aprobado,Calidad,U08,2024-08-05,U14,27,5122,False,False
D00564,TR-2024-039,R006,M1,1.4.1,Proyecto de etiqueta del envase secundario,TR-2024-039_1.4.1_proyecto_de_etiqueta_del_envase_secundario_v1.pdf,1,Aprobado,Asuntos Regulatorios,U02,2024-10-16,U02,22,3332,False,False
D00565,TR-2024-039,R005,M1,1.4.1,Proyecto de etiqueta del envase primario,TR-2024-039_1.4.1_proyecto_de_etiqueta_del_envase_primario_v1.pdf,1,Aprobado,Asuntos Regulatorios,U05,2024-07-27,U04,13,6164,False,False
D00566,TR-2024-039,R039,M3,3.2.P.7,Sistema contenedor-cierre,TR-2024-039_3.2.P.7_sistema_contenedor_cierre_v1.pdf,1,Aprobado,CMC,U10,2024-08-09,U07,9,2783,False,False
D00567,TR-2024-040,R001,M1,1.1,Formato de solicitud firmado,TR-2024-040_1.1_formato_de_solicitud_firmado_v1.pdf,1,Aprobado,Asuntos Regulatorios,U02,2024-10-29,U02,21,5562,False,False
D00568,TR-2024-040,R002,M1,1.2,Comprobante de pago de derechos,TR-2024-040_1.2_comprobante_de_pago_de_derechos_v1.pdf,1,Aprobado,Asuntos Regulatorios,U04,2024-08-25,U04,35,5585,False,False
D00569,TR-2024-040,R015,M1,1.10,Justificación técnica de la modificación,TR-2024-040_1.10_justificacion_tecnica_de_la_modificacion_v2.pdf,2,Aprobado,Asuntos Regulatorios,U04,2024-10-02,U04,17,3359,False,False
D00570,TR-2024-040,R061,M5,5.3.1.3,Perfiles de disolución comparativos,TR-2024-040_5.3.1.3_perfiles_de_disolucion_comparativos_v1.pdf,1,Aprobado,CMC,U09,2024-11-13,U07,29,3712,False,False
D00571,TR-2024-040,R005,M1,1.4.1,Proyecto de etiqueta del envase primario,TR-2024-040_1.4.1_proyecto_de_etiqueta_del_envase_primario_v1.pdf,1,Aprobado,Asuntos Regulatorios,U02,2024-09-29,U04,7,2893,False,False
D00572,TR-2024-040,R032,M3,3.2.S.4,Certificado de análisis del fármaco,TR-2024-040_3.2.S.4_certificado_de_analisis_del_farmaco_v1.pdf,1,Aprobado,Calidad,U14,2024-09-12,U06,11,9267,False,False
D00573,TR-2024-040,R006,M1,1.4.1,Proyecto de etiqueta del envase secundario,TR-2024-040_1.4.1_proyecto_de_etiqueta_del_envase_secundario_v2.pdf,2,Aprobado,Asuntos Regulatorios,U02,2024-11-17,U03,16,4163,False,False
D00574,TR-2024-041,R001,M1,1.1,Formato de solicitud firmado,TR-2024-041_1.1_formato_de_solicitud_firmado_v1.pdf,1,Aprobado,Asuntos Regulatorios,U03,2024-09-24,U02,18,9075,False,False
D00575,TR-2024-041,R002,M1,1.2,Comprobante de pago de derechos,TR-2024-041_1.2_comprobante_de_pago_de_derechos_v1.pdf,1,Aprobado,Asuntos Regulatorios,U05,2024-10-19,U02,31,497,False,False
D00576,TR-2024-041,R015,M1,1.10,Justificación técnica de la modificación,TR-2024-041_1.10_justificacion_tecnica_de_la_modificacion_v2.pdf,2,Aprobado,Asuntos Regulatorios,U03,2024-08-26,U04,26,6417,False,False
D00577,TR-2024-041,R006,M1,1.4.1,Proyecto de etiqueta del envase secundario,TR-2024-041_1.4.1_proyecto_de_etiqueta_del_envase_secundario_v4.pdf,4,Aprobado,Asuntos Regulatorios,U03,2024-10-11,U04,43,3944,False,False
D00578,TR-2024-041,R040,M3,3.2.P.8,Estudio de estabilidad del medicamento,TR-2024-041_3.2.P.8_estudio_de_estabilidad_del_medicamento_v4.pdf,4,Aprobado,CMC,U09,2024-10-01,U08,41,3349,False,False
D00579,TR-2024-042,R001,M1,1.1,Formato de solicitud firmado,TR-2024-042_1.1_formato_de_solicitud_firmado_v1.pdf,1,Aprobado,Asuntos Regulatorios,U03,2024-09-07,U02,26,9130,False,False
D00580,TR-2024-042,R002,M1,1.2,Comprobante de pago de derechos,TR-2024-042_1.2_comprobante_de_pago_de_derechos_v1.pdf,1,Aprobado,Asuntos Regulatorios,U02,2024-09-20,U04,11,6952,False,False
D00581,TR-2024-042,R015,M1,1.10,Justificación técnica de la modificación,TR-2024-042_1.10_justificacion_tecnica_de_la_modificacion_v1.pdf,1,Aprobado,Asuntos Regulatorios,U02,2024-09-30,U05,20,2235,False,False
D00582,TR-2024-042,R032,M3,3.2.S.4,Certificado de análisis del fármaco,TR-2024-042_3.2.S.4_certificado_de_analisis_del_farmaco_v1.pdf,1,Aprobado,Calidad,U06,2024-12-10,U08,38,1983,False,False
D00583,TR-2024-042,R038,M3,3.2.P.5.3,Validación de métodos analíticos,TR-2024-042_3.2.P.5.3_validacion_de_metodos_analiticos_v1.pdf,1,Aprobado,Calidad,U07,2024-11-01,U07,39,9285,False,False
D00584,TR-2024-042,R035,M3,3.2.P.3.5,Validación del proceso de fabricación,TR-2024-042_3.2.P.3.5_validacion_del_proceso_de_fabricacion_v1.pdf,1,Aprobado,Calidad,U07,2024-09-01,U14,41,7238,False,False
D00585,TR-2024-043,R001,M1,1.1,Formato de solicitud firmado,TR-2024-043_1.1_formato_de_solicitud_firmado_v1.pdf,1,Aprobado,Asuntos Regulatorios,U02,2024-09-27,U05,31,3405,False,False
D00586,TR-2024-043,R002,M1,1.2,Comprobante de pago de derechos,TR-2024-043_1.2_comprobante_de_pago_de_derechos_v1.pdf,1,Aprobado,Asuntos Regulatorios,U05,2024-11-02,U02,27,5662,False,False
D00587,TR-2024-043,R015,M1,1.10,Justificación técnica de la modificación,TR-2024-043_1.10_justificacion_tecnica_de_la_modificacion_v1.pdf,1,Aprobado,Asuntos Regulatorios,U02,2024-10-22,U04,25,7282,False,False
D00588,TR-2024-043,R038,M3,3.2.P.5.3,Validación de métodos analíticos,TR-2024-043_3.2.P.5.3_validacion_de_metodos_analiticos_v1.pdf,1,Aprobado,Calidad,U07,2024-10-09,U14,36,3170,False,False
D00589,TR-2024-043,R032,M3,3.2.S.4,Certificado de análisis del fármaco,TR-2024-043_3.2.S.4_certificado_de_analisis_del_farmaco_v1.pdf,1,Aprobado,Calidad,U14,2024-12-04,U06,11,2022,False,False
D00590,TR-2024-043,R005,M1,1.4.1,Proyecto de etiqueta del envase primario,TR-2024-043_1.4.1_proyecto_de_etiqueta_del_envase_primario_v1.pdf,1,Aprobado,Asuntos Regulatorios,U02,2024-11-25,U02,34,1327,False,False
D00591,TR-2024-043,R061,M5,5.3.1.3,Perfiles de disolución comparativos,TR-2024-043_5.3.1.3_perfiles_de_disolucion_comparativos_v1.pdf,1,Aprobado,CMC,U10,2024-11-22,U14,9,8677,False,False
D00592,TR-2024-043,R040,M3,3.2.P.8,Estudio de estabilidad del medicamento,TR-2024-043_3.2.P.8_estudio_de_estabilidad_del_medicamento_v1.pdf,1,Aprobado,CMC,U10,2024-10-04,U14,58,9526,False,False
D00593,TR-2025-001,R001,M1,1.1,Formato de solicitud firmado,TR-2025-001_1.1_formato_de_solicitud_firmado_v1.pdf,1,Aprobado,Asuntos Regulatorios,U03,2024-12-25,U04,49,5718,False,False
D00594,TR-2025-001,R002,M1,1.2,Comprobante de pago de derechos,TR-2025-001_1.2_comprobante_de_pago_de_derechos_v1.pdf,1,Aprobado,Asuntos Regulatorios,U03,2024-11-13,U02,49,6810,False,False
D00595,TR-2025-001,R015,M1,1.10,Justificación técnica de la modificación,TR-2025-001_1.10_justificacion_tecnica_de_la_modificacion_v1.pdf,1,Aprobado,Asuntos Regulatorios,U04,2024-12-12,U02,12,4187,False,False
D00596,TR-2025-001,R032,M3,3.2.S.4,Certificado de análisis del fármaco,TR-2025-001_3.2.S.4_certificado_de_analisis_del_farmaco_v1.pdf,1,Aprobado,Calidad,U14,2024-12-09,U07,18,3299,False,False
D00597,TR-2025-001,R035,M3,3.2.P.3.5,Validación del proceso de fabricación,TR-2025-001_3.2.P.3.5_validacion_del_proceso_de_fabricacion_v1.pdf,1,Aprobado,Calidad,U14,2024-12-27,U08,52,8330,False,False
D00598,TR-2025-001,R040,M3,3.2.P.8,Estudio de estabilidad del medicamento,TR-2025-001_3.2.P.8_estudio_de_estabilidad_del_medicamento_v3.pdf,3,Aprobado,CMC,U10,2024-12-16,U07,48,8474,False,False
D00599,TR-2025-001,R006,M1,1.4.1,Proyecto de etiqueta del envase secundario,TR-2025-001_1.4.1_proyecto_de_etiqueta_del_envase_secundario_v2.pdf,2,Aprobado,Asuntos Regulatorios,U04,2024-12-20,U02,34,5336,False,False
D00600,TR-2025-002,R001,M1,1.1,Formato de solicitud firmado,TR-2025-002_1.1_formato_de_solicitud_firmado_v1.pdf,1,Aprobado,Asuntos Regulatorios,U04,2024-11-15,U03,49,8148,False,False
D00601,TR-2025-002,R002,M1,1.2,Comprobante de pago de derechos,TR-2025-002_1.2_comprobante_de_pago_de_derechos_v1.pdf,1,Aprobado,Asuntos Regulatorios,U03,2024-12-25,U03,55,6621,False,False
D00602,TR-2025-002,R015,M1,1.10,Justificación técnica de la modificación,TR-2025-002_1.10_justificacion_tecnica_de_la_modificacion_v1.pdf,1,Aprobado,Asuntos Regulatorios,U02,2024-12-16,U03,44,4319,False,False
D00603,TR-2025-002,R006,M1,1.4.1,Proyecto de etiqueta del envase secundario,TR-2025-002_1.4.1_proyecto_de_etiqueta_del_envase_secundario_v1.pdf,1,Aprobado,Asuntos Regulatorios,U03,2024-12-29,U02,23,4517,False,False
D00604,TR-2025-002,R061,M5,5.3.1.3,Perfiles de disolución comparativos,TR-2025-002_5.3.1.3_perfiles_de_disolucion_comparativos_v1.pdf,1,Aprobado,CMC,U10,2024-11-15,U14,9,8913,False,False
D00605,TR-2025-002,R035,M3,3.2.P.3.5,Validación del proceso de fabricación,TR-2025-002_3.2.P.3.5_validacion_del_proceso_de_fabricacion_v1.pdf,1,Aprobado,Calidad,U08,2024-12-23,U06,26,3245,False,False
D00606,TR-2025-002,R039,M3,3.2.P.7,Sistema contenedor-cierre,TR-2025-002_3.2.P.7_sistema_contenedor_cierre_v1.pdf,1,Aprobado,CMC,U09,2024-12-30,U14,7,2346,False,False
D00607,TR-2025-002,R038,M3,3.2.P.5.3,Validación de métodos analíticos,TR-2025-002_3.2.P.5.3_validacion_de_metodos_analiticos_v1.pdf,1,Aprobado,Calidad,U14,2024-12-27,U07,36,5334,False,False
D00608,TR-2025-003,R001,M1,1.1,Formato de solicitud firmado,TR-2025-003_1.1_formato_de_solicitud_firmado_v1.pdf,1,Enviado,Asuntos Regulatorios,U03,2024-12-17,U04,46,6703,False,False
D00609,TR-2025-003,R002,M1,1.2,Comprobante de pago de derechos,TR-2025-003_1.2_comprobante_de_pago_de_derechos_v2.pdf,2,Enviado,Asuntos Regulatorios,U03,2024-10-17,U02,10,8838,False,False
D00610,TR-2025-003,R015,M1,1.10,Justificación técnica de la modificación,TR-2025-003_1.10_justificacion_tecnica_de_la_modificacion_v2.pdf,2,Enviado,Asuntos Regulatorios,U05,2024-11-10,U02,47,8502,False,False
D00611,TR-2025-003,R032,M3,3.2.S.4,Certificado de análisis del fármaco,TR-2025-003_3.2.S.4_certificado_de_analisis_del_farmaco_v2.pdf,2,Enviado,Calidad,U07,2024-11-21,U06,11,8094,False,False
D00612,TR-2025-003,R061,M5,5.3.1.3,Perfiles de disolución comparativos,TR-2025-003_5.3.1.3_perfiles_de_disolucion_comparativos_v2.pdf,2,Enviado,CMC,U10,2024-10-14,U08,5,6860,False,False
D00613,TR-2025-003,R038,M3,3.2.P.5.3,Validación de métodos analíticos,TR-2025-003_3.2.P.5.3_validacion_de_metodos_analiticos_v2.pdf,2,Enviado,Calidad,U07,2024-10-11,U06,44,7787,False,False
D00614,TR-2025-003,R035,M3,3.2.P.3.5,Validación del proceso de fabricación,TR-2025-003_3.2.P.3.5_validacion_del_proceso_de_fabricacion_v2.pdf,2,Enviado,Calidad,U14,2024-12-20,U08,11,5448,False,False
D00615,TR-2025-004,R001,M1,1.1,Formato de solicitud firmado,TR-2025-004_1.1_formato_de_solicitud_firmado_v1.pdf,1,Aprobado,Asuntos Regulatorios,U02,2024-12-04,U02,37,3265,False,False
D00616,TR-2025-004,R002,M1,1.2,Comprobante de pago de derechos,TR-2025-004_1.2_comprobante_de_pago_de_derechos_v2.pdf,2,Aprobado,Asuntos Regulatorios,U02,2024-12-05,U04,4,2826,False,False
D00617,TR-2025-004,R015,M1,1.10,Justificación técnica de la modificación,TR-2025-004_1.10_justificacion_tecnica_de_la_modificacion_v2.pdf,2,Aprobado,Asuntos Regulatorios,U04,2024-12-07,U02,6,2248,False,False
D00618,TR-2025-004,R005,M1,1.4.1,Proyecto de etiqueta del envase primario,TR-2025-004_1.4.1_proyecto_de_etiqueta_del_envase_primario_v2.pdf,2,Aprobado,Asuntos Regulatorios,U04,2024-12-01,U05,34,7759,False,False
D00619,TR-2025-004,R035,M3,3.2.P.3.5,Validación del proceso de fabricación,TR-2025-004_3.2.P.3.5_validacion_del_proceso_de_fabricacion_v1.pdf,1,Aprobado,Calidad,U08,2024-12-26,U14,58,2238,False,False
D00620,TR-2025-004,R038,M3,3.2.P.5.3,Validación de métodos analíticos,TR-2025-004_3.2.P.5.3_validacion_de_metodos_analiticos_v2.pdf,2,Aprobado,Calidad,U06,2024-11-28,U07,13,7495,False,False
D00621,TR-2025-004,R061,M5,5.3.1.3,Perfiles de disolución comparativos,TR-2025-004_5.3.1.3_perfiles_de_disolucion_comparativos_v1.pdf,1,Aprobado,CMC,U09,2025-01-04,U06,6,3450,False,False
D00622,TR-2025-004,R006,M1,1.4.1,Proyecto de etiqueta del envase secundario,TR-2025-004_1.4.1_proyecto_de_etiqueta_del_envase_secundario_v4.pdf,4,Aprobado,Asuntos Regulatorios,U03,2024-12-08,U02,15,8447,False,False
D00623,TR-2025-004,R039,M3,3.2.P.7,Sistema contenedor-cierre,TR-2025-004_3.2.P.7_sistema_contenedor_cierre_v1.pdf,1,Aprobado,CMC,U09,2025-01-04,U06,39,3896,False,False
D00624,TR-2025-005,R001,M1,1.1,Formato de solicitud firmado,TR-2025-005_1.1_formato_de_solicitud_firmado_v1.pdf,1,Aprobado,Asuntos Regulatorios,U03,2025-01-10,U03,32,9752,False,False
D00625,TR-2025-005,R002,M1,1.2,Comprobante de pago de derechos,TR-2025-005_1.2_comprobante_de_pago_de_derechos_v1.pdf,1,Aprobado,Asuntos Regulatorios,U03,2024-12-25,U04,12,1602,False,False
D00626,TR-2025-005,R015,M1,1.10,Justificación técnica de la modificación,TR-2025-005_1.10_justificacion_tecnica_de_la_modificacion_v2.pdf,2,Aprobado,Asuntos Regulatorios,U04,2024-10-29,U05,46,5698,False,False
D00627,TR-2025-005,R032,M3,3.2.S.4,Certificado de análisis del fármaco,TR-2025-005_3.2.S.4_certificado_de_analisis_del_farmaco_v1.pdf,1,Aprobado,Calidad,U14,2024-11-08,U07,60,4913,False,False
D00628,TR-2025-005,R005,M1,1.4.1,Proyecto de etiqueta del envase primario,TR-2025-005_1.4.1_proyecto_de_etiqueta_del_envase_primario_v1.pdf,1,Aprobado,Asuntos Regulatorios,U02,2024-10-18,U04,6,8556,False,False
D00629,TR-2025-005,R039,M3,3.2.P.7,Sistema contenedor-cierre,TR-2025-005_3.2.P.7_sistema_contenedor_cierre_v2.pdf,2,Aprobado,CMC,U10,2025-01-09,U14,21,387,False,False
D00630,TR-2025-006,R001,M1,1.1,Formato de solicitud firmado,TR-2025-006_1.1_formato_de_solicitud_firmado_v1.pdf,1,Enviado,Asuntos Regulatorios,U04,2024-10-10,U04,26,5317,False,False
D00631,TR-2025-006,R002,M1,1.2,Comprobante de pago de derechos,TR-2025-006_1.2_comprobante_de_pago_de_derechos_v1.pdf,1,Enviado,Asuntos Regulatorios,U04,2025-01-03,U05,2,2955,False,False
D00632,TR-2025-006,R003,M1,1.3.1,Licencia sanitaria del establecimiento fabricante,TR-2025-006_1.3.1_licencia_sanitaria_del_establecimiento_fabricant_v1.pdf,1,Enviado,Asuntos Regulatorios,U04,2024-12-11,U05,47,820,False,False
D00633,TR-2025-006,R004,M1,1.3.2,Instrumento que acredita la representación legal,TR-2025-006_1.3.2_instrumento_que_acredita_la_representacion_legal_v1.pdf,1,Enviado,Asuntos Regulatorios,U04,2024-11-22,U03,3,9104,False,False
D00634,TR-2025-006,R005,M1,1.4.1,Proyecto de etiqueta del envase primario,TR-2025-006_1.4.1_proyecto_de_etiqueta_del_envase_primario_v1.pdf,1,Enviado,Asuntos Regulatorios,U03,2024-11-02,U02,44,9555,False,False
D00635,TR-2025-006,R006,M1,1.4.1,Proyecto de etiqueta del envase secundario,TR-2025-006_1.4.1_proyecto_de_etiqueta_del_envase_secundario_v1.pdf,1,Enviado,Asuntos Regulatorios,U02,2024-11-30,U02,31,568,False,False
D00636,TR-2025-006,R007,M1,1.4.2,Información para prescribir amplia (IPPA),TR-2025-006_1.4.2_informacion_para_prescribir_amplia_ippa_v1.pdf,1,Enviado,Asuntos Regulatorios,U02,2024-12-23,U02,54,7580,False,False
D00637,TR-2025-006,R008,M1,1.4.2,Información para prescribir reducida (IPPR),TR-2025-006_1.4.2_informacion_para_prescribir_reducida_ippr_v1.pdf,1,Enviado,Asuntos Regulatorios,U02,2024-11-21,U04,14,8172,False,False
D00638,TR-2025-006,R009,M1,1.5.1,Documento IMPI de titularidad de patentes o licencia de explotación,TR-2025-006_1.5.1_documento_impi_de_titularidad_de_patentes_o_lice_v1.pdf,1,Enviado,Asuntos Regulatorios,U03,2024-11-11,U03,21,6698,False,False
D00639,TR-2025-006,R010,M1,1.6,Plan de manejo de riesgos (PMR),TR-2025-006_1.6_plan_de_manejo_de_riesgos_pmr_v1.pdf,1,Enviado,Farmacovigilancia,U13,2024-12-01,U14,20,8727,False,False
D00640,TR-2025-006,R011,M1,1.7.1,Certificado de BPF del medicamento,TR-2025-006_1.7.1_certificado_de_bpf_del_medicamento_v1.pdf,1,Enviado,Calidad,U08,2024-11-12,U07,38,5448,False,False
D00641,TR-2025-006,R012,M1,1.7.2,Certificado de BPF del fármaco,TR-2025-006_1.7.2_certificado_de_bpf_del_farmaco_v1.pdf,1,Enviado,Calidad,U14,2025-01-04,U08,15,2712,False,False
D00642,TR-2025-006,R020,M2,2.3,Resumen global de calidad,TR-2025-006_2.3_resumen_global_de_calidad_v1.pdf,1,Enviado,CMC,U10,2025-01-06,U08,44,506,False,False
D00643,TR-2025-006,R030,M3,3.2.S.1,Información general del fármaco,TR-2025-006_3.2.S.1_informacion_general_del_farmaco_v1.pdf,1,Enviado,CMC,U10,2025-01-12,U06,16,3526,False,False
D00644,TR-2025-006,R031,M3,3.2.S.2,Fabricación del fármaco,TR-2025-006_3.2.S.2_fabricacion_del_farmaco_v1.pdf,1,Enviado,CMC,U09,2024-12-13,U06,44,5294,False,False
D00645,TR-2025-006,R032,M3,3.2.S.4,Certificado de análisis del fármaco,TR-2025-006_3.2.S.4_certificado_de_analisis_del_farmaco_v1.pdf,1,Enviado,Calidad,U06,2025-01-06,U14,47,7558,False,False
D00646,TR-2025-006,R033,M3,3.2.S.7,Estabilidad del fármaco,TR-2025-006_3.2.S.7_estabilidad_del_farmaco_v1.pdf,1,Enviado,CMC,U09,2024-12-07,U07,15,8691,False,False
D00647,TR-2025-006,R034,M3,3.2.P.1,Descripción y composición del medicamento,TR-2025-006_3.2.P.1_descripcion_y_composicion_del_medicamento_v1.pdf,1,Enviado,CMC,U09,2024-12-05,U07,40,866,False,False
D00648,TR-2025-006,R035,M3,3.2.P.3.5,Validación del proceso de fabricación,TR-2025-006_3.2.P.3.5_validacion_del_proceso_de_fabricacion_v1.pdf,1,Enviado,Calidad,U06,2025-01-11,U06,24,5166,False,False
D00649,TR-2025-006,R036,M3,3.2.P.3.6,Validación de limpieza,TR-2025-006_3.2.P.3.6_validacion_de_limpieza_v1.pdf,1,Enviado,Calidad,U08,2024-12-30,U07,13,4017,False,False
D00650,TR-2025-006,R037,M3,3.2.P.5,Certificado de análisis del lote del medicamento,TR-2025-006_3.2.P.5_certificado_de_analisis_del_lote_del_medicamento_v1.pdf,1,Enviado,Calidad,U08,2025-01-05,U08,30,690,False,False
D00651,TR-2025-006,R038,M3,3.2.P.5.3,Validación de métodos analíticos,TR-2025-006_3.2.P.5.3_validacion_de_metodos_analiticos_v1.pdf,1,Enviado,Calidad,U06,2024-10-17,U14,8,8371,False,False
D00652,TR-2025-006,R039,M3,3.2.P.7,Sistema contenedor-cierre,TR-2025-006_3.2.P.7_sistema_contenedor_cierre_v1.pdf,1,Enviado,CMC,U10,2025-01-12,U06,40,2120,False,False
D00653,TR-2025-006,R040,M3,3.2.P.8,Estudio de estabilidad del medicamento,TR-2025-006_3.2.P.8_estudio_de_estabilidad_del_medicamento_v1.pdf,1,Enviado,CMC,U09,2024-11-25,U06,35,4347,False,False
D00654,TR-2025-006,R060,M5,5.3.1.2,Informe del estudio de bioequivalencia,TR-2025-006_5.3.1.2_informe_del_estudio_de_bioequivalencia_v1.pdf,1,Enviado,Clínico,U12,2025-01-07,U06,51,1378,False,False
D00655,TR-2025-006,R061,M5,5.3.1.3,Perfiles de disolución comparativos,TR-2025-006_5.3.1.3_perfiles_de_disolucion_comparativos_v1.pdf,1,Enviado,CMC,U09,2024-12-31,U14,55,2657,False,False
D00656,TR-2025-006,R062,M5,5.3.1.4,Autorización vigente del Tercero Autorizado,TR-2025-006_5.3.1.4_autorizacion_vigente_del_tercero_autorizado_v1.pdf,1,Enviado,Clínico,U11,2024-11-29,U07,6,9674,False,False
D00657,TR-2025-007,R001,M1,1.1,Formato de solicitud firmado,TR-2025-007_1.1_formato_de_solicitud_firmado_v1.pdf,1,Aprobado,Asuntos Regulatorios,U03,2024-10-13,U05,59,338,False,False
D00658,TR-2025-007,R002,M1,1.2,Comprobante de pago de derechos,TR-2025-007_1.2_comprobante_de_pago_de_derechos_v1.pdf,1,Aprobado,Asuntos Regulatorios,U05,2024-11-06,U03,21,6044,False,False
D00659,TR-2025-007,R015,M1,1.10,Justificación técnica de la modificación,TR-2025-007_1.10_justificacion_tecnica_de_la_modificacion_v1.pdf,1,Aprobado,Asuntos Regulatorios,U05,2024-12-31,U02,27,750,False,False
D00660,TR-2025-007,R038,M3,3.2.P.5.3,Validación de métodos analíticos,TR-2025-007_3.2.P.5.3_validacion_de_metodos_analiticos_v1.pdf,1,Aprobado,Calidad,U06,2025-01-13,U08,38,5280,False,False
D00661,TR-2025-007,R032,M3,3.2.S.4,Certificado de análisis del fármaco,TR-2025-007_3.2.S.4_certificado_de_analisis_del_farmaco_v1.pdf,1,Aprobado,Calidad,U07,2024-11-05,U14,22,7578,False,False
D00662,TR-2025-007,R035,M3,3.2.P.3.5,Validación del proceso de fabricación,TR-2025-007_3.2.P.3.5_validacion_del_proceso_de_fabricacion_v1.pdf,1,Aprobado,Calidad,U08,2024-12-30,U08,29,628,False,False
D00663,TR-2025-008,R001,M1,1.1,Formato de solicitud firmado,TR-2025-008_1.1_formato_de_solicitud_firmado_v1.pdf,1,Aprobado,Asuntos Regulatorios,U02,2024-12-08,U04,37,7349,False,False
D00664,TR-2025-008,R002,M1,1.2,Comprobante de pago de derechos,TR-2025-008_1.2_comprobante_de_pago_de_derechos_v1.pdf,1,Aprobado,Asuntos Regulatorios,U02,2024-11-23,U04,24,6207,False,False
D00665,TR-2025-008,R015,M1,1.10,Justificación técnica de la modificación,TR-2025-008_1.10_justificacion_tecnica_de_la_modificacion_v1.pdf,1,Aprobado,Asuntos Regulatorios,U03,2025-01-01,U04,2,1377,False,False
D00666,TR-2025-008,R035,M3,3.2.P.3.5,Validación del proceso de fabricación,TR-2025-008_3.2.P.3.5_validacion_del_proceso_de_fabricacion_v1.pdf,1,Aprobado,Calidad,U07,2024-11-17,U08,37,435,False,False
D00667,TR-2025-008,R038,M3,3.2.P.5.3,Validación de métodos analíticos,TR-2025-008_3.2.P.5.3_validacion_de_metodos_analiticos_v1.pdf,1,Aprobado,Calidad,U08,2024-12-31,U14,45,502,False,False
D00668,TR-2025-008,R006,M1,1.4.1,Proyecto de etiqueta del envase secundario,TR-2025-008_1.4.1_proyecto_de_etiqueta_del_envase_secundario_v2.pdf,2,Aprobado,Asuntos Regulatorios,U04,2024-12-10,U02,8,7131,False,False
D00669,TR-2025-008,R039,M3,3.2.P.7,Sistema contenedor-cierre,TR-2025-008_3.2.P.7_sistema_contenedor_cierre_v1.pdf,1,Aprobado,CMC,U10,2024-12-22,U14,37,3418,False,False
D00670,TR-2025-008,R005,M1,1.4.1,Proyecto de etiqueta del envase primario,TR-2025-008_1.4.1_proyecto_de_etiqueta_del_envase_primario_v1.pdf,1,Aprobado,Asuntos Regulatorios,U02,2024-12-18,U03,7,194,False,False
D00671,TR-2025-008,R061,M5,5.3.1.3,Perfiles de disolución comparativos,TR-2025-008_5.3.1.3_perfiles_de_disolucion_comparativos_v1.pdf,1,Aprobado,CMC,U09,2025-01-14,U06,39,6152,False,False
D00672,TR-2025-009,R001,M1,1.1,Formato de solicitud firmado,TR-2025-009_1.1_formato_de_solicitud_firmado_v1.pdf,1,Aprobado,Asuntos Regulatorios,U02,2025-01-13,U04,44,544,False,False
D00673,TR-2025-009,R002,M1,1.2,Comprobante de pago de derechos,TR-2025-009_1.2_comprobante_de_pago_de_derechos_v1.pdf,1,Aprobado,Asuntos Regulatorios,U02,2024-10-22,U03,23,3103,False,False
D00674,TR-2025-009,R015,M1,1.10,Justificación técnica de la modificación,TR-2025-009_1.10_justificacion_tecnica_de_la_modificacion_v2.pdf,2,Aprobado,Asuntos Regulatorios,U03,2025-01-18,U02,17,3405,False,False
D00675,TR-2025-009,R039,M3,3.2.P.7,Sistema contenedor-cierre,TR-2025-009_3.2.P.7_sistema_contenedor_cierre_v2.pdf,2,Aprobado,CMC,U10,2025-01-17,U07,38,6730,False,False
D00676,TR-2025-009,R006,M1,1.4.1,Proyecto de etiqueta del envase secundario,TR-2025-009_1.4.1_proyecto_de_etiqueta_del_envase_secundario_v3.pdf,3,Aprobado,Asuntos Regulatorios,U05,2024-12-27,U04,10,7260,False,False
D00677,TR-2025-009,R061,M5,5.3.1.3,Perfiles de disolución comparativos,TR-2025-009_5.3.1.3_perfiles_de_disolucion_comparativos_v2.pdf,2,Aprobado,CMC,U10,2025-01-03,U08,7,8066,False,False
D00678,TR-2025-009,R005,M1,1.4.1,Proyecto de etiqueta del envase primario,TR-2025-009_1.4.1_proyecto_de_etiqueta_del_envase_primario_v2.pdf,2,Aprobado,Asuntos Regulatorios,U05,2024-11-13,U03,46,4493,False,False
D00679,TR-2025-010,R001,M1,1.1,Formato de solicitud firmado,TR-2025-010_1.1_formato_de_solicitud_firmado_v1.pdf,1,Aprobado,Asuntos Regulatorios,U04,2024-12-24,U03,24,790,False,False
D00680,TR-2025-010,R002,M1,1.2,Comprobante de pago de derechos,TR-2025-010_1.2_comprobante_de_pago_de_derechos_v2.pdf,2,Aprobado,Asuntos Regulatorios,U05,2025-01-12,U02,53,657,False,False
D00681,TR-2025-010,R015,M1,1.10,Justificación técnica de la modificación,TR-2025-010_1.10_justificacion_tecnica_de_la_modificacion_v2.pdf,2,Aprobado,Asuntos Regulatorios,U02,2025-01-12,U03,4,248,False,False
D00682,TR-2025-010,R032,M3,3.2.S.4,Certificado de análisis del fármaco,TR-2025-010_3.2.S.4_certificado_de_analisis_del_farmaco_v2.pdf,2,Aprobado,Calidad,U08,2024-12-08,U14,4,3594,False,False
D00683,TR-2025-010,R035,M3,3.2.P.3.5,Validación del proceso de fabricación,TR-2025-010_3.2.P.3.5_validacion_del_proceso_de_fabricacion_v2.pdf,2,Aprobado,Calidad,U06,2025-02-01,U06,31,588,False,False
D00684,TR-2025-011,R001,M1,1.1,Formato de solicitud firmado,TR-2025-011_1.1_formato_de_solicitud_firmado_v1.pdf,1,Aprobado,Asuntos Regulatorios,U04,2025-01-31,U04,3,9586,False,False
D00685,TR-2025-011,R002,M1,1.2,Comprobante de pago de derechos,TR-2025-011_1.2_comprobante_de_pago_de_derechos_v2.pdf,2,Aprobado,Asuntos Regulatorios,U04,2025-01-10,U05,44,3941,False,False
D00686,TR-2025-011,R015,M1,1.10,Justificación técnica de la modificación,TR-2025-011_1.10_justificacion_tecnica_de_la_modificacion_v1.pdf,1,Aprobado,Asuntos Regulatorios,U05,2025-01-30,U05,38,8475,False,False
D00687,TR-2025-011,R035,M3,3.2.P.3.5,Validación del proceso de fabricación,TR-2025-011_3.2.P.3.5_validacion_del_proceso_de_fabricacion_v1.pdf,1,Aprobado,Calidad,U14,2025-01-22,U06,34,9408,False,False
D00688,TR-2025-011,R038,M3,3.2.P.5.3,Validación de métodos analíticos,TR-2025-011_3.2.P.5.3_validacion_de_metodos_analiticos_v1.pdf,1,Aprobado,Calidad,U14,2025-01-02,U06,47,9715,False,False
D00689,TR-2025-011,R005,M1,1.4.1,Proyecto de etiqueta del envase primario,TR-2025-011_1.4.1_proyecto_de_etiqueta_del_envase_primario_v1.pdf,1,Aprobado,Asuntos Regulatorios,U02,2025-01-30,U04,7,6038,False,False
D00690,TR-2025-011,R006,M1,1.4.1,Proyecto de etiqueta del envase secundario,TR-2025-011_1.4.1_proyecto_de_etiqueta_del_envase_secundario_v1.pdf,1,Aprobado,Asuntos Regulatorios,U05,2025-01-04,U04,2,7425,False,False
D00691,TR-2025-012,R001,M1,1.1,Formato de solicitud firmado,TR-2025-012_1.1_formato_de_solicitud_firmado_v1.pdf,1,Enviado,Asuntos Regulatorios,U05,2025-01-14,U05,21,7867,False,False
D00692,TR-2025-012,R002,M1,1.2,Comprobante de pago de derechos,TR-2025-012_1.2_comprobante_de_pago_de_derechos_v1.pdf,1,Enviado,Asuntos Regulatorios,U02,2025-02-16,U03,28,3280,False,False
D00693,TR-2025-012,R015,M1,1.10,Justificación técnica de la modificación,TR-2025-012_1.10_justificacion_tecnica_de_la_modificacion_v1.pdf,1,Enviado,Asuntos Regulatorios,U02,2025-02-15,U05,3,2009,False,False
D00694,TR-2025-012,R005,M1,1.4.1,Proyecto de etiqueta del envase primario,TR-2025-012_1.4.1_proyecto_de_etiqueta_del_envase_primario_v1.pdf,1,Enviado,Asuntos Regulatorios,U02,2025-01-11,U03,43,2887,False,False
D00695,TR-2025-012,R061,M5,5.3.1.3,Perfiles de disolución comparativos,TR-2025-012_5.3.1.3_perfiles_de_disolucion_comparativos_v1.pdf,1,Enviado,CMC,U10,2025-01-26,U08,21,2303,False,False
D00696,TR-2025-013,R001,M1,1.1,Formato de solicitud firmado,TR-2025-013_1.1_formato_de_solicitud_firmado_v1.pdf,1,Enviado,Asuntos Regulatorios,U02,2025-01-27,U04,23,9598,False,False
D00697,TR-2025-013,R002,M1,1.2,Comprobante de pago de derechos,TR-2025-013_1.2_comprobante_de_pago_de_derechos_v1.pdf,1,Enviado,Asuntos Regulatorios,U02,2024-11-12,U05,53,2579,False,False
D00698,TR-2025-013,R015,M1,1.10,Justificación técnica de la modificación,TR-2025-013_1.10_justificacion_tecnica_de_la_modificacion_v1.pdf,1,Enviado,Asuntos Regulatorios,U03,2025-01-24,U03,57,6225,False,False
D00699,TR-2025-013,R006,M1,1.4.1,Proyecto de etiqueta del envase secundario,TR-2025-013_1.4.1_proyecto_de_etiqueta_del_envase_secundario_v4.pdf,4,Enviado,Asuntos Regulatorios,U03,2024-12-06,U02,28,1099,False,False
D00700,TR-2025-013,R039,M3,3.2.P.7,Sistema contenedor-cierre,TR-2025-013_3.2.P.7_sistema_contenedor_cierre_v2.pdf,2,Enviado,CMC,U10,2024-11-15,U07,35,5914,False,False
D00701,TR-2025-014,R001,M1,1.1,Formato de solicitud firmado,TR-2025-014_1.1_formato_de_solicitud_firmado_v1.pdf,1,Aprobado,Asuntos Regulatorios,U02,2025-02-24,U03,23,3065,False,False
D00702,TR-2025-014,R002,M1,1.2,Comprobante de pago de derechos,TR-2025-014_1.2_comprobante_de_pago_de_derechos_v1.pdf,1,Aprobado,Asuntos Regulatorios,U04,2024-12-06,U03,44,9102,False,False
D00703,TR-2025-014,R015,M1,1.10,Justificación técnica de la modificación,TR-2025-014_1.10_justificacion_tecnica_de_la_modificacion_v2.pdf,2,Aprobado,Asuntos Regulatorios,U05,2025-01-29,U02,58,7008,False,False
D00704,TR-2025-014,R006,M1,1.4.1,Proyecto de etiqueta del envase secundario,TR-2025-014_1.4.1_proyecto_de_etiqueta_del_envase_secundario_v3.pdf,3,Aprobado,Asuntos Regulatorios,U03,2025-01-26,U05,54,9206,False,False
D00705,TR-2025-014,R061,M5,5.3.1.3,Perfiles de disolución comparativos,TR-2025-014_5.3.1.3_perfiles_de_disolucion_comparativos_v2.pdf,2,Aprobado,CMC,U09,2024-11-23,U07,10,4481,False,False
D00706,TR-2025-015,R001,M1,1.1,Formato de solicitud firmado,TR-2025-015_1.1_formato_de_solicitud_firmado_v1.pdf,1,Aprobado,Asuntos Regulatorios,U03,2025-03-03,U03,16,9508,False,False
D00707,TR-2025-015,R002,M1,1.2,Comprobante de pago de derechos,TR-2025-015_1.2_comprobante_de_pago_de_derechos_v1.pdf,1,Aprobado,Asuntos Regulatorios,U04,2025-01-08,U02,30,2740,False,False
D00708,TR-2025-015,R003,M1,1.3.1,Licencia sanitaria del establecimiento fabricante,TR-2025-015_1.3.1_licencia_sanitaria_del_establecimiento_fabricant_v1.pdf,1,Aprobado,Asuntos Regulatorios,U04,2025-02-11,U04,53,1659,False,False
D00709,TR-2025-015,R004,M1,1.3.2,Instrumento que acredita la representación legal,TR-2025-015_1.3.2_instrumento_que_acredita_la_representacion_legal_v1.pdf,1,Aprobado,Asuntos Regulatorios,U02,2025-01-23,U03,28,4605,False,False
D00710,TR-2025-015,R005,M1,1.4.1,Proyecto de etiqueta del envase primario,TR-2025-015_1.4.1_proyecto_de_etiqueta_del_envase_primario_v1.pdf,1,Aprobado,Asuntos Regulatorios,U04,2025-03-01,U04,31,3889,False,False
D00711,TR-2025-015,R006,M1,1.4.1,Proyecto de etiqueta del envase secundario,TR-2025-015_1.4.1_proyecto_de_etiqueta_del_envase_secundario_v1.pdf,1,Aprobado,Asuntos Regulatorios,U04,2025-02-06,U03,28,7768,False,False
D00712,TR-2025-015,R007,M1,1.4.2,Información para prescribir amplia (IPPA),TR-2025-015_1.4.2_informacion_para_prescribir_amplia_ippa_v1.pdf,1,Aprobado,Asuntos Regulatorios,U04,2025-01-16,U05,33,1584,False,False
D00713,TR-2025-015,R008,M1,1.4.2,Información para prescribir reducida (IPPR),TR-2025-015_1.4.2_informacion_para_prescribir_reducida_ippr_v1.pdf,1,Aprobado,Asuntos Regulatorios,U03,2025-02-17,U05,13,2654,False,False
D00714,TR-2025-015,R009,M1,1.5.1,Documento IMPI de titularidad de patentes o licencia de explotación,TR-2025-015_1.5.1_documento_impi_de_titularidad_de_patentes_o_lice_v2.pdf,2,Aprobado,Asuntos Regulatorios,U03,2025-02-20,U03,43,3754,False,False
D00715,TR-2025-015,R010,M1,1.6,Plan de manejo de riesgos (PMR),TR-2025-015_1.6_plan_de_manejo_de_riesgos_pmr_v1.pdf,1,Aprobado,Farmacovigilancia,U13,2025-02-15,U06,10,8222,False,False
D00716,TR-2025-015,R011,M1,1.7.1,Certificado de BPF del medicamento,TR-2025-015_1.7.1_certificado_de_bpf_del_medicamento_v1.pdf,1,Aprobado,Calidad,U14,2025-01-08,U06,6,6908,False,False
D00717,TR-2025-015,R012,M1,1.7.2,Certificado de BPF del fármaco,TR-2025-015_1.7.2_certificado_de_bpf_del_farmaco_v1.pdf,1,Aprobado,Calidad,U14,2025-02-22,U07,13,5076,False,False
D00718,TR-2025-015,R020,M2,2.3,Resumen global de calidad,TR-2025-015_2.3_resumen_global_de_calidad_v1.pdf,1,Aprobado,CMC,U10,2025-01-11,U06,17,6960,False,False
D00719,TR-2025-015,R030,M3,3.2.S.1,Información general del fármaco,TR-2025-015_3.2.S.1_informacion_general_del_farmaco_v1.pdf,1,Aprobado,CMC,U10,2025-02-01,U07,45,5705,False,False
D00720,TR-2025-015,R031,M3,3.2.S.2,Fabricación del fármaco,TR-2025-015_3.2.S.2_fabricacion_del_farmaco_v1.pdf,1,Aprobado,CMC,U09,2025-01-27,U14,46,7148,False,False
D00721,TR-2025-015,R032,M3,3.2.S.4,Certificado de análisis del fármaco,TR-2025-015_3.2.S.4_certificado_de_analisis_del_farmaco_v2.pdf,2,Aprobado,Calidad,U07,2025-02-27,U08,57,2897,False,False
D00722,TR-2025-015,R033,M3,3.2.S.7,Estabilidad del fármaco,TR-2025-015_3.2.S.7_estabilidad_del_farmaco_v1.pdf,1,Aprobado,CMC,U10,2025-02-20,U14,44,7949,False,False
D00723,TR-2025-015,R034,M3,3.2.P.1,Descripción y composición del medicamento,TR-2025-015_3.2.P.1_descripcion_y_composicion_del_medicamento_v1.pdf,1,Aprobado,CMC,U09,2025-01-25,U08,58,5875,False,False
D00724,TR-2025-015,R035,M3,3.2.P.3.5,Validación del proceso de fabricación,TR-2025-015_3.2.P.3.5_validacion_del_proceso_de_fabricacion_v1.pdf,1,Aprobado,Calidad,U14,2025-02-15,U07,21,5524,False,False
D00725,TR-2025-015,R036,M3,3.2.P.3.6,Validación de limpieza,TR-2025-015_3.2.P.3.6_validacion_de_limpieza_v1.pdf,1,Aprobado,Calidad,U08,2025-02-22,U06,31,9025,False,False
D00726,TR-2025-015,R037,M3,3.2.P.5,Certificado de análisis del lote del medicamento,TR-2025-015_3.2.P.5_certificado_de_analisis_del_lote_del_medicamento_v2.pdf,2,Aprobado,Calidad,U06,2025-01-24,U08,42,8182,False,False
D00727,TR-2025-015,R038,M3,3.2.P.5.3,Validación de métodos analíticos,TR-2025-015_3.2.P.5.3_validacion_de_metodos_analiticos_v1.pdf,1,Aprobado,Calidad,U08,2025-01-21,U08,10,2680,False,False
D00728,TR-2025-015,R039,M3,3.2.P.7,Sistema contenedor-cierre,TR-2025-015_3.2.P.7_sistema_contenedor_cierre_v1.pdf,1,Aprobado,CMC,U09,2025-02-03,U07,22,519,False,False
D00729,TR-2025-015,R040,M3,3.2.P.8,Estudio de estabilidad del medicamento,TR-2025-015_3.2.P.8_estudio_de_estabilidad_del_medicamento_v1.pdf,1,Aprobado,CMC,U09,2025-01-16,U14,46,2693,False,False
D00730,TR-2025-015,R060,M5,5.3.1.2,Informe del estudio de bioequivalencia,TR-2025-015_5.3.1.2_informe_del_estudio_de_bioequivalencia_v1.pdf,1,Aprobado,Clínico,U11,2025-01-10,U08,24,4683,False,False
D00731,TR-2025-015,R061,M5,5.3.1.3,Perfiles de disolución comparativos,TR-2025-015_5.3.1.3_perfiles_de_disolucion_comparativos_v1.pdf,1,Aprobado,CMC,U09,2025-01-30,U08,51,4169,False,False
D00732,TR-2025-015,R062,M5,5.3.1.4,Autorización vigente del Tercero Autorizado,TR-2025-015_5.3.1.4_autorizacion_vigente_del_tercero_autorizado_v1.pdf,1,Aprobado,Clínico,U11,2025-03-05,U07,32,8559,False,False
D00733,TR-2025-016,R001,M1,1.1,Formato de solicitud firmado,TR-2025-016_1.1_formato_de_solicitud_firmado_v1.pdf,1,Aprobado,Asuntos Regulatorios,U03,2025-02-12,U03,24,667,False,False
D00734,TR-2025-016,R002,M1,1.2,Comprobante de pago de derechos,TR-2025-016_1.2_comprobante_de_pago_de_derechos_v1.pdf,1,Aprobado,Asuntos Regulatorios,U03,2025-02-20,U04,32,8445,False,False
D00735,TR-2025-016,R015,M1,1.10,Justificación técnica de la modificación,TR-2025-016_1.10_justificacion_tecnica_de_la_modificacion_v1.pdf,1,Aprobado,Asuntos Regulatorios,U04,2025-02-04,U03,27,5979,False,False
D00736,TR-2025-016,R006,M1,1.4.1,Proyecto de etiqueta del envase secundario,TR-2025-016_1.4.1_proyecto_de_etiqueta_del_envase_secundario_v1.pdf,1,Aprobado,Asuntos Regulatorios,U02,2025-02-22,U02,11,8476,False,False
D00737,TR-2025-016,R039,M3,3.2.P.7,Sistema contenedor-cierre,TR-2025-016_3.2.P.7_sistema_contenedor_cierre_v1.pdf,1,Aprobado,CMC,U09,2025-02-21,U06,59,2107,False,False
D00738,TR-2025-017,R001,M1,1.1,Formato de solicitud firmado,TR-2025-017_1.1_formato_de_solicitud_firmado_v1.pdf,1,Enviado,Asuntos Regulatorios,U03,2025-02-21,U03,50,2865,False,False
D00739,TR-2025-017,R002,M1,1.2,Comprobante de pago de derechos,TR-2025-017_1.2_comprobante_de_pago_de_derechos_v1.pdf,1,Enviado,Asuntos Regulatorios,U03,2025-02-20,U03,43,6692,False,False
D00740,TR-2025-017,R015,M1,1.10,Justificación técnica de la modificación,TR-2025-017_1.10_justificacion_tecnica_de_la_modificacion_v1.pdf,1,Enviado,Asuntos Regulatorios,U02,2025-02-19,U04,53,1408,False,False
D00741,TR-2025-017,R038,M3,3.2.P.5.3,Validación de métodos analíticos,TR-2025-017_3.2.P.5.3_validacion_de_metodos_analiticos_v1.pdf,1,Enviado,Calidad,U07,2025-02-06,U06,53,614,False,False
D00742,TR-2025-017,R005,M1,1.4.1,Proyecto de etiqueta del envase primario,TR-2025-017_1.4.1_proyecto_de_etiqueta_del_envase_primario_v1.pdf,1,Enviado,Asuntos Regulatorios,U02,2025-02-25,U02,51,8371,False,False
D00743,TR-2025-017,R040,M3,3.2.P.8,Estudio de estabilidad del medicamento,TR-2025-017_3.2.P.8_estudio_de_estabilidad_del_medicamento_v1.pdf,1,Enviado,CMC,U09,2025-02-20,U06,11,9555,False,False
D00744,TR-2025-017,R006,M1,1.4.1,Proyecto de etiqueta del envase secundario,TR-2025-017_1.4.1_proyecto_de_etiqueta_del_envase_secundario_v1.pdf,1,Enviado,Asuntos Regulatorios,U05,2025-02-14,U05,16,3555,False,False
D00745,TR-2025-017,R035,M3,3.2.P.3.5,Validación del proceso de fabricación,TR-2025-017_3.2.P.3.5_validacion_del_proceso_de_fabricacion_v1.pdf,1,Enviado,Calidad,U14,2025-02-07,U08,34,6868,False,False
D00746,TR-2025-017,R039,M3,3.2.P.7,Sistema contenedor-cierre,TR-2025-017_3.2.P.7_sistema_contenedor_cierre_v1.pdf,1,Enviado,CMC,U09,2025-02-13,U14,43,8035,False,False
D00747,TR-2025-018,R001,M1,1.1,Formato de solicitud firmado,TR-2025-018_1.1_formato_de_solicitud_firmado_v1.pdf,1,Aprobado,Asuntos Regulatorios,U03,2025-02-15,U04,28,788,False,False
D00748,TR-2025-018,R002,M1,1.2,Comprobante de pago de derechos,TR-2025-018_1.2_comprobante_de_pago_de_derechos_v1.pdf,1,Aprobado,Asuntos Regulatorios,U03,2025-02-07,U03,32,2623,False,False
D00749,TR-2025-018,R015,M1,1.10,Justificación técnica de la modificación,TR-2025-018_1.10_justificacion_tecnica_de_la_modificacion_v1.pdf,1,Aprobado,Asuntos Regulatorios,U04,2025-01-18,U03,33,4915,False,False
D00750,TR-2025-018,R040,M3,3.2.P.8,Estudio de estabilidad del medicamento,TR-2025-018_3.2.P.8_estudio_de_estabilidad_del_medicamento_v1.pdf,1,Aprobado,CMC,U10,2025-02-28,U06,27,4512,False,False
D00751,TR-2025-018,R038,M3,3.2.P.5.3,Validación de métodos analíticos,TR-2025-018_3.2.P.5.3_validacion_de_metodos_analiticos_v1.pdf,1,Aprobado,Calidad,U06,2025-03-02,U07,42,9556,False,False
D00752,TR-2025-019,R001,M1,1.1,Formato de solicitud firmado,TR-2025-019_1.1_formato_de_solicitud_firmado_v1.pdf,1,Aprobado,Asuntos Regulatorios,U03,2025-03-07,U03,18,4410,False,False
D00753,TR-2025-019,R002,M1,1.2,Comprobante de pago de derechos,TR-2025-019_1.2_comprobante_de_pago_de_derechos_v1.pdf,1,Aprobado,Asuntos Regulatorios,U04,2025-02-11,U05,45,870,False,False
D00754,TR-2025-019,R015,M1,1.10,Justificación técnica de la modificación,TR-2025-019_1.10_justificacion_tecnica_de_la_modificacion_v1.pdf,1,Aprobado,Asuntos Regulatorios,U04,2025-02-18,U05,47,7524,False,False
D00755,TR-2025-019,R035,M3,3.2.P.3.5,Validación del proceso de fabricación,TR-2025-019_3.2.P.3.5_validacion_del_proceso_de_fabricacion_v1.pdf,1,Aprobado,Calidad,U14,2025-03-11,U07,37,6819,False,False
D00756,TR-2025-019,R061,M5,5.3.1.3,Perfiles de disolución comparativos,TR-2025-019_5.3.1.3_perfiles_de_disolucion_comparativos_v1.pdf,1,Aprobado,CMC,U09,2025-02-17,U14,18,1284,False,False
D00757,TR-2025-019,R038,M3,3.2.P.5.3,Validación de métodos analíticos,TR-2025-019_3.2.P.5.3_validacion_de_metodos_analiticos_v1.pdf,1,Aprobado,Calidad,U14,2025-03-11,U06,27,9300,False,False
D00758,TR-2025-019,R039,M3,3.2.P.7,Sistema contenedor-cierre,TR-2025-019_3.2.P.7_sistema_contenedor_cierre_v1.pdf,1,Aprobado,CMC,U10,2025-03-08,U06,4,2768,False,False
D00759,TR-2025-019,R040,M3,3.2.P.8,Estudio de estabilidad del medicamento,TR-2025-019_3.2.P.8_estudio_de_estabilidad_del_medicamento_v2.pdf,2,Aprobado,CMC,U09,2025-03-17,U07,24,448,False,False
D00760,TR-2025-020,R001,M1,1.1,Formato de solicitud firmado,TR-2025-020_1.1_formato_de_solicitud_firmado_v1.pdf,1,Aprobado,Asuntos Regulatorios,U04,2025-01-19,U02,57,1994,False,False
D00761,TR-2025-020,R002,M1,1.2,Comprobante de pago de derechos,TR-2025-020_1.2_comprobante_de_pago_de_derechos_v1.pdf,1,Aprobado,Asuntos Regulatorios,U05,2025-02-03,U04,35,3093,False,False
D00762,TR-2025-020,R004,M1,1.3.2,Instrumento que acredita la representación legal,TR-2025-020_1.3.2_instrumento_que_acredita_la_representacion_legal_v1.pdf,1,Aprobado,Asuntos Regulatorios,U03,2025-03-01,U05,58,6186,False,False
D00763,TR-2025-020,R005,M1,1.4.1,Proyecto de etiqueta del envase primario,TR-2025-020_1.4.1_proyecto_de_etiqueta_del_envase_primario_v1.pdf,1,Aprobado,Asuntos Regulatorios,U03,2025-03-12,U05,56,3953,False,False
D00764,TR-2025-020,R006,M1,1.4.1,Proyecto de etiqueta del envase secundario,TR-2025-020_1.4.1_proyecto_de_etiqueta_del_envase_secundario_v1.pdf,1,Aprobado,Asuntos Regulatorios,U02,2025-02-18,U04,52,9632,False,False
D00765,TR-2025-020,R010,M1,1.6,Plan de manejo de riesgos (PMR),TR-2025-020_1.6_plan_de_manejo_de_riesgos_pmr_v2.pdf,2,Aprobado,Farmacovigilancia,U13,2025-02-07,U14,10,7815,False,False
D00766,TR-2025-020,R011,M1,1.7.1,Certificado de BPF del medicamento,TR-2025-020_1.7.1_certificado_de_bpf_del_medicamento_v1.pdf,1,Aprobado,Calidad,U14,2025-01-18,U14,9,5644,False,False
D00767,TR-2025-020,R012,M1,1.7.2,Certificado de BPF del fármaco,TR-2025-020_1.7.2_certificado_de_bpf_del_farmaco_v1.pdf,1,Aprobado,Calidad,U06,2025-03-20,U14,17,4138,False,False
D00768,TR-2025-020,R013,M1,1.8,Registro sanitario vigente y modificaciones autorizadas,TR-2025-020_1.8_registro_sanitario_vigente_y_modificaciones_auto_v1.pdf,1,Aprobado,Asuntos Regulatorios,U03,2025-01-22,U04,49,5637,False,False
D00769,TR-2025-020,R014,M1,1.9,Informe periódico de seguridad,TR-2025-020_1.9_informe_periodico_de_seguridad_v1.pdf,1,Aprobado,Farmacovigilancia,U13,2025-02-05,U07,52,6705,False,False
D00770,TR-2025-020,R037,M3,3.2.P.5,Certificado de análisis del lote del medicamento,TR-2025-020_3.2.P.5_certificado_de_analisis_del_lote_del_medicamento_v2.pdf,2,Aprobado,Calidad,U06,2025-01-26,U08,52,3914,False,False
D00771,TR-2025-021,R001,M1,1.1,Formato de solicitud firmado,TR-2025-021_1.1_formato_de_solicitud_firmado_v1.pdf,1,Enviado,Asuntos Regulatorios,U04,2025-03-02,U05,36,302,False,False
D00772,TR-2025-021,R002,M1,1.2,Comprobante de pago de derechos,TR-2025-021_1.2_comprobante_de_pago_de_derechos_v1.pdf,1,Enviado,Asuntos Regulatorios,U05,2025-01-22,U02,29,2503,False,False
D00773,TR-2025-021,R015,M1,1.10,Justificación técnica de la modificación,TR-2025-021_1.10_justificacion_tecnica_de_la_modificacion_v1.pdf,1,Enviado,Asuntos Regulatorios,U04,2025-03-13,U02,44,2417,False,False
D00774,TR-2025-021,R038,M3,3.2.P.5.3,Validación de métodos analíticos,TR-2025-021_3.2.P.5.3_validacion_de_metodos_analiticos_v1.pdf,1,Enviado,Calidad,U08,2025-02-25,U14,4,3033,False,False
D00775,TR-2025-021,R005,M1,1.4.1,Proyecto de etiqueta del envase primario,TR-2025-021_1.4.1_proyecto_de_etiqueta_del_envase_primario_v1.pdf,1,Enviado,Asuntos Regulatorios,U02,2024-12-12,U05,10,9665,False,False
D00776,TR-2025-021,R039,M3,3.2.P.7,Sistema contenedor-cierre,TR-2025-021_3.2.P.7_sistema_contenedor_cierre_v1.pdf,1,Enviado,CMC,U10,2025-01-30,U06,25,2203,False,False
D00777,TR-2025-022,R001,M1,1.1,Formato de solicitud firmado,TR-2025-022_1.1_formato_de_solicitud_firmado_v1.pdf,1,Enviado,Asuntos Regulatorios,U05,2025-03-17,U05,6,8296,False,False
D00778,TR-2025-022,R002,M1,1.2,Comprobante de pago de derechos,TR-2025-022_1.2_comprobante_de_pago_de_derechos_v2.pdf,2,Enviado,Asuntos Regulatorios,U02,2025-03-21,U04,11,3517,False,False
D00779,TR-2025-022,R015,M1,1.10,Justificación técnica de la modificación,TR-2025-022_1.10_justificacion_tecnica_de_la_modificacion_v1.pdf,1,Enviado,Asuntos Regulatorios,U05,2025-03-08,U04,53,2499,False,False
D00780,TR-2025-022,R039,M3,3.2.P.7,Sistema contenedor-cierre,TR-2025-022_3.2.P.7_sistema_contenedor_cierre_v2.pdf,2,Enviado,CMC,U10,2025-02-22,U14,15,7363,False,False
D00781,TR-2025-022,R061,M5,5.3.1.3,Perfiles de disolución comparativos,TR-2025-022_5.3.1.3_perfiles_de_disolucion_comparativos_v1.pdf,1,Enviado,CMC,U09,2025-02-21,U06,8,430,False,False
D00782,TR-2025-023,R001,M1,1.1,Formato de solicitud firmado,TR-2025-023_1.1_formato_de_solicitud_firmado_v1.pdf,1,Aprobado,Asuntos Regulatorios,U05,2025-04-05,U03,58,4859,False,False
D00783,TR-2025-023,R002,M1,1.2,Comprobante de pago de derechos,TR-2025-023_1.2_comprobante_de_pago_de_derechos_v1.pdf,1,Aprobado,Asuntos Regulatorios,U04,2025-04-03,U04,50,2858,False,False
D00784,TR-2025-023,R015,M1,1.10,Justificación técnica de la modificación,TR-2025-023_1.10_justificacion_tecnica_de_la_modificacion_v1.pdf,1,Aprobado,Asuntos Regulatorios,U02,2025-04-02,U05,47,294,False,False
D00785,TR-2025-023,R032,M3,3.2.S.4,Certificado de análisis del fármaco,TR-2025-023_3.2.S.4_certificado_de_analisis_del_farmaco_v1.pdf,1,Aprobado,Calidad,U08,2025-02-04,U07,50,6086,False,False
D00786,TR-2025-023,R035,M3,3.2.P.3.5,Validación del proceso de fabricación,TR-2025-023_3.2.P.3.5_validacion_del_proceso_de_fabricacion_v1.pdf,1,Aprobado,Calidad,U08,2025-02-04,U07,58,6542,False,False
D00787,TR-2025-023,R038,M3,3.2.P.5.3,Validación de métodos analíticos,TR-2025-023_3.2.P.5.3_validacion_de_metodos_analiticos_v1.pdf,1,Aprobado,Calidad,U08,2025-03-08,U07,46,9486,False,False
D00788,TR-2025-023,R006,M1,1.4.1,Proyecto de etiqueta del envase secundario,TR-2025-023_1.4.1_proyecto_de_etiqueta_del_envase_secundario_v1.pdf,1,Aprobado,Asuntos Regulatorios,U02,2025-02-14,U04,55,6640,False,False
D00789,TR-2025-023,R061,M5,5.3.1.3,Perfiles de disolución comparativos,TR-2025-023_5.3.1.3_perfiles_de_disolucion_comparativos_v1.pdf,1,Aprobado,CMC,U09,2025-03-02,U08,10,7131,False,False
D00790,TR-2025-024,R001,M1,1.1,Formato de solicitud firmado,TR-2025-024_1.1_formato_de_solicitud_firmado_v1.pdf,1,Aprobado,Asuntos Regulatorios,U02,2025-02-21,U05,41,4275,False,False
D00791,TR-2025-024,R002,M1,1.2,Comprobante de pago de derechos,TR-2025-024_1.2_comprobante_de_pago_de_derechos_v1.pdf,1,Aprobado,Asuntos Regulatorios,U04,2025-03-30,U04,42,1300,False,False
D00792,TR-2025-024,R015,M1,1.10,Justificación técnica de la modificación,TR-2025-024_1.10_justificacion_tecnica_de_la_modificacion_v1.pdf,1,Aprobado,Asuntos Regulatorios,U03,2025-02-06,U03,36,4812,False,False
D00793,TR-2025-024,R039,M3,3.2.P.7,Sistema contenedor-cierre,TR-2025-024_3.2.P.7_sistema_contenedor_cierre_v1.pdf,1,Aprobado,CMC,U09,2025-03-03,U06,23,6808,False,False
D00794,TR-2025-024,R038,M3,3.2.P.5.3,Validación de métodos analíticos,TR-2025-024_3.2.P.5.3_validacion_de_metodos_analiticos_v1.pdf,1,Aprobado,Calidad,U06,2025-02-04,U06,33,2843,False,False
D00795,TR-2025-024,R006,M1,1.4.1,Proyecto de etiqueta del envase secundario,TR-2025-024_1.4.1_proyecto_de_etiqueta_del_envase_secundario_v2.pdf,2,Aprobado,Asuntos Regulatorios,U05,2025-04-12,U05,58,3719,False,False
D00796,TR-2025-024,R040,M3,3.2.P.8,Estudio de estabilidad del medicamento,TR-2025-024_3.2.P.8_estudio_de_estabilidad_del_medicamento_v4.pdf,4,Aprobado,CMC,U10,2025-02-17,U14,47,4024,False,False
D00797,TR-2025-024,R061,M5,5.3.1.3,Perfiles de disolución comparativos,TR-2025-024_5.3.1.3_perfiles_de_disolucion_comparativos_v2.pdf,2,Aprobado,CMC,U10,2025-03-09,U14,14,3252,False,False
D00798,TR-2025-024,R035,M3,3.2.P.3.5,Validación del proceso de fabricación,TR-2025-024_3.2.P.3.5_validacion_del_proceso_de_fabricacion_v1.pdf,1,Aprobado,Calidad,U06,2025-03-06,U14,35,6766,False,False
D00799,TR-2025-025,R001,M1,1.1,Formato de solicitud firmado,TR-2025-025_1.1_formato_de_solicitud_firmado_v1.pdf,1,Aprobado,Asuntos Regulatorios,U04,2025-02-25,U02,8,7547,False,False
D00800,TR-2025-025,R002,M1,1.2,Comprobante de pago de derechos,TR-2025-025_1.2_comprobante_de_pago_de_derechos_v1.pdf,1,Aprobado,Asuntos Regulatorios,U05,2025-04-12,U04,10,3000,False,False
D00801,TR-2025-025,R015,M1,1.10,Justificación técnica de la modificación,TR-2025-025_1.10_justificacion_tecnica_de_la_modificacion_v1.pdf,1,Aprobado,Asuntos Regulatorios,U04,2025-03-12,U04,52,2209,False,False
D00802,TR-2025-025,R035,M3,3.2.P.3.5,Validación del proceso de fabricación,TR-2025-025_3.2.P.3.5_validacion_del_proceso_de_fabricacion_v1.pdf,1,Aprobado,Calidad,U14,2025-04-17,U06,22,518,False,False
D00803,TR-2025-025,R032,M3,3.2.S.4,Certificado de análisis del fármaco,TR-2025-025_3.2.S.4_certificado_de_analisis_del_farmaco_v1.pdf,1,Aprobado,Calidad,U14,2025-02-22,U14,11,1471,False,False
D00804,TR-2025-025,R061,M5,5.3.1.3,Perfiles de disolución comparativos,TR-2025-025_5.3.1.3_perfiles_de_disolucion_comparativos_v1.pdf,1,Aprobado,CMC,U10,2025-03-20,U06,29,4844,False,False
D00805,TR-2025-025,R005,M1,1.4.1,Proyecto de etiqueta del envase primario,TR-2025-025_1.4.1_proyecto_de_etiqueta_del_envase_primario_v1.pdf,1,Aprobado,Asuntos Regulatorios,U02,2025-03-18,U02,20,867,False,False
D00806,TR-2025-025,R039,M3,3.2.P.7,Sistema contenedor-cierre,TR-2025-025_3.2.P.7_sistema_contenedor_cierre_v1.pdf,1,Aprobado,CMC,U10,2025-03-17,U07,60,4486,False,False
D00807,TR-2025-026,R001,M1,1.1,Formato de solicitud firmado,TR-2025-026_1.1_formato_de_solicitud_firmado_v1.pdf,1,Enviado,Asuntos Regulatorios,U03,2025-02-11,U04,4,9800,False,False
D00808,TR-2025-026,R002,M1,1.2,Comprobante de pago de derechos,TR-2025-026_1.2_comprobante_de_pago_de_derechos_v1.pdf,1,Enviado,Asuntos Regulatorios,U03,2025-04-17,U04,21,7062,False,False
D00809,TR-2025-026,R015,M1,1.10,Justificación técnica de la modificación,TR-2025-026_1.10_justificacion_tecnica_de_la_modificacion_v2.pdf,2,Enviado,Asuntos Regulatorios,U03,2025-04-27,U03,35,3461,False,False
D00810,TR-2025-026,R040,M3,3.2.P.8,Estudio de estabilidad del medicamento,TR-2025-026_3.2.P.8_estudio_de_estabilidad_del_medicamento_v3.pdf,3,Enviado,CMC,U09,2025-04-18,U08,8,2495,False,False
D00811,TR-2025-026,R038,M3,3.2.P.5.3,Validación de métodos analíticos,TR-2025-026_3.2.P.5.3_validacion_de_metodos_analiticos_v1.pdf,1,Enviado,Calidad,U06,2025-03-27,U06,32,7378,False,False
D00812,TR-2025-026,R061,M5,5.3.1.3,Perfiles de disolución comparativos,TR-2025-026_5.3.1.3_perfiles_de_disolucion_comparativos_v1.pdf,1,Enviado,CMC,U09,2025-02-26,U07,51,4597,False,False
D00813,TR-2025-026,R006,M1,1.4.1,Proyecto de etiqueta del envase secundario,TR-2025-026_1.4.1_proyecto_de_etiqueta_del_envase_secundario_v3.pdf,3,Enviado,Asuntos Regulatorios,U03,2025-04-20,U03,39,3858,False,False
D00814,TR-2025-026,R035,M3,3.2.P.3.5,Validación del proceso de fabricación,TR-2025-026_3.2.P.3.5_validacion_del_proceso_de_fabricacion_v1.pdf,1,Enviado,Calidad,U08,2025-04-27,U07,50,1090,False,False
D00815,TR-2025-026,R032,M3,3.2.S.4,Certificado de análisis del fármaco,TR-2025-026_3.2.S.4_certificado_de_analisis_del_farmaco_v1.pdf,1,Enviado,Calidad,U14,2025-03-21,U07,36,2003,False,False
D00816,TR-2025-027,R001,M1,1.1,Formato de solicitud firmado,TR-2025-027_1.1_formato_de_solicitud_firmado_v1.pdf,1,Aprobado,Asuntos Regulatorios,U02,2025-03-03,U04,51,1716,False,False
D00817,TR-2025-027,R002,M1,1.2,Comprobante de pago de derechos,TR-2025-027_1.2_comprobante_de_pago_de_derechos_v1.pdf,1,Aprobado,Asuntos Regulatorios,U04,2025-04-02,U03,37,968,False,False
D00818,TR-2025-027,R015,M1,1.10,Justificación técnica de la modificación,TR-2025-027_1.10_justificacion_tecnica_de_la_modificacion_v1.pdf,1,Aprobado,Asuntos Regulatorios,U02,2025-04-01,U05,13,7644,False,False
D00819,TR-2025-027,R005,M1,1.4.1,Proyecto de etiqueta del envase primario,TR-2025-027_1.4.1_proyecto_de_etiqueta_del_envase_primario_v1.pdf,1,Aprobado,Asuntos Regulatorios,U03,2025-02-16,U03,48,2685,False,False
D00820,TR-2025-027,R006,M1,1.4.1,Proyecto de etiqueta del envase secundario,TR-2025-027_1.4.1_proyecto_de_etiqueta_del_envase_secundario_v1.pdf,1,Aprobado,Asuntos Regulatorios,U03,2025-04-26,U03,59,8869,False,False
D00821,TR-2025-027,R061,M5,5.3.1.3,Perfiles de disolución comparativos,TR-2025-027_5.3.1.3_perfiles_de_disolucion_comparativos_v1.pdf,1,Aprobado,CMC,U10,2025-04-15,U06,16,2264,False,False
D00822,TR-2025-028,R001,M1,1.1,Formato de solicitud firmado,TR-2025-028_1.1_formato_de_solicitud_firmado_v1.pdf,1,Aprobado,Asuntos Regulatorios,U04,2025-02-07,U05,43,8472,False,False
D00823,TR-2025-028,R002,M1,1.2,Comprobante de pago de derechos,TR-2025-028_1.2_comprobante_de_pago_de_derechos_v1.pdf,1,Aprobado,Asuntos Regulatorios,U05,2025-03-29,U05,20,4193,False,False
D00824,TR-2025-028,R015,M1,1.10,Justificación técnica de la modificación,TR-2025-028_1.10_justificacion_tecnica_de_la_modificacion_v1.pdf,1,Aprobado,Asuntos Regulatorios,U05,2025-04-20,U04,46,2683,False,False
D00825,TR-2025-028,R035,M3,3.2.P.3.5,Validación del proceso de fabricación,TR-2025-028_3.2.P.3.5_validacion_del_proceso_de_fabricacion_v1.pdf,1,Aprobado,Calidad,U07,2025-03-04,U07,11,9043,False,False
D00826,TR-2025-028,R061,M5,5.3.1.3,Perfiles de disolución comparativos,TR-2025-028_5.3.1.3_perfiles_de_disolucion_comparativos_v1.pdf,1,Aprobado,CMC,U10,2025-04-15,U07,30,603,False,False
D00827,TR-2025-028,R040,M3,3.2.P.8,Estudio de estabilidad del medicamento,TR-2025-028_3.2.P.8_estudio_de_estabilidad_del_medicamento_v1.pdf,1,Aprobado,CMC,U09,2025-01-21,U06,7,2081,False,False
D00828,TR-2025-029,R001,M1,1.1,Formato de solicitud firmado,TR-2025-029_1.1_formato_de_solicitud_firmado_v1.pdf,1,Aprobado,Asuntos Regulatorios,U02,2025-03-26,U02,45,2654,False,False
D00829,TR-2025-029,R002,M1,1.2,Comprobante de pago de derechos,TR-2025-029_1.2_comprobante_de_pago_de_derechos_v1.pdf,1,Aprobado,Asuntos Regulatorios,U05,2025-03-07,U04,45,3899,False,False
D00830,TR-2025-029,R015,M1,1.10,Justificación técnica de la modificación,TR-2025-029_1.10_justificacion_tecnica_de_la_modificacion_v2.pdf,2,Aprobado,Asuntos Regulatorios,U05,2025-05-15,U03,20,5812,False,False
D00831,TR-2025-029,R040,M3,3.2.P.8,Estudio de estabilidad del medicamento,TR-2025-029_3.2.P.8_estudio_de_estabilidad_del_medicamento_v2.pdf,2,Aprobado,CMC,U09,2025-03-20,U14,15,4459,False,False
D00832,TR-2025-029,R006,M1,1.4.1,Proyecto de etiqueta del envase secundario,TR-2025-029_1.4.1_proyecto_de_etiqueta_del_envase_secundario_v1.pdf,1,Aprobado,Asuntos Regulatorios,U05,2025-04-29,U03,56,716,False,False
D00833,TR-2025-029,R038,M3,3.2.P.5.3,Validación de métodos analíticos,TR-2025-029_3.2.P.5.3_validacion_de_metodos_analiticos_v2.pdf,2,Aprobado,Calidad,U08,2025-05-06,U08,33,4229,False,False
D00834,TR-2025-029,R032,M3,3.2.S.4,Certificado de análisis del fármaco,TR-2025-029_3.2.S.4_certificado_de_analisis_del_farmaco_v2.pdf,2,Aprobado,Calidad,U14,2025-03-20,U08,45,7550,False,False
D00835,TR-2025-029,R035,M3,3.2.P.3.5,Validación del proceso de fabricación,TR-2025-029_3.2.P.3.5_validacion_del_proceso_de_fabricacion_v1.pdf,1,Aprobado,Calidad,U08,2025-03-25,U07,18,3708,False,False
D00836,TR-2025-030,R001,M1,1.1,Formato de solicitud firmado,TR-2025-030_1.1_formato_de_solicitud_firmado_v1.pdf,1,Aprobado,Asuntos Regulatorios,U02,2025-03-18,U02,49,4021,False,False
D00837,TR-2025-030,R002,M1,1.2,Comprobante de pago de derechos,TR-2025-030_1.2_comprobante_de_pago_de_derechos_v1.pdf,1,Aprobado,Asuntos Regulatorios,U05,2025-03-11,U04,43,6880,False,False
D00838,TR-2025-030,R015,M1,1.10,Justificación técnica de la modificación,TR-2025-030_1.10_justificacion_tecnica_de_la_modificacion_v1.pdf,1,Aprobado,Asuntos Regulatorios,U05,2025-04-03,U02,29,734,False,False
D00839,TR-2025-030,R032,M3,3.2.S.4,Certificado de análisis del fármaco,TR-2025-030_3.2.S.4_certificado_de_analisis_del_farmaco_v1.pdf,1,Aprobado,Calidad,U14,2025-02-18,U14,51,8922,False,False
D00840,TR-2025-030,R005,M1,1.4.1,Proyecto de etiqueta del envase primario,TR-2025-030_1.4.1_proyecto_de_etiqueta_del_envase_primario_v1.pdf,1,Aprobado,Asuntos Regulatorios,U02,2025-02-19,U05,52,2636,False,False
D00841,TR-2025-030,R039,M3,3.2.P.7,Sistema contenedor-cierre,TR-2025-030_3.2.P.7_sistema_contenedor_cierre_v1.pdf,1,Aprobado,CMC,U10,2025-04-08,U06,2,4151,False,False
D00842,TR-2025-031,R001,M1,1.1,Formato de solicitud firmado,TR-2025-031_1.1_formato_de_solicitud_firmado_v1.pdf,1,Aprobado,Asuntos Regulatorios,U02,2025-04-07,U02,55,9323,False,False
D00843,TR-2025-031,R002,M1,1.2,Comprobante de pago de derechos,TR-2025-031_1.2_comprobante_de_pago_de_derechos_v1.pdf,1,Aprobado,Asuntos Regulatorios,U05,2025-04-17,U04,2,1499,False,False
D00844,TR-2025-031,R015,M1,1.10,Justificación técnica de la modificación,TR-2025-031_1.10_justificacion_tecnica_de_la_modificacion_v1.pdf,1,Aprobado,Asuntos Regulatorios,U02,2025-05-13,U03,43,5608,False,False
D00845,TR-2025-031,R035,M3,3.2.P.3.5,Validación del proceso de fabricación,TR-2025-031_3.2.P.3.5_validacion_del_proceso_de_fabricacion_v1.pdf,1,Aprobado,Calidad,U08,2025-04-20,U06,34,3753,False,False
D00846,TR-2025-031,R039,M3,3.2.P.7,Sistema contenedor-cierre,TR-2025-031_3.2.P.7_sistema_contenedor_cierre_v1.pdf,1,Aprobado,CMC,U10,2025-05-05,U08,35,7131,False,False
D00847,TR-2025-031,R061,M5,5.3.1.3,Perfiles de disolución comparativos,TR-2025-031_5.3.1.3_perfiles_de_disolucion_comparativos_v1.pdf,1,Aprobado,CMC,U09,2025-04-22,U14,58,3132,False,False
D00848,TR-2025-031,R032,M3,3.2.S.4,Certificado de análisis del fármaco,TR-2025-031_3.2.S.4_certificado_de_analisis_del_farmaco_v1.pdf,1,Aprobado,Calidad,U07,2025-04-06,U07,15,503,False,False
D00849,TR-2025-032,R001,M1,1.1,Formato de solicitud firmado,TR-2025-032_1.1_formato_de_solicitud_firmado_v1.pdf,1,Aprobado,Asuntos Regulatorios,U04,2025-06-08,U04,39,2368,False,False
D00850,TR-2025-032,R002,M1,1.2,Comprobante de pago de derechos,TR-2025-032_1.2_comprobante_de_pago_de_derechos_v1.pdf,1,Aprobado,Asuntos Regulatorios,U03,2025-03-10,U02,46,9062,False,False
D00851,TR-2025-032,R015,M1,1.10,Justificación técnica de la modificación,TR-2025-032_1.10_justificacion_tecnica_de_la_modificacion_v1.pdf,1,Aprobado,Asuntos Regulatorios,U03,2025-03-15,U02,41,1220,False,False
D00852,TR-2025-032,R061,M5,5.3.1.3,Perfiles de disolución comparativos,TR-2025-032_5.3.1.3_perfiles_de_disolucion_comparativos_v1.pdf,1,Aprobado,CMC,U10,2025-03-19,U08,23,2395,False,False
D00853,TR-2025-032,R006,M1,1.4.1,Proyecto de etiqueta del envase secundario,TR-2025-032_1.4.1_proyecto_de_etiqueta_del_envase_secundario_v1.pdf,1,Aprobado,Asuntos Regulatorios,U02,2025-05-29,U05,19,776,False,False
D00854,TR-2025-032,R040,M3,3.2.P.8,Estudio de estabilidad del medicamento,TR-2025-032_3.2.P.8_estudio_de_estabilidad_del_medicamento_v1.pdf,1,Aprobado,CMC,U10,2025-05-18,U08,49,7508,False,False
D00855,TR-2025-032,R035,M3,3.2.P.3.5,Validación del proceso de fabricación,TR-2025-032_3.2.P.3.5_validacion_del_proceso_de_fabricacion_v1.pdf,1,Aprobado,Calidad,U14,2025-04-28,U06,2,4648,False,False
D00856,TR-2025-033,R001,M1,1.1,Formato de solicitud firmado,TR-2025-033_1.1_formato_de_solicitud_firmado_v1.pdf,1,Aprobado,Asuntos Regulatorios,U02,2025-05-31,U05,57,8403,False,False
D00857,TR-2025-033,R002,M1,1.2,Comprobante de pago de derechos,TR-2025-033_1.2_comprobante_de_pago_de_derechos_v1.pdf,1,Aprobado,Asuntos Regulatorios,U05,2025-04-26,U02,18,5583,False,False
D00858,TR-2025-033,R003,M1,1.3.1,Licencia sanitaria del establecimiento fabricante,TR-2025-033_1.3.1_licencia_sanitaria_del_establecimiento_fabricant_v1.pdf,1,Aprobado,Asuntos Regulatorios,U04,2025-04-24,U03,27,1567,False,False
D00859,TR-2025-033,R004,M1,1.3.2,Instrumento que acredita la representación legal,TR-2025-033_1.3.2_instrumento_que_acredita_la_representacion_legal_v1.pdf,1,Aprobado,Asuntos Regulatorios,U05,2025-04-21,U03,60,1583,False,False
D00860,TR-2025-033,R005,M1,1.4.1,Proyecto de etiqueta del envase primario,TR-2025-033_1.4.1_proyecto_de_etiqueta_del_envase_primario_v1.pdf,1,Aprobado,Asuntos Regulatorios,U03,2025-05-19,U04,36,9397,False,False
D00861,TR-2025-033,R006,M1,1.4.1,Proyecto de etiqueta del envase secundario,TR-2025-033_1.4.1_proyecto_de_etiqueta_del_envase_secundario_v1.pdf,1,Aprobado,Asuntos Regulatorios,U04,2025-05-14,U03,54,4502,False,False
D00862,TR-2025-033,R007,M1,1.4.2,Información para prescribir amplia (IPPA),TR-2025-033_1.4.2_informacion_para_prescribir_amplia_ippa_v1.pdf,1,Aprobado,Asuntos Regulatorios,U03,2025-04-24,U03,44,490,False,False
D00863,TR-2025-033,R008,M1,1.4.2,Información para prescribir reducida (IPPR),TR-2025-033_1.4.2_informacion_para_prescribir_reducida_ippr_v1.pdf,1,Aprobado,Asuntos Regulatorios,U04,2025-04-28,U04,55,7714,False,False
D00864,TR-2025-033,R009,M1,1.5.1,Documento IMPI de titularidad de patentes o licencia de explotación,TR-2025-033_1.5.1_documento_impi_de_titularidad_de_patentes_o_lice_v1.pdf,1,Aprobado,Asuntos Regulatorios,U02,2025-05-06,U04,22,4202,False,False
D00865,TR-2025-033,R010,M1,1.6,Plan de manejo de riesgos (PMR),TR-2025-033_1.6_plan_de_manejo_de_riesgos_pmr_v1.pdf,1,Aprobado,Farmacovigilancia,U13,2025-06-02,U08,32,3369,False,False
D00866,TR-2025-033,R011,M1,1.7.1,Certificado de BPF del medicamento,TR-2025-033_1.7.1_certificado_de_bpf_del_medicamento_v1.pdf,1,Aprobado,Calidad,U06,2025-05-27,U14,55,7543,False,False
D00867,TR-2025-033,R012,M1,1.7.2,Certificado de BPF del fármaco,TR-2025-033_1.7.2_certificado_de_bpf_del_farmaco_v1.pdf,1,Aprobado,Calidad,U08,2025-06-10,U07,14,1611,False,False
D00868,TR-2025-033,R020,M2,2.3,Resumen global de calidad,TR-2025-033_2.3_resumen_global_de_calidad_v1.pdf,1,Aprobado,CMC,U10,2025-06-09,U14,50,9643,False,False
D00869,TR-2025-033,R030,M3,3.2.S.1,Información general del fármaco,TR-2025-033_3.2.S.1_informacion_general_del_farmaco_v1.pdf,1,Aprobado,CMC,U09,2025-04-19,U06,36,8479,False,False
D00870,TR-2025-033,R031,M3,3.2.S.2,Fabricación del fármaco,TR-2025-033_3.2.S.2_fabricacion_del_farmaco_v1.pdf,1,Aprobado,CMC,U09,2025-06-07,U08,23,3853,False,False
D00871,TR-2025-033,R032,M3,3.2.S.4,Certificado de análisis del fármaco,TR-2025-033_3.2.S.4_certificado_de_analisis_del_farmaco_v1.pdf,1,Aprobado,Calidad,U06,2025-04-22,U07,16,7631,False,False
D00872,TR-2025-033,R033,M3,3.2.S.7,Estabilidad del fármaco,TR-2025-033_3.2.S.7_estabilidad_del_farmaco_v1.pdf,1,Aprobado,CMC,U10,2025-05-09,U14,42,7774,False,False
D00873,TR-2025-033,R034,M3,3.2.P.1,Descripción y composición del medicamento,TR-2025-033_3.2.P.1_descripcion_y_composicion_del_medicamento_v1.pdf,1,Aprobado,CMC,U09,2025-04-17,U06,26,3112,False,False
D00874,TR-2025-033,R035,M3,3.2.P.3.5,Validación del proceso de fabricación,TR-2025-033_3.2.P.3.5_validacion_del_proceso_de_fabricacion_v1.pdf,1,Aprobado,Calidad,U06,2025-04-15,U14,40,2115,False,False
D00875,TR-2025-033,R036,M3,3.2.P.3.6,Validación de limpieza,TR-2025-033_3.2.P.3.6_validacion_de_limpieza_v1.pdf,1,Aprobado,Calidad,U06,2025-06-13,U14,53,7961,False,False
D00876,TR-2025-033,R037,M3,3.2.P.5,Certificado de análisis del lote del medicamento,TR-2025-033_3.2.P.5_certificado_de_analisis_del_lote_del_medicamento_v1.pdf,1,Aprobado,Calidad,U07,2025-05-20,U07,12,463,False,False
D00877,TR-2025-033,R038,M3,3.2.P.5.3,Validación de métodos analíticos,TR-2025-033_3.2.P.5.3_validacion_de_metodos_analiticos_v1.pdf,1,Aprobado,Calidad,U08,2025-04-16,U07,20,877,False,False
D00878,TR-2025-033,R039,M3,3.2.P.7,Sistema contenedor-cierre,TR-2025-033_3.2.P.7_sistema_contenedor_cierre_v1.pdf,1,Aprobado,CMC,U09,2025-05-10,U14,19,6742,False,False
D00879,TR-2025-033,R040,M3,3.2.P.8,Estudio de estabilidad del medicamento,TR-2025-033_3.2.P.8_estudio_de_estabilidad_del_medicamento_v1.pdf,1,Aprobado,CMC,U10,2025-04-18,U06,5,1560,False,False
D00880,TR-2025-033,R060,M5,5.3.1.2,Informe del estudio de bioequivalencia,TR-2025-033_5.3.1.2_informe_del_estudio_de_bioequivalencia_v1.pdf,1,Aprobado,Clínico,U12,2025-05-24,U08,40,3227,False,False
D00881,TR-2025-033,R061,M5,5.3.1.3,Perfiles de disolución comparativos,TR-2025-033_5.3.1.3_perfiles_de_disolucion_comparativos_v1.pdf,1,Aprobado,CMC,U09,2025-06-11,U08,54,6423,False,False
D00882,TR-2025-033,R062,M5,5.3.1.4,Autorización vigente del Tercero Autorizado,TR-2025-033_5.3.1.4_autorizacion_vigente_del_tercero_autorizado_v1.pdf,1,Aprobado,Clínico,U12,2025-04-27,U08,30,6987,False,False
D00883,TR-2025-034,R001,M1,1.1,Formato de solicitud firmado,TR-2025-034_1.1_formato_de_solicitud_firmado_v1.pdf,1,Enviado,Asuntos Regulatorios,U05,2025-03-09,U04,5,8363,False,False
D00884,TR-2025-034,R002,M1,1.2,Comprobante de pago de derechos,TR-2025-034_1.2_comprobante_de_pago_de_derechos_v1.pdf,1,Enviado,Asuntos Regulatorios,U04,2025-06-12,U02,2,777,False,False
D00885,TR-2025-034,R015,M1,1.10,Justificación técnica de la modificación,TR-2025-034_1.10_justificacion_tecnica_de_la_modificacion_v1.pdf,1,Enviado,Asuntos Regulatorios,U02,2025-04-18,U02,47,5992,False,False
D00886,TR-2025-034,R035,M3,3.2.P.3.5,Validación del proceso de fabricación,TR-2025-034_3.2.P.3.5_validacion_del_proceso_de_fabricacion_v1.pdf,1,Enviado,Calidad,U06,2025-04-30,U07,40,8069,False,False
D00887,TR-2025-034,R038,M3,3.2.P.5.3,Validación de métodos analíticos,TR-2025-034_3.2.P.5.3_validacion_de_metodos_analiticos_v1.pdf,1,Enviado,Calidad,U07,2025-03-18,U08,15,9584,False,False
D00888,TR-2025-034,R040,M3,3.2.P.8,Estudio de estabilidad del medicamento,TR-2025-034_3.2.P.8_estudio_de_estabilidad_del_medicamento_v1.pdf,1,Enviado,CMC,U10,2025-03-19,U14,6,7281,False,False
D00889,TR-2025-034,R005,M1,1.4.1,Proyecto de etiqueta del envase primario,TR-2025-034_1.4.1_proyecto_de_etiqueta_del_envase_primario_v1.pdf,1,Enviado,Asuntos Regulatorios,U04,2025-03-08,U04,41,359,False,False
D00890,TR-2025-034,R039,M3,3.2.P.7,Sistema contenedor-cierre,TR-2025-034_3.2.P.7_sistema_contenedor_cierre_v1.pdf,1,Enviado,CMC,U10,2025-03-08,U08,12,4658,False,False
D00891,TR-2025-034,R006,M1,1.4.1,Proyecto de etiqueta del envase secundario,TR-2025-034_1.4.1_proyecto_de_etiqueta_del_envase_secundario_v1.pdf,1,Enviado,Asuntos Regulatorios,U05,2025-04-06,U05,15,2537,False,False
D00892,TR-2025-035,R001,M1,1.1,Formato de solicitud firmado,TR-2025-035_1.1_formato_de_solicitud_firmado_v1.pdf,1,Aprobado,Asuntos Regulatorios,U02,2025-05-23,U02,58,268,False,False
D00893,TR-2025-035,R002,M1,1.2,Comprobante de pago de derechos,TR-2025-035_1.2_comprobante_de_pago_de_derechos_v1.pdf,1,Aprobado,Asuntos Regulatorios,U05,2025-05-09,U02,8,9011,False,False
D00894,TR-2025-035,R015,M1,1.10,Justificación técnica de la modificación,TR-2025-035_1.10_justificacion_tecnica_de_la_modificacion_v1.pdf,1,Aprobado,Asuntos Regulatorios,U05,2025-05-31,U02,9,4869,False,False
D00895,TR-2025-035,R006,M1,1.4.1,Proyecto de etiqueta del envase secundario,TR-2025-035_1.4.1_proyecto_de_etiqueta_del_envase_secundario_v1.pdf,1,Aprobado,Asuntos Regulatorios,U03,2025-06-14,U02,31,1790,False,False
D00896,TR-2025-035,R032,M3,3.2.S.4,Certificado de análisis del fármaco,TR-2025-035_3.2.S.4_certificado_de_analisis_del_farmaco_v1.pdf,1,Aprobado,Calidad,U06,2025-05-26,U14,32,8736,False,False
D00897,TR-2025-035,R035,M3,3.2.P.3.5,Validación del proceso de fabricación,TR-2025-035_3.2.P.3.5_validacion_del_proceso_de_fabricacion_v1.pdf,1,Aprobado,Calidad,U14,2025-05-27,U07,4,7699,False,False
D00898,TR-2025-035,R005,M1,1.4.1,Proyecto de etiqueta del envase primario,TR-2025-035_1.4.1_proyecto_de_etiqueta_del_envase_primario_v1.pdf,1,Aprobado,Asuntos Regulatorios,U02,2025-06-08,U04,6,4866,False,False
D00899,TR-2025-035,R038,M3,3.2.P.5.3,Validación de métodos analíticos,TR-2025-035_3.2.P.5.3_validacion_de_metodos_analiticos_v1.pdf,1,Aprobado,Calidad,U07,2025-05-21,U08,49,173,False,False
D00900,TR-2025-035,R039,M3,3.2.P.7,Sistema contenedor-cierre,TR-2025-035_3.2.P.7_sistema_contenedor_cierre_v1.pdf,1,Aprobado,CMC,U09,2025-05-16,U06,51,2957,False,False
D00901,TR-2025-036,R001,M1,1.1,Formato de solicitud firmado,TR-2025-036_1.1_formato_de_solicitud_firmado_v1.pdf,1,Aprobado,Asuntos Regulatorios,U03,2025-03-25,U04,59,9701,False,False
D00902,TR-2025-036,R002,M1,1.2,Comprobante de pago de derechos,TR-2025-036_1.2_comprobante_de_pago_de_derechos_v1.pdf,1,Aprobado,Asuntos Regulatorios,U04,2025-05-24,U05,41,6899,False,False
D00903,TR-2025-036,R015,M1,1.10,Justificación técnica de la modificación,TR-2025-036_1.10_justificacion_tecnica_de_la_modificacion_v1.pdf,1,Aprobado,Asuntos Regulatorios,U04,2025-03-26,U03,47,3445,False,False
D00904,TR-2025-036,R038,M3,3.2.P.5.3,Validación de métodos analíticos,TR-2025-036_3.2.P.5.3_validacion_de_metodos_analiticos_v1.pdf,1,Aprobado,Calidad,U07,2025-05-25,U14,12,4231,False,False
D00905,TR-2025-036,R040,M3,3.2.P.8,Estudio de estabilidad del medicamento,TR-2025-036_3.2.P.8_estudio_de_estabilidad_del_medicamento_v1.pdf,1,Aprobado,CMC,U10,2025-03-09,U07,46,7663,False,False
D00906,TR-2025-036,R006,M1,1.4.1,Proyecto de etiqueta del envase secundario,TR-2025-036_1.4.1_proyecto_de_etiqueta_del_envase_secundario_v1.pdf,1,Aprobado,Asuntos Regulatorios,U04,2025-06-20,U03,36,3617,False,False
D00907,TR-2025-036,R005,M1,1.4.1,Proyecto de etiqueta del envase primario,TR-2025-036_1.4.1_proyecto_de_etiqueta_del_envase_primario_v1.pdf,1,Aprobado,Asuntos Regulatorios,U04,2025-05-18,U03,45,9167,False,False
D00908,TR-2025-036,R039,M3,3.2.P.7,Sistema contenedor-cierre,TR-2025-036_3.2.P.7_sistema_contenedor_cierre_v1.pdf,1,Aprobado,CMC,U09,2025-04-17,U07,15,4378,False,False
D00909,TR-2025-037,R001,M1,1.1,Formato de solicitud firmado,TR-2025-037_1.1_formato_de_solicitud_firmado_v1.pdf,1,Aprobado,Asuntos Regulatorios,U03,2025-05-21,U04,7,8967,False,False
D00910,TR-2025-037,R002,M1,1.2,Comprobante de pago de derechos,TR-2025-037_1.2_comprobante_de_pago_de_derechos_v1.pdf,1,Aprobado,Asuntos Regulatorios,U02,2025-05-05,U04,26,3890,False,False
D00911,TR-2025-037,R015,M1,1.10,Justificación técnica de la modificación,TR-2025-037_1.10_justificacion_tecnica_de_la_modificacion_v1.pdf,1,Aprobado,Asuntos Regulatorios,U04,2025-05-18,U05,2,6529,False,False
D00912,TR-2025-037,R005,M1,1.4.1,Proyecto de etiqueta del envase primario,TR-2025-037_1.4.1_proyecto_de_etiqueta_del_envase_primario_v1.pdf,1,Aprobado,Asuntos Regulatorios,U04,2025-06-07,U05,7,7226,False,False
D00913,TR-2025-037,R006,M1,1.4.1,Proyecto de etiqueta del envase secundario,TR-2025-037_1.4.1_proyecto_de_etiqueta_del_envase_secundario_v1.pdf,1,Aprobado,Asuntos Regulatorios,U05,2025-04-10,U02,42,5473,False,False
D00914,TR-2025-037,R038,M3,3.2.P.5.3,Validación de métodos analíticos,TR-2025-037_3.2.P.5.3_validacion_de_metodos_analiticos_v1.pdf,1,Aprobado,Calidad,U06,2025-06-04,U14,52,8248,False,False
D00915,TR-2025-037,R040,M3,3.2.P.8,Estudio de estabilidad del medicamento,TR-2025-037_3.2.P.8_estudio_de_estabilidad_del_medicamento_v1.pdf,1,Aprobado,CMC,U10,2025-05-12,U07,57,8653,False,False
D00916,TR-2025-037,R039,M3,3.2.P.7,Sistema contenedor-cierre,TR-2025-037_3.2.P.7_sistema_contenedor_cierre_v1.pdf,1,Aprobado,CMC,U09,2025-06-23,U06,6,209,False,False
D00917,TR-2025-038,R001,M1,1.1,Formato de solicitud firmado,TR-2025-038_1.1_formato_de_solicitud_firmado_v1.pdf,1,Aprobado,Asuntos Regulatorios,U02,2025-04-28,U02,57,8976,False,False
D00918,TR-2025-038,R002,M1,1.2,Comprobante de pago de derechos,TR-2025-038_1.2_comprobante_de_pago_de_derechos_v1.pdf,1,Aprobado,Asuntos Regulatorios,U02,2025-06-11,U04,46,4942,False,False
D00919,TR-2025-038,R015,M1,1.10,Justificación técnica de la modificación,TR-2025-038_1.10_justificacion_tecnica_de_la_modificacion_v2.pdf,2,Aprobado,Asuntos Regulatorios,U05,2025-06-28,U03,13,2282,False,False
D00920,TR-2025-038,R038,M3,3.2.P.5.3,Validación de métodos analíticos,TR-2025-038_3.2.P.5.3_validacion_de_metodos_analiticos_v2.pdf,2,Aprobado,Calidad,U06,2025-05-21,U08,4,3529,False,False
D00921,TR-2025-038,R039,M3,3.2.P.7,Sistema contenedor-cierre,TR-2025-038_3.2.P.7_sistema_contenedor_cierre_v1.pdf,1,Aprobado,CMC,U09,2025-05-27,U07,3,9514,False,False
D00922,TR-2025-038,R040,M3,3.2.P.8,Estudio de estabilidad del medicamento,TR-2025-038_3.2.P.8_estudio_de_estabilidad_del_medicamento_v4.pdf,4,Aprobado,CMC,U10,2025-06-26,U06,18,5654,False,False
D00923,TR-2025-038,R032,M3,3.2.S.4,Certificado de análisis del fármaco,TR-2025-038_3.2.S.4_certificado_de_analisis_del_farmaco_v1.pdf,1,Aprobado,Calidad,U07,2025-04-28,U06,44,8567,False,False
D00924,TR-2025-039,R001,M1,1.1,Formato de solicitud firmado,TR-2025-039_1.1_formato_de_solicitud_firmado_v1.pdf,1,Aprobado,Asuntos Regulatorios,U04,2025-06-26,U03,14,7184,False,False
D00925,TR-2025-039,R002,M1,1.2,Comprobante de pago de derechos,TR-2025-039_1.2_comprobante_de_pago_de_derechos_v1.pdf,1,Aprobado,Asuntos Regulatorios,U04,2025-06-07,U05,25,9727,False,False
D00926,TR-2025-039,R015,M1,1.10,Justificación técnica de la modificación,TR-2025-039_1.10_justificacion_tecnica_de_la_modificacion_v1.pdf,1,Aprobado,Asuntos Regulatorios,U03,2025-05-27,U03,4,4567,False,False
D00927,TR-2025-039,R032,M3,3.2.S.4,Certificado de análisis del fármaco,TR-2025-039_3.2.S.4_certificado_de_analisis_del_farmaco_v1.pdf,1,Aprobado,Calidad,U07,2025-05-24,U14,2,6341,False,False
D00928,TR-2025-039,R039,M3,3.2.P.7,Sistema contenedor-cierre,TR-2025-039_3.2.P.7_sistema_contenedor_cierre_v1.pdf,1,Aprobado,CMC,U09,2025-06-28,U06,52,3300,False,False
D00929,TR-2025-039,R040,M3,3.2.P.8,Estudio de estabilidad del medicamento,TR-2025-039_3.2.P.8_estudio_de_estabilidad_del_medicamento_v1.pdf,1,Aprobado,CMC,U09,2025-03-26,U06,27,190,False,False
D00930,TR-2025-039,R006,M1,1.4.1,Proyecto de etiqueta del envase secundario,TR-2025-039_1.4.1_proyecto_de_etiqueta_del_envase_secundario_v1.pdf,1,Aprobado,Asuntos Regulatorios,U03,2025-06-16,U04,40,7320,False,False
D00931,TR-2025-040,R001,M1,1.1,Formato de solicitud firmado,TR-2025-040_1.1_formato_de_solicitud_firmado_v1.pdf,1,Aprobado,Asuntos Regulatorios,U03,2025-05-22,U02,57,2625,False,False
D00932,TR-2025-040,R002,M1,1.2,Comprobante de pago de derechos,TR-2025-040_1.2_comprobante_de_pago_de_derechos_v1.pdf,1,Aprobado,Asuntos Regulatorios,U04,2025-06-24,U04,55,1149,False,False
D00933,TR-2025-040,R015,M1,1.10,Justificación técnica de la modificación,TR-2025-040_1.10_justificacion_tecnica_de_la_modificacion_v1.pdf,1,Aprobado,Asuntos Regulatorios,U05,2025-06-17,U03,5,1790,False,False
D00934,TR-2025-040,R005,M1,1.4.1,Proyecto de etiqueta del envase primario,TR-2025-040_1.4.1_proyecto_de_etiqueta_del_envase_primario_v1.pdf,1,Aprobado,Asuntos Regulatorios,U03,2025-07-24,U05,54,3891,False,False
D00935,TR-2025-040,R038,M3,3.2.P.5.3,Validación de métodos analíticos,TR-2025-040_3.2.P.5.3_validacion_de_metodos_analiticos_v1.pdf,1,Aprobado,Calidad,U08,2025-06-14,U07,8,7072,False,False
D00936,TR-2025-040,R061,M5,5.3.1.3,Perfiles de disolución comparativos,TR-2025-040_5.3.1.3_perfiles_de_disolucion_comparativos_v1.pdf,1,Aprobado,CMC,U09,2025-07-09,U07,9,3554,False,False
D00937,TR-2025-040,R035,M3,3.2.P.3.5,Validación del proceso de fabricación,TR-2025-040_3.2.P.3.5_validacion_del_proceso_de_fabricacion_v1.pdf,1,Aprobado,Calidad,U07,2025-07-08,U06,3,892,False,False
D00938,TR-2025-040,R032,M3,3.2.S.4,Certificado de análisis del fármaco,TR-2025-040_3.2.S.4_certificado_de_analisis_del_farmaco_v1.pdf,1,Aprobado,Calidad,U07,2025-05-20,U07,51,436,False,False
D00939,TR-2025-040,R040,M3,3.2.P.8,Estudio de estabilidad del medicamento,TR-2025-040_3.2.P.8_estudio_de_estabilidad_del_medicamento_v1.pdf,1,Aprobado,CMC,U10,2025-06-08,U06,16,718,False,False
D00940,TR-2025-041,R001,M1,1.1,Formato de solicitud firmado,TR-2025-041_1.1_formato_de_solicitud_firmado_v1.pdf,1,Aprobado,Asuntos Regulatorios,U04,2025-06-26,U03,37,341,False,False
D00941,TR-2025-041,R002,M1,1.2,Comprobante de pago de derechos,TR-2025-041_1.2_comprobante_de_pago_de_derechos_v2.pdf,2,Aprobado,Asuntos Regulatorios,U04,2025-07-09,U04,59,145,False,False
D00942,TR-2025-041,R015,M1,1.10,Justificación técnica de la modificación,TR-2025-041_1.10_justificacion_tecnica_de_la_modificacion_v1.pdf,1,Aprobado,Asuntos Regulatorios,U02,2025-07-06,U05,33,9638,False,False
D00943,TR-2025-041,R032,M3,3.2.S.4,Certificado de análisis del fármaco,TR-2025-041_3.2.S.4_certificado_de_analisis_del_farmaco_v2.pdf,2,Aprobado,Calidad,U07,2025-07-25,U07,16,7354,False,False
D00944,TR-2025-041,R005,M1,1.4.1,Proyecto de etiqueta del envase primario,TR-2025-041_1.4.1_proyecto_de_etiqueta_del_envase_primario_v2.pdf,2,Aprobado,Asuntos Regulatorios,U02,2025-06-30,U04,28,5837,False,False
D00945,TR-2025-041,R006,M1,1.4.1,Proyecto de etiqueta del envase secundario,TR-2025-041_1.4.1_proyecto_de_etiqueta_del_envase_secundario_v2.pdf,2,Aprobado,Asuntos Regulatorios,U05,2025-07-05,U03,43,2172,False,False
D00946,TR-2025-041,R039,M3,3.2.P.7,Sistema contenedor-cierre,TR-2025-041_3.2.P.7_sistema_contenedor_cierre_v1.pdf,1,Aprobado,CMC,U09,2025-07-08,U14,52,6176,False,False
D00947,TR-2025-041,R038,M3,3.2.P.5.3,Validación de métodos analíticos,TR-2025-041_3.2.P.5.3_validacion_de_metodos_analiticos_v1.pdf,1,Aprobado,Calidad,U08,2025-07-18,U08,17,869,False,False
D00948,TR-2025-042,R001,M1,1.1,Formato de solicitud firmado,TR-2025-042_1.1_formato_de_solicitud_firmado_v1.pdf,1,Aprobado,Asuntos Regulatorios,U04,2025-06-14,U02,42,860,False,False
D00949,TR-2025-042,R002,M1,1.2,Comprobante de pago de derechos,TR-2025-042_1.2_comprobante_de_pago_de_derechos_v1.pdf,1,Aprobado,Asuntos Regulatorios,U02,2025-06-19,U03,15,2049,False,False
D00950,TR-2025-042,R015,M1,1.10,Justificación técnica de la modificación,TR-2025-042_1.10_justificacion_tecnica_de_la_modificacion_v1.pdf,1,Aprobado,Asuntos Regulatorios,U05,2025-07-16,U04,49,2677,False,False
D00951,TR-2025-042,R006,M1,1.4.1,Proyecto de etiqueta del envase secundario,TR-2025-042_1.4.1_proyecto_de_etiqueta_del_envase_secundario_v3.pdf,3,Aprobado,Asuntos Regulatorios,U05,2025-06-11,U05,11,7393,False,False
D00952,TR-2025-042,R038,M3,3.2.P.5.3,Validación de métodos analíticos,TR-2025-042_3.2.P.5.3_validacion_de_metodos_analiticos_v1.pdf,1,Aprobado,Calidad,U07,2025-07-24,U07,4,7905,False,False
D00953,TR-2025-042,R040,M3,3.2.P.8,Estudio de estabilidad del medicamento,TR-2025-042_3.2.P.8_estudio_de_estabilidad_del_medicamento_v2.pdf,2,Aprobado,CMC,U09,2025-07-22,U08,53,3057,False,False
D00954,TR-2025-042,R061,M5,5.3.1.3,Perfiles de disolución comparativos,TR-2025-042_5.3.1.3_perfiles_de_disolucion_comparativos_v1.pdf,1,Aprobado,CMC,U09,2025-06-17,U06,14,1908,False,False
D00955,TR-2025-042,R035,M3,3.2.P.3.5,Validación del proceso de fabricación,TR-2025-042_3.2.P.3.5_validacion_del_proceso_de_fabricacion_v2.pdf,2,Aprobado,Calidad,U14,2025-07-10,U08,52,6276,False,False
D00956,TR-2025-043,R001,M1,1.1,Formato de solicitud firmado,TR-2025-043_1.1_formato_de_solicitud_firmado_v1.pdf,1,Aprobado,Asuntos Regulatorios,U02,2025-04-26,U05,31,7887,False,False
D00957,TR-2025-043,R002,M1,1.2,Comprobante de pago de derechos,TR-2025-043_1.2_comprobante_de_pago_de_derechos_v1.pdf,1,Aprobado,Asuntos Regulatorios,U04,2025-07-13,U02,6,6954,False,False
D00958,TR-2025-043,R015,M1,1.10,Justificación técnica de la modificación,TR-2025-043_1.10_justificacion_tecnica_de_la_modificacion_v1.pdf,1,Aprobado,Asuntos Regulatorios,U03,2025-04-03,U02,18,9184,False,False
D00959,TR-2025-043,R035,M3,3.2.P.3.5,Validación del proceso de fabricación,TR-2025-043_3.2.P.3.5_validacion_del_proceso_de_fabricacion_v1.pdf,1,Aprobado,Calidad,U08,2025-04-04,U06,25,4989,False,False
D00960,TR-2025-043,R038,M3,3.2.P.5.3,Validación de métodos analíticos,TR-2025-043_3.2.P.5.3_validacion_de_metodos_analiticos_v1.pdf,1,Aprobado,Calidad,U07,2025-06-05,U14,54,1936,False,False
D00961,TR-2025-043,R032,M3,3.2.S.4,Certificado de análisis del fármaco,TR-2025-043_3.2.S.4_certificado_de_analisis_del_farmaco_v1.pdf,1,Aprobado,Calidad,U08,2025-07-23,U08,9,8877,False,False
D00962,TR-2025-044,R001,M1,1.1,Formato de solicitud firmado,TR-2025-044_1.1_formato_de_solicitud_firmado_v1.pdf,1,Enviado,Asuntos Regulatorios,U03,2025-07-18,U02,21,5038,False,False
D00963,TR-2025-044,R002,M1,1.2,Comprobante de pago de derechos,TR-2025-044_1.2_comprobante_de_pago_de_derechos_v1.pdf,1,Enviado,Asuntos Regulatorios,U05,2025-04-11,U02,54,5861,False,False
D00964,TR-2025-044,R015,M1,1.10,Justificación técnica de la modificación,TR-2025-044_1.10_justificacion_tecnica_de_la_modificacion_v2.pdf,2,Enviado,Asuntos Regulatorios,U03,2025-05-13,U03,40,2308,False,False
D00965,TR-2025-044,R006,M1,1.4.1,Proyecto de etiqueta del envase secundario,TR-2025-044_1.4.1_proyecto_de_etiqueta_del_envase_secundario_v3.pdf,3,Enviado,Asuntos Regulatorios,U04,2025-07-29,U04,42,8376,False,False
D00966,TR-2025-044,R038,M3,3.2.P.5.3,Validación de métodos analíticos,TR-2025-044_3.2.P.5.3_validacion_de_metodos_analiticos_v1.pdf,1,Enviado,Calidad,U07,2025-05-22,U14,22,7804,False,False
D00967,TR-2025-044,R032,M3,3.2.S.4,Certificado de análisis del fármaco,TR-2025-044_3.2.S.4_certificado_de_analisis_del_farmaco_v1.pdf,1,Enviado,Calidad,U14,2025-07-07,U14,8,3814,False,False
D00968,TR-2025-044,R035,M3,3.2.P.3.5,Validación del proceso de fabricación,TR-2025-044_3.2.P.3.5_validacion_del_proceso_de_fabricacion_v2.pdf,2,Enviado,Calidad,U06,2025-04-25,U07,49,3197,False,False
D00969,TR-2025-044,R039,M3,3.2.P.7,Sistema contenedor-cierre,TR-2025-044_3.2.P.7_sistema_contenedor_cierre_v1.pdf,1,Enviado,CMC,U10,2025-04-13,U14,47,6875,False,False
D00970,TR-2025-045,R001,M1,1.1,Formato de solicitud firmado,TR-2025-045_1.1_formato_de_solicitud_firmado_v1.pdf,1,Aprobado,Asuntos Regulatorios,U03,2025-07-16,U02,50,7588,False,False
D00971,TR-2025-045,R002,M1,1.2,Comprobante de pago de derechos,TR-2025-045_1.2_comprobante_de_pago_de_derechos_v1.pdf,1,Aprobado,Asuntos Regulatorios,U04,2025-08-01,U03,33,9499,False,False
D00972,TR-2025-045,R015,M1,1.10,Justificación técnica de la modificación,TR-2025-045_1.10_justificacion_tecnica_de_la_modificacion_v1.pdf,1,Aprobado,Asuntos Regulatorios,U04,2025-07-19,U03,46,7507,False,False
D00973,TR-2025-045,R035,M3,3.2.P.3.5,Validación del proceso de fabricación,TR-2025-045_3.2.P.3.5_validacion_del_proceso_de_fabricacion_v1.pdf,1,Aprobado,Calidad,U07,2025-06-21,U14,26,4820,False,False
D00974,TR-2025-045,R005,M1,1.4.1,Proyecto de etiqueta del envase primario,TR-2025-045_1.4.1_proyecto_de_etiqueta_del_envase_primario_v1.pdf,1,Aprobado,Asuntos Regulatorios,U03,2025-08-03,U05,29,8284,False,False
D00975,TR-2025-045,R040,M3,3.2.P.8,Estudio de estabilidad del medicamento,TR-2025-045_3.2.P.8_estudio_de_estabilidad_del_medicamento_v1.pdf,1,Aprobado,CMC,U10,2025-07-15,U07,11,428,False,False
D00976,TR-2025-045,R006,M1,1.4.1,Proyecto de etiqueta del envase secundario,TR-2025-045_1.4.1_proyecto_de_etiqueta_del_envase_secundario_v1.pdf,1,Aprobado,Asuntos Regulatorios,U05,2025-07-17,U04,3,1715,False,False
D00977,TR-2025-045,R061,M5,5.3.1.3,Perfiles de disolución comparativos,TR-2025-045_5.3.1.3_perfiles_de_disolucion_comparativos_v1.pdf,1,Aprobado,CMC,U09,2025-07-05,U08,6,5366,False,False
D00978,TR-2025-045,R032,M3,3.2.S.4,Certificado de análisis del fármaco,TR-2025-045_3.2.S.4_certificado_de_analisis_del_farmaco_v1.pdf,1,Aprobado,Calidad,U08,2025-08-08,U14,36,3414,False,False
D00979,TR-2025-046,R001,M1,1.1,Formato de solicitud firmado,TR-2025-046_1.1_formato_de_solicitud_firmado_v1.pdf,1,Aprobado,Asuntos Regulatorios,U04,2025-08-05,U04,3,2229,False,False
D00980,TR-2025-046,R002,M1,1.2,Comprobante de pago de derechos,TR-2025-046_1.2_comprobante_de_pago_de_derechos_v1.pdf,1,Aprobado,Asuntos Regulatorios,U02,2025-08-05,U03,33,822,False,False
D00981,TR-2025-046,R015,M1,1.10,Justificación técnica de la modificación,TR-2025-046_1.10_justificacion_tecnica_de_la_modificacion_v1.pdf,1,Aprobado,Asuntos Regulatorios,U04,2025-06-08,U05,45,4898,False,False
D00982,TR-2025-046,R006,M1,1.4.1,Proyecto de etiqueta del envase secundario,TR-2025-046_1.4.1_proyecto_de_etiqueta_del_envase_secundario_v1.pdf,1,Aprobado,Asuntos Regulatorios,U04,2025-06-01,U05,59,3013,False,False
D00983,TR-2025-046,R038,M3,3.2.P.5.3,Validación de métodos analíticos,TR-2025-046_3.2.P.5.3_validacion_de_metodos_analiticos_v1.pdf,1,Aprobado,Calidad,U07,2025-07-01,U07,21,8959,False,False
D00984,TR-2025-046,R040,M3,3.2.P.8,Estudio de estabilidad del medicamento,TR-2025-046_3.2.P.8_estudio_de_estabilidad_del_medicamento_v2.pdf,2,Aprobado,CMC,U10,2025-06-29,U08,8,7515,False,False
D00985,TR-2025-046,R061,M5,5.3.1.3,Perfiles de disolución comparativos,TR-2025-046_5.3.1.3_perfiles_de_disolucion_comparativos_v1.pdf,1,Aprobado,CMC,U10,2025-07-09,U07,41,5008,False,False
D00986,TR-2025-047,R001,M1,1.1,Formato de solicitud firmado,TR-2025-047_1.1_formato_de_solicitud_firmado_v1.pdf,1,Aprobado,Asuntos Regulatorios,U02,2025-06-09,U02,41,7108,False,False
D00987,TR-2025-047,R002,M1,1.2,Comprobante de pago de derechos,TR-2025-047_1.2_comprobante_de_pago_de_derechos_v1.pdf,1,Aprobado,Asuntos Regulatorios,U05,2025-06-01,U03,12,698,False,False
D00988,TR-2025-047,R015,M1,1.10,Justificación técnica de la modificación,TR-2025-047_1.10_justificacion_tecnica_de_la_modificacion_v1.pdf,1,Aprobado,Asuntos Regulatorios,U03,2025-06-14,U04,11,7113,False,False
D00989,TR-2025-047,R032,M3,3.2.S.4,Certificado de análisis del fármaco,TR-2025-047_3.2.S.4_certificado_de_analisis_del_farmaco_v1.pdf,1,Aprobado,Calidad,U08,2025-07-30,U07,38,7286,False,False
D00990,TR-2025-047,R040,M3,3.2.P.8,Estudio de estabilidad del medicamento,TR-2025-047_3.2.P.8_estudio_de_estabilidad_del_medicamento_v1.pdf,1,Aprobado,CMC,U09,2025-06-04,U08,57,6300,False,False
D00991,TR-2025-047,R006,M1,1.4.1,Proyecto de etiqueta del envase secundario,TR-2025-047_1.4.1_proyecto_de_etiqueta_del_envase_secundario_v1.pdf,1,Aprobado,Asuntos Regulatorios,U02,2025-07-17,U03,5,2903,False,False
D00992,TR-2025-047,R005,M1,1.4.1,Proyecto de etiqueta del envase primario,TR-2025-047_1.4.1_proyecto_de_etiqueta_del_envase_primario_v1.pdf,1,Aprobado,Asuntos Regulatorios,U05,2025-06-13,U02,17,3598,False,False
D00993,TR-2025-047,R061,M5,5.3.1.3,Perfiles de disolución comparativos,TR-2025-047_5.3.1.3_perfiles_de_disolucion_comparativos_v1.pdf,1,Aprobado,CMC,U09,2025-06-04,U07,2,8818,False,False
D00994,TR-2025-047,R038,M3,3.2.P.5.3,Validación de métodos analíticos,TR-2025-047_3.2.P.5.3_validacion_de_metodos_analiticos_v1.pdf,1,Aprobado,Calidad,U08,2025-07-06,U14,13,2928,False,False
D00995,TR-2025-048,R001,M1,1.1,Formato de solicitud firmado,TR-2025-048_1.1_formato_de_solicitud_firmado_v1.pdf,1,Aprobado,Asuntos Regulatorios,U03,2025-06-16,U05,58,3718,False,False
D00996,TR-2025-048,R002,M1,1.2,Comprobante de pago de derechos,TR-2025-048_1.2_comprobante_de_pago_de_derechos_v1.pdf,1,Aprobado,Asuntos Regulatorios,U03,2025-07-19,U03,38,1086,False,False
D00997,TR-2025-048,R015,M1,1.10,Justificación técnica de la modificación,TR-2025-048_1.10_justificacion_tecnica_de_la_modificacion_v1.pdf,1,Aprobado,Asuntos Regulatorios,U04,2025-06-28,U02,47,3684,False,False
D00998,TR-2025-048,R035,M3,3.2.P.3.5,Validación del proceso de fabricación,TR-2025-048_3.2.P.3.5_validacion_del_proceso_de_fabricacion_v1.pdf,1,Aprobado,Calidad,U07,2025-07-25,U07,19,4370,False,False
D00999,TR-2025-048,R005,M1,1.4.1,Proyecto de etiqueta del envase primario,TR-2025-048_1.4.1_proyecto_de_etiqueta_del_envase_primario_v1.pdf,1,Aprobado,Asuntos Regulatorios,U03,2025-08-05,U05,2,7658,False,False
D01000,TR-2025-049,R001,M1,1.1,Formato de solicitud firmado,TR-2025-049_1.1_formato_de_solicitud_firmado_v1.pdf,1,Aprobado,Asuntos Regulatorios,U02,2025-07-29,U03,30,998,False,False
D01001,TR-2025-049,R002,M1,1.2,Comprobante de pago de derechos,TR-2025-049_1.2_comprobante_de_pago_de_derechos_v1.pdf,1,Aprobado,Asuntos Regulatorios,U03,2025-08-25,U05,37,2836,False,False
D01002,TR-2025-049,R003,M1,1.3.1,Licencia sanitaria del establecimiento fabricante,TR-2025-049_1.3.1_licencia_sanitaria_del_establecimiento_fabricant_v1.pdf,1,Aprobado,Asuntos Regulatorios,U05,2025-08-15,U02,31,4867,False,False
D01003,TR-2025-049,R004,M1,1.3.2,Instrumento que acredita la representación legal,TR-2025-049_1.3.2_instrumento_que_acredita_la_representacion_legal_v2.pdf,2,Aprobado,Asuntos Regulatorios,U05,2025-08-14,U03,24,2249,False,False
D01004,TR-2025-049,R005,M1,1.4.1,Proyecto de etiqueta del envase primario,TR-2025-049_1.4.1_proyecto_de_etiqueta_del_envase_primario_v2.pdf,2,Aprobado,Asuntos Regulatorios,U05,2025-07-24,U03,5,4904,False,False
D01005,TR-2025-049,R006,M1,1.4.1,Proyecto de etiqueta del envase secundario,TR-2025-049_1.4.1_proyecto_de_etiqueta_del_envase_secundario_v3.pdf,3,Aprobado,Asuntos Regulatorios,U05,2025-07-20,U02,4,6836,False,False
D01006,TR-2025-049,R007,M1,1.4.2,Información para prescribir amplia (IPPA),TR-2025-049_1.4.2_informacion_para_prescribir_amplia_ippa_v1.pdf,1,Aprobado,Asuntos Regulatorios,U04,2025-08-25,U03,32,5955,False,False
D01007,TR-2025-049,R008,M1,1.4.2,Información para prescribir reducida (IPPR),TR-2025-049_1.4.2_informacion_para_prescribir_reducida_ippr_v1.pdf,1,Aprobado,Asuntos Regulatorios,U04,2025-08-09,U04,44,3510,False,False
D01008,TR-2025-049,R009,M1,1.5.1,Documento IMPI de titularidad de patentes o licencia de explotación,TR-2025-049_1.5.1_documento_impi_de_titularidad_de_patentes_o_lice_v1.pdf,1,Aprobado,Asuntos Regulatorios,U05,2025-08-09,U04,55,5398,False,False
D01009,TR-2025-049,R010,M1,1.6,Plan de manejo de riesgos (PMR),TR-2025-049_1.6_plan_de_manejo_de_riesgos_pmr_v1.pdf,1,Aprobado,Farmacovigilancia,U13,2025-08-28,U06,19,4114,False,False
D01010,TR-2025-049,R011,M1,1.7.1,Certificado de BPF del medicamento,TR-2025-049_1.7.1_certificado_de_bpf_del_medicamento_v1.pdf,1,Aprobado,Calidad,U06,2025-07-29,U07,18,216,False,False
D01011,TR-2025-049,R012,M1,1.7.2,Certificado de BPF del fármaco,TR-2025-049_1.7.2_certificado_de_bpf_del_farmaco_v1.pdf,1,Aprobado,Calidad,U07,2025-08-26,U08,53,2237,False,False
D01012,TR-2025-049,R020,M2,2.3,Resumen global de calidad,TR-2025-049_2.3_resumen_global_de_calidad_v1.pdf,1,Aprobado,CMC,U09,2025-08-07,U06,4,7079,False,False
D01013,TR-2025-049,R030,M3,3.2.S.1,Información general del fármaco,TR-2025-049_3.2.S.1_informacion_general_del_farmaco_v1.pdf,1,Aprobado,CMC,U09,2025-08-18,U14,12,8119,False,False
D01014,TR-2025-049,R031,M3,3.2.S.2,Fabricación del fármaco,TR-2025-049_3.2.S.2_fabricacion_del_farmaco_v1.pdf,1,Aprobado,CMC,U10,2025-08-22,U08,31,6460,False,False
D01015,TR-2025-049,R032,M3,3.2.S.4,Certificado de análisis del fármaco,TR-2025-049_3.2.S.4_certificado_de_analisis_del_farmaco_v1.pdf,1,Aprobado,Calidad,U07,2025-07-29,U07,18,2503,False,False
D01016,TR-2025-049,R033,M3,3.2.S.7,Estabilidad del fármaco,TR-2025-049_3.2.S.7_estabilidad_del_farmaco_v1.pdf,1,Aprobado,CMC,U10,2025-07-24,U07,55,5784,False,False
D01017,TR-2025-049,R034,M3,3.2.P.1,Descripción y composición del medicamento,TR-2025-049_3.2.P.1_descripcion_y_composicion_del_medicamento_v1.pdf,1,Aprobado,CMC,U10,2025-08-20,U07,18,6026,False,False
D01018,TR-2025-049,R035,M3,3.2.P.3.5,Validación del proceso de fabricación,TR-2025-049_3.2.P.3.5_validacion_del_proceso_de_fabricacion_v1.pdf,1,Aprobado,Calidad,U07,2025-08-22,U14,17,1124,False,False
D01019,TR-2025-049,R036,M3,3.2.P.3.6,Validación de limpieza,TR-2025-049_3.2.P.3.6_validacion_de_limpieza_v1.pdf,1,Aprobado,Calidad,U06,2025-08-20,U07,18,8530,False,False
D01020,TR-2025-049,R037,M3,3.2.P.5,Certificado de análisis del lote del medicamento,TR-2025-049_3.2.P.5_certificado_de_analisis_del_lote_del_medicamento_v1.pdf,1,Aprobado,Calidad,U07,2025-08-20,U08,23,2713,False,False
D01021,TR-2025-049,R038,M3,3.2.P.5.3,Validación de métodos analíticos,TR-2025-049_3.2.P.5.3_validacion_de_metodos_analiticos_v1.pdf,1,Aprobado,Calidad,U14,2025-08-25,U07,19,1654,False,False
D01022,TR-2025-049,R039,M3,3.2.P.7,Sistema contenedor-cierre,TR-2025-049_3.2.P.7_sistema_contenedor_cierre_v1.pdf,1,Aprobado,CMC,U10,2025-08-23,U06,14,8572,False,False
D01023,TR-2025-049,R040,M3,3.2.P.8,Estudio de estabilidad del medicamento,TR-2025-049_3.2.P.8_estudio_de_estabilidad_del_medicamento_v1.pdf,1,Aprobado,CMC,U10,2025-07-17,U07,29,3276,False,False
D01024,TR-2025-049,R060,M5,5.3.1.2,Informe del estudio de bioequivalencia,TR-2025-049_5.3.1.2_informe_del_estudio_de_bioequivalencia_v1.pdf,1,Aprobado,Clínico,U11,2025-07-26,U07,32,8371,False,False
D01025,TR-2025-049,R061,M5,5.3.1.3,Perfiles de disolución comparativos,TR-2025-049_5.3.1.3_perfiles_de_disolucion_comparativos_v1.pdf,1,Aprobado,CMC,U10,2025-08-26,U14,27,9092,False,False
D01026,TR-2025-049,R062,M5,5.3.1.4,Autorización vigente del Tercero Autorizado,TR-2025-049_5.3.1.4_autorizacion_vigente_del_tercero_autorizado_v1.pdf,1,Aprobado,Clínico,U11,2025-07-23,U14,47,3215,False,False
D01027,TR-2025-050,R001,M1,1.1,Formato de solicitud firmado,TR-2025-050_1.1_formato_de_solicitud_firmado_v1.pdf,1,Enviado,Asuntos Regulatorios,U05,2025-08-06,U02,10,6245,False,False
D01028,TR-2025-050,R002,M1,1.2,Comprobante de pago de derechos,TR-2025-050_1.2_comprobante_de_pago_de_derechos_v1.pdf,1,Enviado,Asuntos Regulatorios,U03,2025-08-31,U04,57,9308,False,False
D01029,TR-2025-050,R015,M1,1.10,Justificación técnica de la modificación,TR-2025-050_1.10_justificacion_tecnica_de_la_modificacion_v2.pdf,2,Enviado,Asuntos Regulatorios,U04,2025-07-28,U02,59,8569,False,False
D01030,TR-2025-050,R061,M5,5.3.1.3,Perfiles de disolución comparativos,TR-2025-050_5.3.1.3_perfiles_de_disolucion_comparativos_v2.pdf,2,Enviado,CMC,U10,2025-08-16,U07,8,5424,False,False
D01031,TR-2025-050,R040,M3,3.2.P.8,Estudio de estabilidad del medicamento,TR-2025-050_3.2.P.8_estudio_de_estabilidad_del_medicamento_v5.pdf,5,Enviado,CMC,U09,2025-08-12,U07,49,8281,False,False
D01032,TR-2025-051,R001,M1,1.1,Formato de solicitud firmado,TR-2025-051_1.1_formato_de_solicitud_firmado_v1.pdf,1,Aprobado,Asuntos Regulatorios,U05,2025-08-10,U04,25,7852,False,False
D01033,TR-2025-051,R002,M1,1.2,Comprobante de pago de derechos,TR-2025-051_1.2_comprobante_de_pago_de_derechos_v1.pdf,1,Aprobado,Asuntos Regulatorios,U04,2025-08-05,U04,41,1318,False,False
D01034,TR-2025-051,R015,M1,1.10,Justificación técnica de la modificación,TR-2025-051_1.10_justificacion_tecnica_de_la_modificacion_v1.pdf,1,Aprobado,Asuntos Regulatorios,U04,2025-08-22,U04,9,2162,False,False
D01035,TR-2025-051,R039,M3,3.2.P.7,Sistema contenedor-cierre,TR-2025-051_3.2.P.7_sistema_contenedor_cierre_v1.pdf,1,Aprobado,CMC,U10,2025-08-17,U07,7,4232,False,False
D01036,TR-2025-051,R038,M3,3.2.P.5.3,Validación de métodos analíticos,TR-2025-051_3.2.P.5.3_validacion_de_metodos_analiticos_v1.pdf,1,Aprobado,Calidad,U08,2025-07-24,U06,35,6066,False,False
D01037,TR-2025-051,R035,M3,3.2.P.3.5,Validación del proceso de fabricación,TR-2025-051_3.2.P.3.5_validacion_del_proceso_de_fabricacion_v1.pdf,1,Aprobado,Calidad,U14,2025-08-09,U07,23,298,False,False
D01038,TR-2025-052,R001,M1,1.1,Formato de solicitud firmado,TR-2025-052_1.1_formato_de_solicitud_firmado_v1.pdf,1,Aprobado,Asuntos Regulatorios,U04,2025-07-04,U03,33,1393,False,False
D01039,TR-2025-052,R002,M1,1.2,Comprobante de pago de derechos,TR-2025-052_1.2_comprobante_de_pago_de_derechos_v1.pdf,1,Aprobado,Asuntos Regulatorios,U02,2025-08-11,U05,21,2575,False,False
D01040,TR-2025-052,R015,M1,1.10,Justificación técnica de la modificación,TR-2025-052_1.10_justificacion_tecnica_de_la_modificacion_v1.pdf,1,Aprobado,Asuntos Regulatorios,U04,2025-07-30,U02,18,1655,False,False
D01041,TR-2025-052,R039,M3,3.2.P.7,Sistema contenedor-cierre,TR-2025-052_3.2.P.7_sistema_contenedor_cierre_v1.pdf,1,Aprobado,CMC,U10,2025-09-07,U08,24,3815,False,False
D01042,TR-2025-052,R005,M1,1.4.1,Proyecto de etiqueta del envase primario,TR-2025-052_1.4.1_proyecto_de_etiqueta_del_envase_primario_v2.pdf,2,Aprobado,Asuntos Regulatorios,U03,2025-07-10,U05,12,5725,False,False
D01043,TR-2025-052,R035,M3,3.2.P.3.5,Validación del proceso de fabricación,TR-2025-052_3.2.P.3.5_validacion_del_proceso_de_fabricacion_v1.pdf,1,Aprobado,Calidad,U07,2025-08-04,U08,3,1202,False,False
D01044,TR-2025-052,R038,M3,3.2.P.5.3,Validación de métodos analíticos,TR-2025-052_3.2.P.5.3_validacion_de_metodos_analiticos_v2.pdf,2,Aprobado,Calidad,U08,2025-07-02,U14,43,2361,False,False
D01045,TR-2025-052,R006,M1,1.4.1,Proyecto de etiqueta del envase secundario,TR-2025-052_1.4.1_proyecto_de_etiqueta_del_envase_secundario_v2.pdf,2,Aprobado,Asuntos Regulatorios,U03,2025-08-12,U05,7,2579,False,False
D01046,TR-2025-052,R061,M5,5.3.1.3,Perfiles de disolución comparativos,TR-2025-052_5.3.1.3_perfiles_de_disolucion_comparativos_v1.pdf,1,Aprobado,CMC,U09,2025-08-03,U07,49,4184,False,False
D01047,TR-2025-053,R001,M1,1.1,Formato de solicitud firmado,TR-2025-053_1.1_formato_de_solicitud_firmado_v1.pdf,1,Aprobado,Asuntos Regulatorios,U04,2025-09-10,U04,57,806,False,False
D01048,TR-2025-053,R002,M1,1.2,Comprobante de pago de derechos,TR-2025-053_1.2_comprobante_de_pago_de_derechos_v1.pdf,1,Aprobado,Asuntos Regulatorios,U04,2025-09-10,U04,17,5605,False,False
D01049,TR-2025-053,R015,M1,1.10,Justificación técnica de la modificación,TR-2025-053_1.10_justificacion_tecnica_de_la_modificacion_v1.pdf,1,Aprobado,Asuntos Regulatorios,U03,2025-08-10,U02,19,3822,False,False
D01050,TR-2025-053,R006,M1,1.4.1,Proyecto de etiqueta del envase secundario,TR-2025-053_1.4.1_proyecto_de_etiqueta_del_envase_secundario_v1.pdf,1,Aprobado,Asuntos Regulatorios,U02,2025-09-14,U02,29,4954,False,False
D01051,TR-2025-053,R032,M3,3.2.S.4,Certificado de análisis del fármaco,TR-2025-053_3.2.S.4_certificado_de_analisis_del_farmaco_v1.pdf,1,Aprobado,Calidad,U06,2025-09-07,U07,52,4263,False,False
D01052,TR-2025-053,R061,M5,5.3.1.3,Perfiles de disolución comparativos,TR-2025-053_5.3.1.3_perfiles_de_disolucion_comparativos_v1.pdf,1,Aprobado,CMC,U10,2025-07-24,U07,55,4538,False,False
D01053,TR-2025-053,R039,M3,3.2.P.7,Sistema contenedor-cierre,TR-2025-053_3.2.P.7_sistema_contenedor_cierre_v1.pdf,1,Aprobado,CMC,U09,2025-07-29,U14,22,3645,False,False
D01054,TR-2025-054,R001,M1,1.1,Formato de solicitud firmado,TR-2025-054_1.1_formato_de_solicitud_firmado_v1.pdf,1,Aprobado,Asuntos Regulatorios,U03,2025-08-21,U04,27,2361,False,False
D01055,TR-2025-054,R002,M1,1.2,Comprobante de pago de derechos,TR-2025-054_1.2_comprobante_de_pago_de_derechos_v1.pdf,1,Aprobado,Asuntos Regulatorios,U05,2025-09-15,U03,13,5616,False,False
D01056,TR-2025-054,R015,M1,1.10,Justificación técnica de la modificación,TR-2025-054_1.10_justificacion_tecnica_de_la_modificacion_v1.pdf,1,Aprobado,Asuntos Regulatorios,U05,2025-08-04,U04,57,2881,False,False
D01057,TR-2025-054,R005,M1,1.4.1,Proyecto de etiqueta del envase primario,TR-2025-054_1.4.1_proyecto_de_etiqueta_del_envase_primario_v1.pdf,1,Aprobado,Asuntos Regulatorios,U04,2025-09-10,U03,39,5638,False,False
D01058,TR-2025-054,R061,M5,5.3.1.3,Perfiles de disolución comparativos,TR-2025-054_5.3.1.3_perfiles_de_disolucion_comparativos_v1.pdf,1,Aprobado,CMC,U10,2025-09-04,U07,13,2797,False,False
D01059,TR-2025-054,R040,M3,3.2.P.8,Estudio de estabilidad del medicamento,TR-2025-054_3.2.P.8_estudio_de_estabilidad_del_medicamento_v1.pdf,1,Aprobado,CMC,U09,2025-08-29,U14,42,9002,False,False
D01060,TR-2025-054,R032,M3,3.2.S.4,Certificado de análisis del fármaco,TR-2025-054_3.2.S.4_certificado_de_analisis_del_farmaco_v1.pdf,1,Aprobado,Calidad,U06,2025-08-31,U14,49,7941,False,False
D01061,TR-2025-054,R035,M3,3.2.P.3.5,Validación del proceso de fabricación,TR-2025-054_3.2.P.3.5_validacion_del_proceso_de_fabricacion_v1.pdf,1,Aprobado,Calidad,U07,2025-07-24,U06,50,6907,False,False
D01062,TR-2025-054,R038,M3,3.2.P.5.3,Validación de métodos analíticos,TR-2025-054_3.2.P.5.3_validacion_de_metodos_analiticos_v1.pdf,1,Aprobado,Calidad,U07,2025-07-28,U14,46,7657,False,False
D01063,TR-2025-055,R001,M1,1.1,Formato de solicitud firmado,TR-2025-055_1.1_formato_de_solicitud_firmado_v1.pdf,1,Aprobado,Asuntos Regulatorios,U05,2025-08-08,U03,56,5099,False,False
D01064,TR-2025-055,R002,M1,1.2,Comprobante de pago de derechos,TR-2025-055_1.2_comprobante_de_pago_de_derechos_v1.pdf,1,Aprobado,Asuntos Regulatorios,U04,2025-08-09,U03,45,8769,False,False
D01065,TR-2025-055,R015,M1,1.10,Justificación técnica de la modificación,TR-2025-055_1.10_justificacion_tecnica_de_la_modificacion_v1.pdf,1,Aprobado,Asuntos Regulatorios,U03,2025-08-03,U05,2,5941,False,False
D01066,TR-2025-055,R039,M3,3.2.P.7,Sistema contenedor-cierre,TR-2025-055_3.2.P.7_sistema_contenedor_cierre_v1.pdf,1,Aprobado,CMC,U10,2025-07-26,U08,41,8253,False,False
D01067,TR-2025-055,R032,M3,3.2.S.4,Certificado de análisis del fármaco,TR-2025-055_3.2.S.4_certificado_de_analisis_del_farmaco_v1.pdf,1,Aprobado,Calidad,U14,2025-09-19,U07,59,7544,False,False
D01068,TR-2025-055,R006,M1,1.4.1,Proyecto de etiqueta del envase secundario,TR-2025-055_1.4.1_proyecto_de_etiqueta_del_envase_secundario_v2.pdf,2,Aprobado,Asuntos Regulatorios,U04,2025-06-15,U02,15,9006,False,False
D01069,TR-2025-055,R038,M3,3.2.P.5.3,Validación de métodos analíticos,TR-2025-055_3.2.P.5.3_validacion_de_metodos_analiticos_v1.pdf,1,Aprobado,Calidad,U07,2025-06-16,U06,34,4851,False,False
D01070,TR-2025-055,R040,M3,3.2.P.8,Estudio de estabilidad del medicamento,TR-2025-055_3.2.P.8_estudio_de_estabilidad_del_medicamento_v3.pdf,3,Aprobado,CMC,U10,2025-08-31,U07,38,3065,False,False
D01071,TR-2025-055,R005,M1,1.4.1,Proyecto de etiqueta del envase primario,TR-2025-055_1.4.1_proyecto_de_etiqueta_del_envase_primario_v2.pdf,2,Aprobado,Asuntos Regulatorios,U04,2025-07-31,U05,52,6000,False,False
D01072,TR-2025-056,R001,M1,1.1,Formato de solicitud firmado,TR-2025-056_1.1_formato_de_solicitud_firmado_v1.pdf,1,Aprobado,Asuntos Regulatorios,U05,2025-07-04,U04,48,7186,False,False
D01073,TR-2025-056,R002,M1,1.2,Comprobante de pago de derechos,TR-2025-056_1.2_comprobante_de_pago_de_derechos_v1.pdf,1,Aprobado,Asuntos Regulatorios,U02,2025-07-09,U03,45,9453,False,False
D01074,TR-2025-056,R015,M1,1.10,Justificación técnica de la modificación,TR-2025-056_1.10_justificacion_tecnica_de_la_modificacion_v1.pdf,1,Aprobado,Asuntos Regulatorios,U05,2025-09-15,U02,44,1071,False,False
D01075,TR-2025-056,R038,M3,3.2.P.5.3,Validación de métodos analíticos,TR-2025-056_3.2.P.5.3_validacion_de_metodos_analiticos_v1.pdf,1,Aprobado,Calidad,U07,2025-09-07,U07,17,3663,False,False
D01076,TR-2025-056,R040,M3,3.2.P.8,Estudio de estabilidad del medicamento,TR-2025-056_3.2.P.8_estudio_de_estabilidad_del_medicamento_v1.pdf,1,Aprobado,CMC,U09,2025-09-19,U06,54,8481,False,False
D01077,TR-2025-056,R061,M5,5.3.1.3,Perfiles de disolución comparativos,TR-2025-056_5.3.1.3_perfiles_de_disolucion_comparativos_v1.pdf,1,Aprobado,CMC,U09,2025-08-15,U06,49,383,False,False
D01078,TR-2025-056,R006,M1,1.4.1,Proyecto de etiqueta del envase secundario,TR-2025-056_1.4.1_proyecto_de_etiqueta_del_envase_secundario_v1.pdf,1,Aprobado,Asuntos Regulatorios,U04,2025-08-22,U03,52,5689,False,False
D01079,TR-2025-056,R032,M3,3.2.S.4,Certificado de análisis del fármaco,TR-2025-056_3.2.S.4_certificado_de_analisis_del_farmaco_v1.pdf,1,Aprobado,Calidad,U06,2025-09-10,U14,53,1816,False,False
D01080,TR-2025-056,R039,M3,3.2.P.7,Sistema contenedor-cierre,TR-2025-056_3.2.P.7_sistema_contenedor_cierre_v1.pdf,1,Aprobado,CMC,U09,2025-08-19,U14,5,1979,False,False
D01081,TR-2025-057,R001,M1,1.1,Formato de solicitud firmado,TR-2025-057_1.1_formato_de_solicitud_firmado_v1.pdf,1,Aprobado,Asuntos Regulatorios,U04,2025-07-20,U05,32,1796,False,False
D01082,TR-2025-057,R002,M1,1.2,Comprobante de pago de derechos,TR-2025-057_1.2_comprobante_de_pago_de_derechos_v1.pdf,1,Aprobado,Asuntos Regulatorios,U04,2025-08-27,U03,42,7524,False,False
D01083,TR-2025-057,R015,M1,1.10,Justificación técnica de la modificación,TR-2025-057_1.10_justificacion_tecnica_de_la_modificacion_v1.pdf,1,Aprobado,Asuntos Regulatorios,U04,2025-09-19,U05,12,4359,False,False
D01084,TR-2025-057,R006,M1,1.4.1,Proyecto de etiqueta del envase secundario,TR-2025-057_1.4.1_proyecto_de_etiqueta_del_envase_secundario_v3.pdf,3,Aprobado,Asuntos Regulatorios,U05,2025-08-26,U05,18,7656,False,False
D01085,TR-2025-057,R061,M5,5.3.1.3,Perfiles de disolución comparativos,TR-2025-057_5.3.1.3_perfiles_de_disolucion_comparativos_v1.pdf,1,Aprobado,CMC,U10,2025-09-01,U14,11,6069,False,False
D01086,TR-2025-057,R035,M3,3.2.P.3.5,Validación del proceso de fabricación,TR-2025-057_3.2.P.3.5_validacion_del_proceso_de_fabricacion_v2.pdf,2,Aprobado,Calidad,U08,2025-09-02,U08,10,1311,False,False
D01087,TR-2025-057,R032,M3,3.2.S.4,Certificado de análisis del fármaco,TR-2025-057_3.2.S.4_certificado_de_analisis_del_farmaco_v1.pdf,1,Aprobado,Calidad,U08,2025-08-24,U07,34,5693,False,False
D01088,TR-2025-057,R040,M3,3.2.P.8,Estudio de estabilidad del medicamento,TR-2025-057_3.2.P.8_estudio_de_estabilidad_del_medicamento_v1.pdf,1,Aprobado,CMC,U09,2025-08-28,U06,19,3252,False,False
D01089,TR-2025-058,R001,M1,1.1,Formato de solicitud firmado,TR-2025-058_1.1_formato_de_solicitud_firmado_v1.pdf,1,Aprobado,Asuntos Regulatorios,U04,2025-09-27,U05,48,1305,False,False
D01090,TR-2025-058,R002,M1,1.2,Comprobante de pago de derechos,TR-2025-058_1.2_comprobante_de_pago_de_derechos_v1.pdf,1,Aprobado,Asuntos Regulatorios,U03,2025-09-16,U05,29,1341,False,False
D01091,TR-2025-058,R015,M1,1.10,Justificación técnica de la modificación,TR-2025-058_1.10_justificacion_tecnica_de_la_modificacion_v1.pdf,1,Aprobado,Asuntos Regulatorios,U03,2025-09-25,U03,26,9130,False,False
D01092,TR-2025-058,R035,M3,3.2.P.3.5,Validación del proceso de fabricación,TR-2025-058_3.2.P.3.5_validacion_del_proceso_de_fabricacion_v1.pdf,1,Aprobado,Calidad,U08,2025-07-20,U06,33,4489,False,False
D01093,TR-2025-058,R032,M3,3.2.S.4,Certificado de análisis del fármaco,TR-2025-058_3.2.S.4_certificado_de_analisis_del_farmaco_v1.pdf,1,Aprobado,Calidad,U06,2025-09-02,U08,28,5376,False,False
D01094,TR-2025-059,R001,M1,1.1,Formato de solicitud firmado,TR-2025-059_1.1_formato_de_solicitud_firmado_v1.pdf,1,Aprobado,Asuntos Regulatorios,U02,2025-09-12,U02,29,2058,False,False
D01095,TR-2025-059,R002,M1,1.2,Comprobante de pago de derechos,TR-2025-059_1.2_comprobante_de_pago_de_derechos_v1.pdf,1,Aprobado,Asuntos Regulatorios,U04,2025-10-17,U03,58,6113,False,False
D01096,TR-2025-059,R015,M1,1.10,Justificación técnica de la modificación,TR-2025-059_1.10_justificacion_tecnica_de_la_modificacion_v1.pdf,1,Aprobado,Asuntos Regulatorios,U03,2025-09-27,U04,42,3094,False,False
D01097,TR-2025-059,R035,M3,3.2.P.3.5,Validación del proceso de fabricación,TR-2025-059_3.2.P.3.5_validacion_del_proceso_de_fabricacion_v1.pdf,1,Aprobado,Calidad,U07,2025-10-13,U14,38,3156,False,False
D01098,TR-2025-059,R061,M5,5.3.1.3,Perfiles de disolución comparativos,TR-2025-059_5.3.1.3_perfiles_de_disolucion_comparativos_v1.pdf,1,Aprobado,CMC,U10,2025-09-10,U08,10,1435,False,False
D01099,TR-2025-060,R001,M1,1.1,Formato de solicitud firmado,TR-2025-060_1.1_formato_de_solicitud_firmado_v1.pdf,1,Aprobado,Asuntos Regulatorios,U05,2025-09-19,U02,57,7700,False,False
D01100,TR-2025-060,R002,M1,1.2,Comprobante de pago de derechos,TR-2025-060_1.2_comprobante_de_pago_de_derechos_v1.pdf,1,Aprobado,Asuntos Regulatorios,U05,2025-10-20,U04,42,3289,False,False
D01101,TR-2025-060,R015,M1,1.10,Justificación técnica de la modificación,TR-2025-060_1.10_justificacion_tecnica_de_la_modificacion_v1.pdf,1,Aprobado,Asuntos Regulatorios,U04,2025-10-23,U05,32,1573,False,False
D01102,TR-2025-060,R040,M3,3.2.P.8,Estudio de estabilidad del medicamento,TR-2025-060_3.2.P.8_estudio_de_estabilidad_del_medicamento_v5.pdf,5,Aprobado,CMC,U09,2025-10-13,U08,4,880,False,False
D01103,TR-2025-060,R006,M1,1.4.1,Proyecto de etiqueta del envase secundario,TR-2025-060_1.4.1_proyecto_de_etiqueta_del_envase_secundario_v3.pdf,3,Aprobado,Asuntos Regulatorios,U04,2025-10-21,U04,40,8006,False,False
D01104,TR-2025-060,R035,M3,3.2.P.3.5,Validación del proceso de fabricación,TR-2025-060_3.2.P.3.5_validacion_del_proceso_de_fabricacion_v1.pdf,1,Aprobado,Calidad,U06,2025-09-19,U06,33,1729,False,False
D01105,TR-2025-060,R005,M1,1.4.1,Proyecto de etiqueta del envase primario,TR-2025-060_1.4.1_proyecto_de_etiqueta_del_envase_primario_v1.pdf,1,Aprobado,Asuntos Regulatorios,U05,2025-10-20,U04,2,6750,False,False
D01106,TR-2025-060,R032,M3,3.2.S.4,Certificado de análisis del fármaco,TR-2025-060_3.2.S.4_certificado_de_analisis_del_farmaco_v1.pdf,1,Aprobado,Calidad,U08,2025-09-21,U06,45,3569,False,False
D01107,TR-2025-061,R001,M1,1.1,Formato de solicitud firmado,TR-2025-061_1.1_formato_de_solicitud_firmado_v1.pdf,1,Aprobado,Asuntos Regulatorios,U04,2025-09-29,U02,17,2050,False,False
D01108,TR-2025-061,R002,M1,1.2,Comprobante de pago de derechos,TR-2025-061_1.2_comprobante_de_pago_de_derechos_v2.pdf,2,Aprobado,Asuntos Regulatorios,U03,2025-10-31,U02,17,4568,False,False
D01109,TR-2025-061,R015,M1,1.10,Justificación técnica de la modificación,TR-2025-061_1.10_justificacion_tecnica_de_la_modificacion_v1.pdf,1,Aprobado,Asuntos Regulatorios,U05,2025-10-03,U04,7,238,False,False
D01110,TR-2025-061,R040,M3,3.2.P.8,Estudio de estabilidad del medicamento,TR-2025-061_3.2.P.8_estudio_de_estabilidad_del_medicamento_v3.pdf,3,Aprobado,CMC,U09,2025-11-02,U07,42,6578,False,False
D01111,TR-2025-061,R035,M3,3.2.P.3.5,Validación del proceso de fabricación,TR-2025-061_3.2.P.3.5_validacion_del_proceso_de_fabricacion_v2.pdf,2,Aprobado,Calidad,U08,2025-09-21,U08,8,9775,False,False
D01112,TR-2025-062,R001,M1,1.1,Formato de solicitud firmado,TR-2025-062_1.1_formato_de_solicitud_firmado_v1.pdf,1,Aprobado,Asuntos Regulatorios,U02,2025-10-22,U02,9,1352,False,False
D01113,TR-2025-062,R002,M1,1.2,Comprobante de pago de derechos,TR-2025-062_1.2_comprobante_de_pago_de_derechos_v1.pdf,1,Aprobado,Asuntos Regulatorios,U03,2025-10-10,U05,42,4155,False,False
D01114,TR-2025-062,R015,M1,1.10,Justificación técnica de la modificación,TR-2025-062_1.10_justificacion_tecnica_de_la_modificacion_v1.pdf,1,Aprobado,Asuntos Regulatorios,U02,2025-10-04,U03,5,7230,False,False
D01115,TR-2025-062,R061,M5,5.3.1.3,Perfiles de disolución comparativos,TR-2025-062_5.3.1.3_perfiles_de_disolucion_comparativos_v2.pdf,2,Aprobado,CMC,U10,2025-10-23,U14,57,9189,False,False
D01116,TR-2025-062,R040,M3,3.2.P.8,Estudio de estabilidad del medicamento,TR-2025-062_3.2.P.8_estudio_de_estabilidad_del_medicamento_v2.pdf,2,Aprobado,CMC,U09,2025-09-28,U08,46,2781,False,False
D01117,TR-2025-062,R039,M3,3.2.P.7,Sistema contenedor-cierre,TR-2025-062_3.2.P.7_sistema_contenedor_cierre_v1.pdf,1,Aprobado,CMC,U10,2025-10-12,U14,20,8176,False,False
D01118,TR-2025-062,R038,M3,3.2.P.5.3,Validación de métodos analíticos,TR-2025-062_3.2.P.5.3_validacion_de_metodos_analiticos_v1.pdf,1,Aprobado,Calidad,U08,2025-10-05,U07,40,8188,False,False
D01119,TR-2025-062,R035,M3,3.2.P.3.5,Validación del proceso de fabricación,TR-2025-062_3.2.P.3.5_validacion_del_proceso_de_fabricacion_v2.pdf,2,Aprobado,Calidad,U08,2025-10-03,U08,37,7554,False,False
D01120,TR-2025-062,R032,M3,3.2.S.4,Certificado de análisis del fármaco,TR-2025-062_3.2.S.4_certificado_de_analisis_del_farmaco_v1.pdf,1,Aprobado,Calidad,U08,2025-09-28,U08,15,7089,False,False
D01121,TR-2025-063,R001,M1,1.1,Formato de solicitud firmado,TR-2025-063_1.1_formato_de_solicitud_firmado_v1.pdf,1,Aprobado,Asuntos Regulatorios,U03,2025-10-31,U02,58,7703,False,False
D01122,TR-2025-063,R002,M1,1.2,Comprobante de pago de derechos,TR-2025-063_1.2_comprobante_de_pago_de_derechos_v1.pdf,1,Aprobado,Asuntos Regulatorios,U05,2025-11-14,U05,49,9256,False,False
D01123,TR-2025-063,R015,M1,1.10,Justificación técnica de la modificación,TR-2025-063_1.10_justificacion_tecnica_de_la_modificacion_v1.pdf,1,Aprobado,Asuntos Regulatorios,U03,2025-10-30,U04,9,8998,False,False
D01124,TR-2025-063,R040,M3,3.2.P.8,Estudio de estabilidad del medicamento,TR-2025-063_3.2.P.8_estudio_de_estabilidad_del_medicamento_v1.pdf,1,Aprobado,CMC,U10,2025-10-08,U14,54,7960,False,False
D01125,TR-2025-063,R039,M3,3.2.P.7,Sistema contenedor-cierre,TR-2025-063_3.2.P.7_sistema_contenedor_cierre_v1.pdf,1,Aprobado,CMC,U09,2025-10-11,U08,31,9641,False,False
D01126,TR-2025-063,R005,M1,1.4.1,Proyecto de etiqueta del envase primario,TR-2025-063_1.4.1_proyecto_de_etiqueta_del_envase_primario_v1.pdf,1,Aprobado,Asuntos Regulatorios,U04,2025-10-07,U05,46,1629,False,False
D01127,TR-2025-063,R038,M3,3.2.P.5.3,Validación de métodos analíticos,TR-2025-063_3.2.P.5.3_validacion_de_metodos_analiticos_v1.pdf,1,Aprobado,Calidad,U06,2025-10-06,U08,47,7948,False,False
D01128,TR-2025-063,R035,M3,3.2.P.3.5,Validación del proceso de fabricación,TR-2025-063_3.2.P.3.5_validacion_del_proceso_de_fabricacion_v1.pdf,1,Aprobado,Calidad,U08,2025-11-03,U06,59,8326,False,False
D01129,TR-2025-064,R001,M1,1.1,Formato de solicitud firmado,TR-2025-064_1.1_formato_de_solicitud_firmado_v1.pdf,1,Aprobado,Asuntos Regulatorios,U02,2025-11-20,U05,51,3109,False,False
D01130,TR-2025-064,R002,M1,1.2,Comprobante de pago de derechos,TR-2025-064_1.2_comprobante_de_pago_de_derechos_v1.pdf,1,Aprobado,Asuntos Regulatorios,U04,2025-10-28,U04,42,2905,False,False
D01131,TR-2025-064,R015,M1,1.10,Justificación técnica de la modificación,TR-2025-064_1.10_justificacion_tecnica_de_la_modificacion_v1.pdf,1,Aprobado,Asuntos Regulatorios,U02,2025-10-30,U05,50,576,False,False
D01132,TR-2025-064,R061,M5,5.3.1.3,Perfiles de disolución comparativos,TR-2025-064_5.3.1.3_perfiles_de_disolucion_comparativos_v1.pdf,1,Aprobado,CMC,U10,2025-11-17,U08,59,2633,False,False
D01133,TR-2025-064,R035,M3,3.2.P.3.5,Validación del proceso de fabricación,TR-2025-064_3.2.P.3.5_validacion_del_proceso_de_fabricacion_v1.pdf,1,Aprobado,Calidad,U07,2025-11-23,U06,30,7037,False,False
D01134,TR-2025-064,R006,M1,1.4.1,Proyecto de etiqueta del envase secundario,TR-2025-064_1.4.1_proyecto_de_etiqueta_del_envase_secundario_v1.pdf,1,Aprobado,Asuntos Regulatorios,U05,2025-10-28,U04,29,2585,False,False
D01135,TR-2025-064,R005,M1,1.4.1,Proyecto de etiqueta del envase primario,TR-2025-064_1.4.1_proyecto_de_etiqueta_del_envase_primario_v1.pdf,1,Aprobado,Asuntos Regulatorios,U05,2025-11-25,U04,27,3579,False,False
D01136,TR-2025-064,R039,M3,3.2.P.7,Sistema contenedor-cierre,TR-2025-064_3.2.P.7_sistema_contenedor_cierre_v1.pdf,1,Aprobado,CMC,U10,2025-11-26,U14,17,6262,False,False
D01137,TR-2025-065,R001,M1,1.1,Formato de solicitud firmado,TR-2025-065_1.1_formato_de_solicitud_firmado_v1.pdf,1,Aprobado,Asuntos Regulatorios,U02,2025-11-01,U02,20,5599,False,False
D01138,TR-2025-065,R002,M1,1.2,Comprobante de pago de derechos,TR-2025-065_1.2_comprobante_de_pago_de_derechos_v1.pdf,1,Aprobado,Asuntos Regulatorios,U05,2025-09-09,U03,7,5650,False,False
D01139,TR-2025-065,R015,M1,1.10,Justificación técnica de la modificación,TR-2025-065_1.10_justificacion_tecnica_de_la_modificacion_v1.pdf,1,Aprobado,Asuntos Regulatorios,U05,2025-10-05,U02,28,3548,False,False
D01140,TR-2025-065,R038,M3,3.2.P.5.3,Validación de métodos analíticos,TR-2025-065_3.2.P.5.3_validacion_de_metodos_analiticos_v1.pdf,1,Aprobado,Calidad,U14,2025-10-18,U07,30,9647,False,False
D01141,TR-2025-065,R032,M3,3.2.S.4,Certificado de análisis del fármaco,TR-2025-065_3.2.S.4_certificado_de_analisis_del_farmaco_v1.pdf,1,Aprobado,Calidad,U07,2025-10-17,U06,35,411,False,False
D01142,TR-2025-065,R039,M3,3.2.P.7,Sistema contenedor-cierre,TR-2025-065_3.2.P.7_sistema_contenedor_cierre_v1.pdf,1,Aprobado,CMC,U09,2025-11-23,U06,41,2052,False,False
D01143,TR-2025-066,R001,M1,1.1,Formato de solicitud firmado,TR-2025-066_1.1_formato_de_solicitud_firmado_v1.pdf,1,Aprobado,Asuntos Regulatorios,U03,2025-10-28,U05,21,3329,False,False
D01144,TR-2025-066,R002,M1,1.2,Comprobante de pago de derechos,TR-2025-066_1.2_comprobante_de_pago_de_derechos_v1.pdf,1,Aprobado,Asuntos Regulatorios,U02,2025-09-21,U03,10,7085,False,False
D01145,TR-2025-066,R015,M1,1.10,Justificación técnica de la modificación,TR-2025-066_1.10_justificacion_tecnica_de_la_modificacion_v2.pdf,2,Aprobado,Asuntos Regulatorios,U02,2025-09-10,U04,54,2274,False,False
D01146,TR-2025-066,R061,M5,5.3.1.3,Perfiles de disolución comparativos,TR-2025-066_5.3.1.3_perfiles_de_disolucion_comparativos_v1.pdf,1,Aprobado,CMC,U09,2025-11-10,U14,52,9354,False,False
D01147,TR-2025-066,R006,M1,1.4.1,Proyecto de etiqueta del envase secundario,TR-2025-066_1.4.1_proyecto_de_etiqueta_del_envase_secundario_v4.pdf,4,Aprobado,Asuntos Regulatorios,U03,2025-11-24,U04,32,284,False,False
D01148,TR-2025-066,R032,M3,3.2.S.4,Certificado de análisis del fármaco,TR-2025-066_3.2.S.4_certificado_de_analisis_del_farmaco_v2.pdf,2,Aprobado,Calidad,U08,2025-10-28,U08,45,3951,False,False
D01149,TR-2025-066,R005,M1,1.4.1,Proyecto de etiqueta del envase primario,TR-2025-066_1.4.1_proyecto_de_etiqueta_del_envase_primario_v2.pdf,2,Aprobado,Asuntos Regulatorios,U05,2025-10-12,U05,39,7103,False,False
D01150,TR-2025-067,R001,M1,1.1,Formato de solicitud firmado,TR-2025-067_1.1_formato_de_solicitud_firmado_v1.pdf,1,Aprobado,Asuntos Regulatorios,U05,2025-11-23,U03,22,3731,False,False
D01151,TR-2025-067,R002,M1,1.2,Comprobante de pago de derechos,TR-2025-067_1.2_comprobante_de_pago_de_derechos_v1.pdf,1,Aprobado,Asuntos Regulatorios,U02,2025-11-03,U02,20,3296,False,False
D01152,TR-2025-067,R015,M1,1.10,Justificación técnica de la modificación,TR-2025-067_1.10_justificacion_tecnica_de_la_modificacion_v1.pdf,1,Aprobado,Asuntos Regulatorios,U05,2025-11-28,U03,5,3247,False,False
D01153,TR-2025-067,R040,M3,3.2.P.8,Estudio de estabilidad del medicamento,TR-2025-067_3.2.P.8_estudio_de_estabilidad_del_medicamento_v1.pdf,1,Aprobado,CMC,U09,2025-11-20,U06,10,7639,False,False
D01154,TR-2025-067,R005,M1,1.4.1,Proyecto de etiqueta del envase primario,TR-2025-067_1.4.1_proyecto_de_etiqueta_del_envase_primario_v1.pdf,1,Aprobado,Asuntos Regulatorios,U03,2025-10-23,U03,59,4938,False,False
D01155,TR-2025-067,R039,M3,3.2.P.7,Sistema contenedor-cierre,TR-2025-067_3.2.P.7_sistema_contenedor_cierre_v1.pdf,1,Aprobado,CMC,U10,2025-10-16,U08,27,1225,False,False
D01156,TR-2025-067,R006,M1,1.4.1,Proyecto de etiqueta del envase secundario,TR-2025-067_1.4.1_proyecto_de_etiqueta_del_envase_secundario_v1.pdf,1,Aprobado,Asuntos Regulatorios,U05,2025-11-23,U02,27,9496,False,False
D01157,TR-2026-001,R001,M1,1.1,Formato de solicitud firmado,TR-2026-001_1.1_formato_de_solicitud_firmado_v1.pdf,1,Aprobado,Asuntos Regulatorios,U02,2025-12-13,U04,13,7490,False,False
D01158,TR-2026-001,R002,M1,1.2,Comprobante de pago de derechos,TR-2026-001_1.2_comprobante_de_pago_de_derechos_v2.pdf,2,Aprobado,Asuntos Regulatorios,U04,2025-11-24,U02,8,546,False,False
D01159,TR-2026-001,R015,M1,1.10,Justificación técnica de la modificación,TR-2026-001_1.10_justificacion_tecnica_de_la_modificacion_v2.pdf,2,Aprobado,Asuntos Regulatorios,U05,2025-12-29,U05,31,7476,False,False
D01160,TR-2026-001,R039,M3,3.2.P.7,Sistema contenedor-cierre,TR-2026-001_3.2.P.7_sistema_contenedor_cierre_v1.pdf,1,Aprobado,CMC,U10,2025-11-06,U08,32,4357,False,False
D01161,TR-2026-001,R006,M1,1.4.1,Proyecto de etiqueta del envase secundario,TR-2026-001_1.4.1_proyecto_de_etiqueta_del_envase_secundario_v3.pdf,3,Aprobado,Asuntos Regulatorios,U05,2025-12-15,U02,5,3103,False,False
D01162,TR-2026-001,R061,M5,5.3.1.3,Perfiles de disolución comparativos,TR-2026-001_5.3.1.3_perfiles_de_disolucion_comparativos_v1.pdf,1,Aprobado,CMC,U10,2025-12-21,U07,15,258,False,False
D01163,TR-2026-002,R001,M1,1.1,Formato de solicitud firmado,TR-2026-002_1.1_formato_de_solicitud_firmado_v1.pdf,1,Aprobado,Asuntos Regulatorios,U03,2025-10-12,U03,18,2059,False,False
D01164,TR-2026-002,R002,M1,1.2,Comprobante de pago de derechos,TR-2026-002_1.2_comprobante_de_pago_de_derechos_v1.pdf,1,Aprobado,Asuntos Regulatorios,U05,2025-10-07,U05,24,6446,False,False
D01165,TR-2026-002,R015,M1,1.10,Justificación técnica de la modificación,TR-2026-002_1.10_justificacion_tecnica_de_la_modificacion_v1.pdf,1,Aprobado,Asuntos Regulatorios,U05,2025-11-05,U02,46,7958,False,False
D01166,TR-2026-002,R005,M1,1.4.1,Proyecto de etiqueta del envase primario,TR-2026-002_1.4.1_proyecto_de_etiqueta_del_envase_primario_v1.pdf,1,Aprobado,Asuntos Regulatorios,U03,2025-10-08,U03,6,4260,False,False
D01167,TR-2026-002,R039,M3,3.2.P.7,Sistema contenedor-cierre,TR-2026-002_3.2.P.7_sistema_contenedor_cierre_v1.pdf,1,Aprobado,CMC,U10,2025-10-27,U07,7,622,False,False
D01168,TR-2026-002,R040,M3,3.2.P.8,Estudio de estabilidad del medicamento,TR-2026-002_3.2.P.8_estudio_de_estabilidad_del_medicamento_v1.pdf,1,Aprobado,CMC,U09,2025-11-20,U07,18,2881,False,False
D01169,TR-2026-002,R035,M3,3.2.P.3.5,Validación del proceso de fabricación,TR-2026-002_3.2.P.3.5_validacion_del_proceso_de_fabricacion_v1.pdf,1,Aprobado,Calidad,U07,2025-11-05,U08,18,7037,False,False
D01170,TR-2026-003,R001,M1,1.1,Formato de solicitud firmado,TR-2026-003_1.1_formato_de_solicitud_firmado_v1.pdf,1,Aprobado,Asuntos Regulatorios,U04,2025-10-23,U04,38,5143,False,False
D01171,TR-2026-003,R002,M1,1.2,Comprobante de pago de derechos,TR-2026-003_1.2_comprobante_de_pago_de_derechos_v1.pdf,1,Aprobado,Asuntos Regulatorios,U02,2025-11-29,U03,34,5560,False,False
D01172,TR-2026-003,R015,M1,1.10,Justificación técnica de la modificación,TR-2026-003_1.10_justificacion_tecnica_de_la_modificacion_v1.pdf,1,Aprobado,Asuntos Regulatorios,U02,2025-12-27,U02,46,9386,False,False
D01173,TR-2026-003,R061,M5,5.3.1.3,Perfiles de disolución comparativos,TR-2026-003_5.3.1.3_perfiles_de_disolucion_comparativos_v1.pdf,1,Aprobado,CMC,U09,2025-11-20,U06,20,2130,False,False
D01174,TR-2026-003,R039,M3,3.2.P.7,Sistema contenedor-cierre,TR-2026-003_3.2.P.7_sistema_contenedor_cierre_v1.pdf,1,Aprobado,CMC,U10,2025-12-18,U14,10,8471,False,False
D01175,TR-2026-003,R005,M1,1.4.1,Proyecto de etiqueta del envase primario,TR-2026-003_1.4.1_proyecto_de_etiqueta_del_envase_primario_v1.pdf,1,Aprobado,Asuntos Regulatorios,U02,2025-10-26,U05,16,3020,False,False
D01176,TR-2026-003,R040,M3,3.2.P.8,Estudio de estabilidad del medicamento,TR-2026-003_3.2.P.8_estudio_de_estabilidad_del_medicamento_v1.pdf,1,Aprobado,CMC,U09,2025-11-10,U07,3,4378,False,False
D01177,TR-2026-003,R035,M3,3.2.P.3.5,Validación del proceso de fabricación,TR-2026-003_3.2.P.3.5_validacion_del_proceso_de_fabricacion_v1.pdf,1,Aprobado,Calidad,U07,2025-11-22,U14,37,6838,False,False
D01178,TR-2026-003,R006,M1,1.4.1,Proyecto de etiqueta del envase secundario,TR-2026-003_1.4.1_proyecto_de_etiqueta_del_envase_secundario_v1.pdf,1,Aprobado,Asuntos Regulatorios,U04,2025-11-25,U05,7,7645,False,False
D01179,TR-2026-004,R001,M1,1.1,Formato de solicitud firmado,TR-2026-004_1.1_formato_de_solicitud_firmado_v1.pdf,1,Aprobado,Asuntos Regulatorios,U02,2025-12-21,U02,26,3656,False,False
D01180,TR-2026-004,R002,M1,1.2,Comprobante de pago de derechos,TR-2026-004_1.2_comprobante_de_pago_de_derechos_v1.pdf,1,Aprobado,Asuntos Regulatorios,U05,2026-01-01,U03,27,6136,False,False
D01181,TR-2026-004,R015,M1,1.10,Justificación técnica de la modificación,TR-2026-004_1.10_justificacion_tecnica_de_la_modificacion_v2.pdf,2,Aprobado,Asuntos Regulatorios,U03,2025-11-13,U05,28,4381,False,False
D01182,TR-2026-004,R040,M3,3.2.P.8,Estudio de estabilidad del medicamento,TR-2026-004_3.2.P.8_estudio_de_estabilidad_del_medicamento_v1.pdf,1,Aprobado,CMC,U09,2025-11-10,U08,22,7223,False,False
D01183,TR-2026-004,R038,M3,3.2.P.5.3,Validación de métodos analíticos,TR-2026-004_3.2.P.5.3_validacion_de_metodos_analiticos_v1.pdf,1,Aprobado,Calidad,U14,2025-12-28,U06,50,358,False,False
D01184,TR-2026-004,R035,M3,3.2.P.3.5,Validación del proceso de fabricación,TR-2026-004_3.2.P.3.5_validacion_del_proceso_de_fabricacion_v1.pdf,1,Aprobado,Calidad,U08,2025-12-24,U07,10,1538,False,False
D01185,TR-2026-004,R061,M5,5.3.1.3,Perfiles de disolución comparativos,TR-2026-004_5.3.1.3_perfiles_de_disolucion_comparativos_v1.pdf,1,Aprobado,CMC,U10,2025-10-25,U07,16,1814,False,False
D01186,TR-2026-004,R006,M1,1.4.1,Proyecto de etiqueta del envase secundario,TR-2026-004_1.4.1_proyecto_de_etiqueta_del_envase_secundario_v4.pdf,4,Aprobado,Asuntos Regulatorios,U04,2025-12-03,U03,7,1708,False,False
D01187,TR-2026-004,R005,M1,1.4.1,Proyecto de etiqueta del envase primario,TR-2026-004_1.4.1_proyecto_de_etiqueta_del_envase_primario_v1.pdf,1,Aprobado,Asuntos Regulatorios,U04,2025-11-29,U04,50,8697,False,False
D01188,TR-2026-005,R001,M1,1.1,Formato de solicitud firmado,TR-2026-005_1.1_formato_de_solicitud_firmado_v1.pdf,1,Enviado,Asuntos Regulatorios,U04,2025-12-04,U03,12,1650,False,False
D01189,TR-2026-005,R002,M1,1.2,Comprobante de pago de derechos,TR-2026-005_1.2_comprobante_de_pago_de_derechos_v1.pdf,1,Enviado,Asuntos Regulatorios,U02,2025-12-30,U05,58,1380,False,False
D01190,TR-2026-005,R015,M1,1.10,Justificación técnica de la modificación,TR-2026-005_1.10_justificacion_tecnica_de_la_modificacion_v2.pdf,2,Enviado,Asuntos Regulatorios,U05,2025-12-29,U03,47,4254,False,False
D01191,TR-2026-005,R039,M3,3.2.P.7,Sistema contenedor-cierre,TR-2026-005_3.2.P.7_sistema_contenedor_cierre_v2.pdf,2,Enviado,CMC,U09,2025-12-23,U06,59,6423,False,False
D01192,TR-2026-005,R038,M3,3.2.P.5.3,Validación de métodos analíticos,TR-2026-005_3.2.P.5.3_validacion_de_metodos_analiticos_v2.pdf,2,Enviado,Calidad,U07,2026-01-09,U07,2,2405,False,False
D01193,TR-2026-006,R001,M1,1.1,Formato de solicitud firmado,TR-2026-006_1.1_formato_de_solicitud_firmado_v1.pdf,1,Aprobado,Asuntos Regulatorios,U03,2025-12-30,U05,60,2110,False,False
D01194,TR-2026-006,R002,M1,1.2,Comprobante de pago de derechos,TR-2026-006_1.2_comprobante_de_pago_de_derechos_v1.pdf,1,Aprobado,Asuntos Regulatorios,U05,2025-12-25,U02,24,1364,False,False
D01195,TR-2026-006,R015,M1,1.10,Justificación técnica de la modificación,TR-2026-006_1.10_justificacion_tecnica_de_la_modificacion_v1.pdf,1,Aprobado,Asuntos Regulatorios,U02,2025-10-14,U04,57,4242,False,False
D01196,TR-2026-006,R035,M3,3.2.P.3.5,Validación del proceso de fabricación,TR-2026-006_3.2.P.3.5_validacion_del_proceso_de_fabricacion_v2.pdf,2,Aprobado,Calidad,U08,2025-10-17,U07,45,2079,False,False
D01197,TR-2026-006,R038,M3,3.2.P.5.3,Validación de métodos analíticos,TR-2026-006_3.2.P.5.3_validacion_de_metodos_analiticos_v1.pdf,1,Aprobado,Calidad,U06,2025-12-16,U08,35,1672,False,False
D01198,TR-2026-006,R005,M1,1.4.1,Proyecto de etiqueta del envase primario,TR-2026-006_1.4.1_proyecto_de_etiqueta_del_envase_primario_v2.pdf,2,Aprobado,Asuntos Regulatorios,U04,2025-11-27,U02,7,9624,False,False
D01199,TR-2026-006,R061,M5,5.3.1.3,Perfiles de disolución comparativos,TR-2026-006_5.3.1.3_perfiles_de_disolucion_comparativos_v2.pdf,2,Aprobado,CMC,U09,2025-12-21,U08,7,3565,False,False
D01200,TR-2026-006,R039,M3,3.2.P.7,Sistema contenedor-cierre,TR-2026-006_3.2.P.7_sistema_contenedor_cierre_v1.pdf,1,Aprobado,CMC,U09,2026-01-02,U14,43,6639,False,False
D01201,TR-2026-006,R040,M3,3.2.P.8,Estudio de estabilidad del medicamento,TR-2026-006_3.2.P.8_estudio_de_estabilidad_del_medicamento_v3.pdf,3,Aprobado,CMC,U09,2025-10-18,U07,20,4921,False,False
D01202,TR-2026-007,R001,M1,1.1,Formato de solicitud firmado,TR-2026-007_1.1_formato_de_solicitud_firmado_v1.pdf,1,Aprobado,Asuntos Regulatorios,U02,2025-12-05,U02,33,2375,False,False
D01203,TR-2026-007,R002,M1,1.2,Comprobante de pago de derechos,TR-2026-007_1.2_comprobante_de_pago_de_derechos_v2.pdf,2,Aprobado,Asuntos Regulatorios,U05,2025-10-19,U03,23,9069,False,False
D01204,TR-2026-007,R015,M1,1.10,Justificación técnica de la modificación,TR-2026-007_1.10_justificacion_tecnica_de_la_modificacion_v2.pdf,2,Aprobado,Asuntos Regulatorios,U05,2025-10-14,U03,6,8936,False,False
D01205,TR-2026-007,R038,M3,3.2.P.5.3,Validación de métodos analíticos,TR-2026-007_3.2.P.5.3_validacion_de_metodos_analiticos_v1.pdf,1,Aprobado,Calidad,U06,2025-12-03,U07,56,5589,False,False
D01206,TR-2026-007,R005,M1,1.4.1,Proyecto de etiqueta del envase primario,TR-2026-007_1.4.1_proyecto_de_etiqueta_del_envase_primario_v2.pdf,2,Aprobado,Asuntos Regulatorios,U05,2025-12-22,U02,48,3177,False,False
D01207,TR-2026-007,R061,M5,5.3.1.3,Perfiles de disolución comparativos,TR-2026-007_5.3.1.3_perfiles_de_disolucion_comparativos_v1.pdf,1,Aprobado,CMC,U10,2025-10-22,U14,12,7629,False,False
D01208,TR-2026-007,R032,M3,3.2.S.4,Certificado de análisis del fármaco,TR-2026-007_3.2.S.4_certificado_de_analisis_del_farmaco_v1.pdf,1,Aprobado,Calidad,U08,2025-10-31,U08,53,4337,False,False
D01209,TR-2026-007,R040,M3,3.2.P.8,Estudio de estabilidad del medicamento,TR-2026-007_3.2.P.8_estudio_de_estabilidad_del_medicamento_v4.pdf,4,Aprobado,CMC,U09,2025-11-05,U07,59,7181,False,False
D01210,TR-2026-008,R001,M1,1.1,Formato de solicitud firmado,TR-2026-008_1.1_formato_de_solicitud_firmado_v1.pdf,1,Aprobado,Asuntos Regulatorios,U04,2026-01-13,U02,39,564,False,False
D01211,TR-2026-008,R002,M1,1.2,Comprobante de pago de derechos,TR-2026-008_1.2_comprobante_de_pago_de_derechos_v1.pdf,1,Aprobado,Asuntos Regulatorios,U05,2026-01-12,U04,6,456,False,False
D01212,TR-2026-008,R015,M1,1.10,Justificación técnica de la modificación,TR-2026-008_1.10_justificacion_tecnica_de_la_modificacion_v1.pdf,1,Aprobado,Asuntos Regulatorios,U05,2026-02-11,U03,12,237,False,False
D01213,TR-2026-008,R038,M3,3.2.P.5.3,Validación de métodos analíticos,TR-2026-008_3.2.P.5.3_validacion_de_metodos_analiticos_v1.pdf,1,Aprobado,Calidad,U08,2026-01-21,U08,28,9720,False,False
D01214,TR-2026-008,R032,M3,3.2.S.4,Certificado de análisis del fármaco,TR-2026-008_3.2.S.4_certificado_de_analisis_del_farmaco_v2.pdf,2,Aprobado,Calidad,U06,2026-02-13,U08,54,2250,False,False
D01215,TR-2026-008,R061,M5,5.3.1.3,Perfiles de disolución comparativos,TR-2026-008_5.3.1.3_perfiles_de_disolucion_comparativos_v1.pdf,1,Aprobado,CMC,U10,2026-01-23,U14,12,9331,False,False
D01216,TR-2026-009,R001,M1,1.1,Formato de solicitud firmado,TR-2026-009_1.1_formato_de_solicitud_firmado_v1.pdf,1,Aprobado,Asuntos Regulatorios,U02,2025-12-27,U05,39,3041,False,False
D01217,TR-2026-009,R002,M1,1.2,Comprobante de pago de derechos,TR-2026-009_1.2_comprobante_de_pago_de_derechos_v1.pdf,1,Aprobado,Asuntos Regulatorios,U05,2025-11-09,U03,30,5351,False,False
D01218,TR-2026-009,R015,M1,1.10,Justificación técnica de la modificación,TR-2026-009_1.10_justificacion_tecnica_de_la_modificacion_v1.pdf,1,Aprobado,Asuntos Regulatorios,U05,2026-01-15,U03,24,6797,False,False
D01219,TR-2026-009,R035,M3,3.2.P.3.5,Validación del proceso de fabricación,TR-2026-009_3.2.P.3.5_validacion_del_proceso_de_fabricacion_v1.pdf,1,Aprobado,Calidad,U07,2025-11-07,U06,47,7179,False,False
D01220,TR-2026-009,R039,M3,3.2.P.7,Sistema contenedor-cierre,TR-2026-009_3.2.P.7_sistema_contenedor_cierre_v1.pdf,1,Aprobado,CMC,U09,2025-10-28,U14,10,9133,False,False
D01221,TR-2026-010,R001,M1,1.1,Formato de solicitud firmado,TR-2026-010_1.1_formato_de_solicitud_firmado_v1.pdf,1,Aprobado,Asuntos Regulatorios,U04,2026-02-19,U02,34,7417,False,False
D01222,TR-2026-010,R002,M1,1.2,Comprobante de pago de derechos,TR-2026-010_1.2_comprobante_de_pago_de_derechos_v1.pdf,1,Aprobado,Asuntos Regulatorios,U03,2026-01-30,U02,7,526,False,False
D01223,TR-2026-010,R015,M1,1.10,Justificación técnica de la modificación,TR-2026-010_1.10_justificacion_tecnica_de_la_modificacion_v2.pdf,2,Aprobado,Asuntos Regulatorios,U03,2026-01-26,U03,9,5879,False,False
D01224,TR-2026-010,R005,M1,1.4.1,Proyecto de etiqueta del envase primario,TR-2026-010_1.4.1_proyecto_de_etiqueta_del_envase_primario_v1.pdf,1,Aprobado,Asuntos Regulatorios,U02,2026-02-18,U05,56,2947,False,False
D01225,TR-2026-010,R061,M5,5.3.1.3,Perfiles de disolución comparativos,TR-2026-010_5.3.1.3_perfiles_de_disolucion_comparativos_v2.pdf,2,Aprobado,CMC,U10,2026-02-02,U06,4,3677,False,False
D01226,TR-2026-011,R001,M1,1.1,Formato de solicitud firmado,TR-2026-011_1.1_formato_de_solicitud_firmado_v1.pdf,1,Aprobado,Asuntos Regulatorios,U03,2026-07-01,U05,13,8614,False,False
D01227,TR-2026-011,R002,M1,1.2,Comprobante de pago de derechos,,0,Faltante,Asuntos Regulatorios,,,,0,0,False,False
D01228,TR-2026-011,R003,M1,1.3.1,Licencia sanitaria del establecimiento fabricante,TR-2026-011_1.3.1_licencia_sanitaria_del_establecimiento_fabricant_v1.pdf,1,Borrador,Asuntos Regulatorios,U05,2026-07-30,,12,5639,False,False
D01229,TR-2026-011,R004,M1,1.3.2,Instrumento que acredita la representación legal,TR-2026-011_1.3.2_instrumento_que_acredita_la_representacion_legal_v1.pdf,1,En revisión,Asuntos Regulatorios,U05,2026-05-17,,3,7758,False,False
D01230,TR-2026-011,R005,M1,1.4.1,Proyecto de etiqueta del envase primario,TR-2026-011_1.4.1_proyecto_de_etiqueta_del_envase_primario_v1.pdf,1,En revisión,Asuntos Regulatorios,U03,2026-05-10,,49,4097,False,False
D01231,TR-2026-011,R006,M1,1.4.1,Proyecto de etiqueta del envase secundario,TR-2026-011_1.4.1_proyecto_de_etiqueta_del_envase_secundario_v1.pdf,1,Aprobado,Asuntos Regulatorios,U04,2026-07-05,U05,38,3829,False,False
D01232,TR-2026-011,R007,M1,1.4.2,Información para prescribir amplia (IPPA),TR-2026-011_1.4.2_informacion_para_prescribir_amplia_ippa_v1.pdf,1,Borrador,Asuntos Regulatorios,U02,2026-08-19,,50,3778,False,False
D01233,TR-2026-011,R008,M1,1.4.2,Información para prescribir reducida (IPPR),,0,Faltante,Asuntos Regulatorios,,,,0,0,False,False
D01234,TR-2026-011,R009,M1,1.5.1,Documento IMPI de titularidad de patentes o licencia de explotación,TR-2026-011_1.5.1_documento_impi_de_titularidad_de_patentes_o_lice_v1.pdf,1,En revisión,Asuntos Regulatorios,U04,2026-04-07,,10,866,False,False
D01235,TR-2026-011,R010,M1,1.6,Plan de manejo de riesgos (PMR),TR-2026-011_1.6_plan_de_manejo_de_riesgos_pmr_v1.pdf,1,Aprobado,Farmacovigilancia,U13,2026-06-27,U07,27,943,False,False
D01236,TR-2026-011,R011,M1,1.7.1,Certificado de BPF del medicamento,TR-2026-011_1.7.1_certificado_de_bpf_del_medicamento_v1.pdf,1,Aprobado,Calidad,U14,2026-04-30,U06,60,3012,False,False
D01237,TR-2026-011,R012,M1,1.7.2,Certificado de BPF del fármaco,TR-2026-011_1.7.2_certificado_de_bpf_del_farmaco_v1.pdf,1,Aprobado,Calidad,U08,2026-06-18,U08,44,7879,False,False
D01238,TR-2026-011,R020,M2,2.3,Resumen global de calidad,TR-2026-011_2.3_resumen_global_de_calidad_v1.pdf,1,Aprobado,CMC,U10,2026-04-08,U14,38,6256,False,False
D01239,TR-2026-011,R021,M2,2.4,Resumen no clínico,TR-2026-011_2.4_resumen_no_clinico_v1.pdf,1,Aprobado,Clínico,U11,2026-03-02,U07,41,8848,False,False
D01240,TR-2026-011,R022,M2,2.5,Resumen clínico,,0,Faltante,Clínico,,,,0,0,False,False
D01241,TR-2026-011,R030,M3,3.2.S.1,Información general del fármaco,TR-2026-011_3.2.S.1_informacion_general_del_farmaco_v1.pdf,1,Borrador,CMC,U10,2026-09-14,,3,5489,False,False
D01242,TR-2026-011,R031,M3,3.2.S.2,Fabricación del fármaco,,0,Faltante,CMC,,,,0,0,False,False
D01243,TR-2026-011,R032,M3,3.2.S.4,Certificado de análisis del fármaco,TR-2026-011_3.2.S.4_certificado_de_analisis_del_farmaco_v1.pdf,1,Aprobado,Calidad,U08,2026-09-02,U07,8,1481,False,False
D01244,TR-2026-011,R033,M3,3.2.S.7,Estabilidad del fármaco,TR-2026-011_3.2.S.7_estabilidad_del_farmaco_v1.pdf,1,Aprobado,CMC,U09,2026-05-19,U07,9,8809,False,False
D01245,TR-2026-011,R034,M3,3.2.P.1,Descripción y composición del medicamento,,0,Faltante,CMC,,,,0,0,False,False
D01246,TR-2026-011,R035,M3,3.2.P.3.5,Validación del proceso de fabricación,TR-2026-011_3.2.P.3.5_validacion_del_proceso_de_fabricacion_v1.pdf,1,Aprobado,Calidad,U07,2026-06-03,U06,50,6414,False,False
D01247,TR-2026-011,R037,M3,3.2.P.5,Certificado de análisis del lote del medicamento,TR-2026-011_3.2.P.5_certificado_de_analisis_del_lote_del_medicamento_v1.pdf,1,Aprobado,Calidad,U14,2026-06-29,U07,43,7973,False,False
D01248,TR-2026-011,R038,M3,3.2.P.5.3,Validación de métodos analíticos,TR-2026-011_3.2.P.5.3_validacion_de_metodos_analiticos_v1.pdf,1,Aprobado,Calidad,U14,2026-05-15,U07,11,2620,False,False
D01249,TR-2026-011,R039,M3,3.2.P.7,Sistema contenedor-cierre,TR-2026-011_3.2.P.7_sistema_contenedor_cierre_v1.pdf,1,Borrador,CMC,U09,2026-08-12,,37,191,False,False
D01250,TR-2026-011,R040,M3,3.2.P.8,Estudio de estabilidad del medicamento,,0,Faltante,CMC,,,,0,0,False,False
D01251,TR-2026-011,R050,M4,4.2,Estudios no clínicos (farmacología y toxicología),TR-2026-011_4.2_estudios_no_clinicos_farmacologia_y_toxicologia_v1.pdf,1,Aprobado,Clínico,U11,2026-07-23,U08,13,8548,False,False
D01252,TR-2026-011,R064,M5,5.3.5.2,Estudios clínicos de eficacia y seguridad (fase III),TR-2026-011_5.3.5.2_estudios_clinicos_de_eficacia_y_seguridad_fase_i_v1.pdf,1,Aprobado,Clínico,U12,2026-07-21,U08,47,3317,False,False
D01253,TR-2026-011,R065,M5,5.3.5.3,Autorización del protocolo y dictamen del comité de ética,TR-2026-011_5.3.5.3_autorizacion_del_protocolo_y_dictamen_del_comite_v1.pdf,1,En revisión,Clínico,U12,2026-05-22,,48,3977,False,False
D01254,TR-2026-011,R066,M5,5.4,Opinión del Comité de Moléculas Nuevas / SEPB,TR-2026-011_5.4_opinion_del_comite_de_moleculas_nuevas_sepb_v1.pdf,1,En revisión,Asuntos Regulatorios,U02,2026-08-16,,36,7711,False,False
D01255,TR-2026-012,R001,M1,1.1,Formato de solicitud firmado,TR-2026-012_1.1_formato_de_solicitud_firmado_v1.pdf,1,Aprobado,Asuntos Regulatorios,U03,2025-12-19,U04,43,8313,False,False
D01256,TR-2026-012,R002,M1,1.2,Comprobante de pago de derechos,TR-2026-012_1.2_comprobante_de_pago_de_derechos_v1.pdf,1,Aprobado,Asuntos Regulatorios,U03,2026-02-21,U04,30,4441,False,False
D01257,TR-2026-012,R015,M1,1.10,Justificación técnica de la modificación,TR-2026-012_1.10_justificacion_tecnica_de_la_modificacion_v1.pdf,1,Aprobado,Asuntos Regulatorios,U02,2026-03-01,U02,3,4136,False,False
D01258,TR-2026-012,R032,M3,3.2.S.4,Certificado de análisis del fármaco,TR-2026-012_3.2.S.4_certificado_de_analisis_del_farmaco_v1.pdf,1,Aprobado,Calidad,U08,2026-02-27,U06,35,1977,False,False
D01259,TR-2026-012,R061,M5,5.3.1.3,Perfiles de disolución comparativos,TR-2026-012_5.3.1.3_perfiles_de_disolucion_comparativos_v1.pdf,1,Aprobado,CMC,U10,2025-12-30,U14,26,1693,False,False
D01260,TR-2026-012,R005,M1,1.4.1,Proyecto de etiqueta del envase primario,TR-2026-012_1.4.1_proyecto_de_etiqueta_del_envase_primario_v1.pdf,1,Aprobado,Asuntos Regulatorios,U03,2026-02-10,U05,13,4512,False,False
D01261,TR-2026-012,R040,M3,3.2.P.8,Estudio de estabilidad del medicamento,TR-2026-012_3.2.P.8_estudio_de_estabilidad_del_medicamento_v1.pdf,1,Aprobado,CMC,U09,2026-01-08,U08,35,8870,False,False
D01262,TR-2026-013,R001,M1,1.1,Formato de solicitud firmado,TR-2026-013_1.1_formato_de_solicitud_firmado_v1.pdf,1,Aprobado,Asuntos Regulatorios,U04,2026-03-06,U03,57,3625,False,False
D01263,TR-2026-013,R002,M1,1.2,Comprobante de pago de derechos,TR-2026-013_1.2_comprobante_de_pago_de_derechos_v1.pdf,1,Aprobado,Asuntos Regulatorios,U04,2026-02-16,U05,54,2478,False,False
D01264,TR-2026-013,R015,M1,1.10,Justificación técnica de la modificación,TR-2026-013_1.10_justificacion_tecnica_de_la_modificacion_v1.pdf,1,Aprobado,Asuntos Regulatorios,U02,2026-02-07,U05,25,6939,False,False
D01265,TR-2026-013,R035,M3,3.2.P.3.5,Validación del proceso de fabricación,TR-2026-013_3.2.P.3.5_validacion_del_proceso_de_fabricacion_v1.pdf,1,Aprobado,Calidad,U06,2026-02-07,U07,35,838,False,False
D01266,TR-2026-013,R039,M3,3.2.P.7,Sistema contenedor-cierre,TR-2026-013_3.2.P.7_sistema_contenedor_cierre_v1.pdf,1,Aprobado,CMC,U09,2026-01-19,U07,60,6885,False,False
D01267,TR-2026-013,R061,M5,5.3.1.3,Perfiles de disolución comparativos,TR-2026-013_5.3.1.3_perfiles_de_disolucion_comparativos_v1.pdf,1,Aprobado,CMC,U10,2026-03-10,U07,50,9378,False,False
D01268,TR-2026-014,R001,M1,1.1,Formato de solicitud firmado,TR-2026-014_1.1_formato_de_solicitud_firmado_v1.pdf,1,Aprobado,Asuntos Regulatorios,U02,2026-02-18,U03,38,2032,False,False
D01269,TR-2026-014,R002,M1,1.2,Comprobante de pago de derechos,TR-2026-014_1.2_comprobante_de_pago_de_derechos_v1.pdf,1,Aprobado,Asuntos Regulatorios,U02,2026-03-17,U05,20,1069,False,False
D01270,TR-2026-014,R015,M1,1.10,Justificación técnica de la modificación,TR-2026-014_1.10_justificacion_tecnica_de_la_modificacion_v1.pdf,1,Aprobado,Asuntos Regulatorios,U02,2026-03-20,U02,36,6525,False,False
D01271,TR-2026-014,R061,M5,5.3.1.3,Perfiles de disolución comparativos,TR-2026-014_5.3.1.3_perfiles_de_disolucion_comparativos_v1.pdf,1,Aprobado,CMC,U10,2026-03-31,U06,19,4145,False,False
D01272,TR-2026-014,R040,M3,3.2.P.8,Estudio de estabilidad del medicamento,TR-2026-014_3.2.P.8_estudio_de_estabilidad_del_medicamento_v1.pdf,1,Aprobado,CMC,U09,2026-01-30,U07,15,6701,False,False
D01273,TR-2026-014,R035,M3,3.2.P.3.5,Validación del proceso de fabricación,TR-2026-014_3.2.P.3.5_validacion_del_proceso_de_fabricacion_v2.pdf,2,Aprobado,Calidad,U14,2026-03-24,U06,16,5608,False,False
D01274,TR-2026-014,R039,M3,3.2.P.7,Sistema contenedor-cierre,TR-2026-014_3.2.P.7_sistema_contenedor_cierre_v1.pdf,1,Aprobado,CMC,U10,2026-02-16,U08,3,5922,False,False
D01275,TR-2026-014,R006,M1,1.4.1,Proyecto de etiqueta del envase secundario,TR-2026-014_1.4.1_proyecto_de_etiqueta_del_envase_secundario_v1.pdf,1,Aprobado,Asuntos Regulatorios,U03,2026-02-25,U05,42,8980,False,False
D01276,TR-2026-014,R038,M3,3.2.P.5.3,Validación de métodos analíticos,TR-2026-014_3.2.P.5.3_validacion_de_metodos_analiticos_v1.pdf,1,Aprobado,Calidad,U07,2026-03-30,U08,36,4858,False,False
D01277,TR-2026-015,R001,M1,1.1,Formato de solicitud firmado,TR-2026-015_1.1_formato_de_solicitud_firmado_v1.pdf,1,Aprobado,Asuntos Regulatorios,U04,2026-04-03,U04,37,9459,False,False
D01278,TR-2026-015,R002,M1,1.2,Comprobante de pago de derechos,TR-2026-015_1.2_comprobante_de_pago_de_derechos_v1.pdf,1,Aprobado,Asuntos Regulatorios,U04,2026-04-01,U03,24,4561,False,False
D01279,TR-2026-015,R015,M1,1.10,Justificación técnica de la modificación,TR-2026-015_1.10_justificacion_tecnica_de_la_modificacion_v1.pdf,1,Aprobado,Asuntos Regulatorios,U02,2026-03-13,U02,40,1623,False,False
D01280,TR-2026-015,R006,M1,1.4.1,Proyecto de etiqueta del envase secundario,TR-2026-015_1.4.1_proyecto_de_etiqueta_del_envase_secundario_v1.pdf,1,Aprobado,Asuntos Regulatorios,U04,2026-03-17,U04,45,495,False,False
D01281,TR-2026-015,R040,M3,3.2.P.8,Estudio de estabilidad del medicamento,TR-2026-015_3.2.P.8_estudio_de_estabilidad_del_medicamento_v1.pdf,1,Aprobado,CMC,U10,2026-02-26,U08,20,7319,False,False
D01282,TR-2026-015,R035,M3,3.2.P.3.5,Validación del proceso de fabricación,TR-2026-015_3.2.P.3.5_validacion_del_proceso_de_fabricacion_v1.pdf,1,Aprobado,Calidad,U14,2026-03-11,U07,33,9286,False,False
D01283,TR-2026-015,R032,M3,3.2.S.4,Certificado de análisis del fármaco,TR-2026-015_3.2.S.4_certificado_de_analisis_del_farmaco_v1.pdf,1,Aprobado,Calidad,U08,2026-03-28,U06,27,1914,False,False
D01284,TR-2026-016,R001,M1,1.1,Formato de solicitud firmado,TR-2026-016_1.1_formato_de_solicitud_firmado_v1.pdf,1,Aprobado,Asuntos Regulatorios,U04,2026-03-24,U05,27,844,False,False
D01285,TR-2026-016,R002,M1,1.2,Comprobante de pago de derechos,TR-2026-016_1.2_comprobante_de_pago_de_derechos_v2.pdf,2,Aprobado,Asuntos Regulatorios,U05,2026-04-15,U05,55,1760,False,False
D01286,TR-2026-016,R015,M1,1.10,Justificación técnica de la modificación,TR-2026-016_1.10_justificacion_tecnica_de_la_modificacion_v2.pdf,2,Aprobado,Asuntos Regulatorios,U03,2026-03-19,U03,21,3836,False,False
D01287,TR-2026-016,R061,M5,5.3.1.3,Perfiles de disolución comparativos,TR-2026-016_5.3.1.3_perfiles_de_disolucion_comparativos_v2.pdf,2,Aprobado,CMC,U09,2026-04-05,U14,6,3417,False,False
D01288,TR-2026-016,R035,M3,3.2.P.3.5,Validación del proceso de fabricación,TR-2026-016_3.2.P.3.5_validacion_del_proceso_de_fabricacion_v2.pdf,2,Aprobado,Calidad,U14,2026-03-06,U14,7,1727,False,False
D01289,TR-2026-017,R001,M1,1.1,Formato de solicitud firmado,TR-2026-017_1.1_formato_de_solicitud_firmado_v1.pdf,1,Enviado,Asuntos Regulatorios,U05,2026-03-31,U03,60,7026,True,False
D01290,TR-2026-017,R006,M1,1.4.1,Proyecto de etiqueta del envase secundario,TR-2026-017_1.4.1_proyecto_de_etiqueta_del_envase_secundario_v1.pdf,1,Observado,Asuntos Regulatorios,U03,2026-03-30,U02,16,5452,True,False
D01291,TR-2026-017,R012,M1,1.7.2,Certificado de BPF del fármaco,TR-2026-017_1.7.2_certificado_de_bpf_del_farmaco_v1.pdf,1,Enviado,Calidad,U06,2026-04-09,U06,17,8318,True,False
D01292,TR-2026-017,R037,M3,3.2.P.5,Certificado de análisis del lote del medicamento,TR-2026-017_3.2.P.5_certificado_de_analisis_del_lote_del_medicamento_v1.pdf,1,Enviado,Calidad,U06,2026-04-06,U06,43,2478,True,False
D01293,TR-2026-017,R040,M3,3.2.P.8,Estudio de estabilidad del medicamento,TR-2026-017_3.2.P.8_estudio_de_estabilidad_del_medicamento_v1.pdf,1,Observado,CMC,U09,2026-04-12,U07,27,4917,True,False
D01294,TR-2026-017,R060,M5,5.3.1.2,Informe del estudio de bioequivalencia,TR-2026-017_5.3.1.2_informe_del_estudio_de_bioequivalencia_v1.pdf,1,Enviado,Clínico,U12,2026-03-29,U06,5,4327,True,False
D01295,TR-2026-017,R061,M5,5.3.1.3,Perfiles de disolución comparativos,TR-2026-017_5.3.1.3_perfiles_de_disolucion_comparativos_v1.pdf,1,Observado,CMC,U09,2026-04-29,U06,55,9235,True,False
D01296,TR-2026-018,R001,M1,1.1,Formato de solicitud firmado,TR-2026-018_1.1_formato_de_solicitud_firmado_v1.pdf,1,Aprobado,Asuntos Regulatorios,U02,2026-05-22,U05,52,5288,False,False
D01297,TR-2026-018,R002,M1,1.2,Comprobante de pago de derechos,TR-2026-018_1.2_comprobante_de_pago_de_derechos_v2.pdf,2,Aprobado,Asuntos Regulatorios,U02,2026-05-17,U05,50,634,False,False
D01298,TR-2026-018,R015,M1,1.10,Justificación técnica de la modificación,TR-2026-018_1.10_justificacion_tecnica_de_la_modificacion_v2.pdf,2,Aprobado,Asuntos Regulatorios,U05,2026-04-15,U04,7,234,False,False
D01299,TR-2026-018,R061,M5,5.3.1.3,Perfiles de disolución comparativos,TR-2026-018_5.3.1.3_perfiles_de_disolucion_comparativos_v1.pdf,1,Aprobado,CMC,U09,2026-03-06,U07,53,9353,False,False
D01300,TR-2026-018,R040,M3,3.2.P.8,Estudio de estabilidad del medicamento,TR-2026-018_3.2.P.8_estudio_de_estabilidad_del_medicamento_v5.pdf,5,Aprobado,CMC,U10,2026-03-27,U06,24,9380,False,False
D01301,TR-2026-018,R035,M3,3.2.P.3.5,Validación del proceso de fabricación,TR-2026-018_3.2.P.3.5_validacion_del_proceso_de_fabricacion_v2.pdf,2,Aprobado,Calidad,U14,2026-04-24,U14,60,5584,False,False
D01302,TR-2026-018,R032,M3,3.2.S.4,Certificado de análisis del fármaco,TR-2026-018_3.2.S.4_certificado_de_analisis_del_farmaco_v1.pdf,1,Aprobado,Calidad,U14,2026-04-16,U06,59,7868,False,False
D01303,TR-2026-019,R001,M1,1.1,Formato de solicitud firmado,TR-2026-019_1.1_formato_de_solicitud_firmado_v1.pdf,1,Aprobado,Asuntos Regulatorios,U02,2026-05-01,U03,50,8391,False,False
D01304,TR-2026-019,R002,M1,1.2,Comprobante de pago de derechos,TR-2026-019_1.2_comprobante_de_pago_de_derechos_v1.pdf,1,Aprobado,Asuntos Regulatorios,U03,2026-05-22,U03,35,8612,False,False
D01305,TR-2026-019,R015,M1,1.10,Justificación técnica de la modificación,TR-2026-019_1.10_justificacion_tecnica_de_la_modificacion_v1.pdf,1,Aprobado,Asuntos Regulatorios,U02,2026-03-11,U03,47,9059,False,False
D01306,TR-2026-019,R039,M3,3.2.P.7,Sistema contenedor-cierre,TR-2026-019_3.2.P.7_sistema_contenedor_cierre_v1.pdf,1,Aprobado,CMC,U09,2026-03-24,U07,19,7984,False,False
D01307,TR-2026-019,R005,M1,1.4.1,Proyecto de etiqueta del envase primario,TR-2026-019_1.4.1_proyecto_de_etiqueta_del_envase_primario_v1.pdf,1,Aprobado,Asuntos Regulatorios,U02,2026-05-10,U04,55,7250,False,False
D01308,TR-2026-019,R006,M1,1.4.1,Proyecto de etiqueta del envase secundario,TR-2026-019_1.4.1_proyecto_de_etiqueta_del_envase_secundario_v1.pdf,1,Aprobado,Asuntos Regulatorios,U02,2026-05-20,U04,47,7631,False,False
D01309,TR-2026-019,R032,M3,3.2.S.4,Certificado de análisis del fármaco,TR-2026-019_3.2.S.4_certificado_de_analisis_del_farmaco_v1.pdf,1,Aprobado,Calidad,U07,2026-05-20,U08,9,8487,False,False
D01310,TR-2026-019,R040,M3,3.2.P.8,Estudio de estabilidad del medicamento,TR-2026-019_3.2.P.8_estudio_de_estabilidad_del_medicamento_v1.pdf,1,Aprobado,CMC,U09,2026-03-07,U07,58,6763,False,False
D01311,TR-2026-020,R001,M1,1.1,Formato de solicitud firmado,TR-2026-020_1.1_formato_de_solicitud_firmado_v1.pdf,1,Aprobado,Asuntos Regulatorios,U04,2026-05-04,U03,28,9490,False,False
D01312,TR-2026-020,R002,M1,1.2,Comprobante de pago de derechos,TR-2026-020_1.2_comprobante_de_pago_de_derechos_v1.pdf,1,Aprobado,Asuntos Regulatorios,U03,2026-05-26,U05,29,7765,False,False
D01313,TR-2026-020,R015,M1,1.10,Justificación técnica de la modificación,TR-2026-020_1.10_justificacion_tecnica_de_la_modificacion_v1.pdf,1,Aprobado,Asuntos Regulatorios,U04,2026-05-17,U05,58,4030,False,False
D01314,TR-2026-020,R032,M3,3.2.S.4,Certificado de análisis del fármaco,TR-2026-020_3.2.S.4_certificado_de_analisis_del_farmaco_v1.pdf,1,Aprobado,Calidad,U07,2026-04-30,U14,57,7632,False,False
D01315,TR-2026-020,R040,M3,3.2.P.8,Estudio de estabilidad del medicamento,TR-2026-020_3.2.P.8_estudio_de_estabilidad_del_medicamento_v2.pdf,2,Aprobado,CMC,U10,2026-05-03,U14,10,6623,False,False
D01316,TR-2026-020,R005,M1,1.4.1,Proyecto de etiqueta del envase primario,TR-2026-020_1.4.1_proyecto_de_etiqueta_del_envase_primario_v1.pdf,1,Aprobado,Asuntos Regulatorios,U03,2026-04-28,U03,45,8954,False,False
D01317,TR-2026-021,R001,M1,1.1,Formato de solicitud firmado,TR-2026-021_1.1_formato_de_solicitud_firmado_v1.pdf,1,Aprobado,Asuntos Regulatorios,U05,2026-06-01,U04,31,2799,False,False
D01318,TR-2026-021,R002,M1,1.2,Comprobante de pago de derechos,TR-2026-021_1.2_comprobante_de_pago_de_derechos_v1.pdf,1,Aprobado,Asuntos Regulatorios,U04,2026-04-22,U03,60,5651,False,False
D01319,TR-2026-021,R015,M1,1.10,Justificación técnica de la modificación,TR-2026-021_1.10_justificacion_tecnica_de_la_modificacion_v1.pdf,1,Aprobado,Asuntos Regulatorios,U05,2026-04-17,U03,16,9800,False,False
D01320,TR-2026-021,R005,M1,1.4.1,Proyecto de etiqueta del envase primario,TR-2026-021_1.4.1_proyecto_de_etiqueta_del_envase_primario_v2.pdf,2,Aprobado,Asuntos Regulatorios,U04,2026-05-26,U05,18,9147,False,False
D01321,TR-2026-021,R040,M3,3.2.P.8,Estudio de estabilidad del medicamento,TR-2026-021_3.2.P.8_estudio_de_estabilidad_del_medicamento_v4.pdf,4,Aprobado,CMC,U10,2026-04-28,U08,34,7253,False,False
D01322,TR-2026-022,R001,M1,1.1,Formato de solicitud firmado,TR-2026-022_1.1_formato_de_solicitud_firmado_v1.pdf,1,Enviado,Asuntos Regulatorios,U04,2026-06-01,U04,53,8705,True,False
D01323,TR-2026-022,R013,M1,1.8,Registro sanitario vigente y modificaciones autorizadas,TR-2026-022_1.8_registro_sanitario_vigente_y_modificaciones_auto_v1.pdf,1,Enviado,Asuntos Regulatorios,U02,2026-05-16,U04,50,8121,True,True
D01324,TR-2026-022,R006,M1,1.4.1,Proyecto de etiqueta del envase secundario,TR-2026-022_1.4.1_proyecto_de_etiqueta_del_envase_secundario_v1.pdf,1,Enviado,Asuntos Regulatorios,U05,2026-05-26,U04,44,5851,True,False
D01325,TR-2026-022,R010,M1,1.6,Plan de manejo de riesgos (PMR),,0,Faltante,Farmacovigilancia,,,,0,0,False,False
D01326,TR-2026-022,R011,M1,1.7.1,Certificado de BPF del medicamento,TR-2026-022_1.7.1_certificado_de_bpf_del_medicamento_v1.pdf,1,Enviado,Calidad,U06,2026-05-29,U06,56,6504,True,False
D01327,TR-2026-022,R012,M1,1.7.2,Certificado de BPF del fármaco,TR-2026-022_1.7.2_certificado_de_bpf_del_farmaco_v1.pdf,1,Enviado,Calidad,U07,2026-05-13,U07,35,3768,True,False
D01328,TR-2026-022,R014,M1,1.9,Informe periódico de seguridad,TR-2026-022_1.9_informe_periodico_de_seguridad_v1.pdf,1,Enviado,Farmacovigilancia,U13,2026-05-30,U06,57,6124,True,False
D01329,TR-2026-023,R001,M1,1.1,Formato de solicitud firmado,TR-2026-023_1.1_formato_de_solicitud_firmado_v1.pdf,1,Aprobado,Asuntos Regulatorios,U02,2026-04-23,U03,37,8960,False,False
D01330,TR-2026-023,R002,M1,1.2,Comprobante de pago de derechos,TR-2026-023_1.2_comprobante_de_pago_de_derechos_v1.pdf,1,Aprobado,Asuntos Regulatorios,U02,2026-04-26,U02,16,5992,False,False
D01331,TR-2026-023,R015,M1,1.10,Justificación técnica de la modificación,TR-2026-023_1.10_justificacion_tecnica_de_la_modificacion_v1.pdf,1,Aprobado,Asuntos Regulatorios,U04,2026-04-04,U03,7,9103,False,False
D01332,TR-2026-023,R006,M1,1.4.1,Proyecto de etiqueta del envase secundario,TR-2026-023_1.4.1_proyecto_de_etiqueta_del_envase_secundario_v1.pdf,1,Aprobado,Asuntos Regulatorios,U05,2026-05-17,U03,30,3250,False,False
D01333,TR-2026-023,R039,M3,3.2.P.7,Sistema contenedor-cierre,TR-2026-023_3.2.P.7_sistema_contenedor_cierre_v1.pdf,1,Aprobado,CMC,U09,2026-05-12,U14,51,1861,False,False
D01334,TR-2026-023,R032,M3,3.2.S.4,Certificado de análisis del fármaco,TR-2026-023_3.2.S.4_certificado_de_analisis_del_farmaco_v1.pdf,1,Aprobado,Calidad,U08,2026-05-11,U14,52,8243,False,False
D01335,TR-2026-023,R038,M3,3.2.P.5.3,Validación de métodos analíticos,TR-2026-023_3.2.P.5.3_validacion_de_metodos_analiticos_v1.pdf,1,Aprobado,Calidad,U07,2026-04-10,U14,49,1743,False,False
D01336,TR-2026-023,R005,M1,1.4.1,Proyecto de etiqueta del envase primario,TR-2026-023_1.4.1_proyecto_de_etiqueta_del_envase_primario_v1.pdf,1,Aprobado,Asuntos Regulatorios,U04,2026-04-07,U02,13,510,False,False
D01337,TR-2026-023,R040,M3,3.2.P.8,Estudio de estabilidad del medicamento,TR-2026-023_3.2.P.8_estudio_de_estabilidad_del_medicamento_v1.pdf,1,Aprobado,CMC,U10,2026-05-14,U06,15,903,False,False
D01338,TR-2026-024,R001,M1,1.1,Formato de solicitud firmado,TR-2026-024_1.1_formato_de_solicitud_firmado_v1.pdf,1,Aprobado,Asuntos Regulatorios,U02,2026-05-08,U05,35,2763,False,False
D01339,TR-2026-024,R002,M1,1.2,Comprobante de pago de derechos,TR-2026-024_1.2_comprobante_de_pago_de_derechos_v1.pdf,1,Aprobado,Asuntos Regulatorios,U04,2026-04-18,U03,50,8751,False,False
D01340,TR-2026-024,R015,M1,1.10,Justificación técnica de la modificación,TR-2026-024_1.10_justificacion_tecnica_de_la_modificacion_v1.pdf,1,Aprobado,Asuntos Regulatorios,U04,2026-03-19,U04,13,4247,False,False
D01341,TR-2026-024,R061,M5,5.3.1.3,Perfiles de disolución comparativos,TR-2026-024_5.3.1.3_perfiles_de_disolucion_comparativos_v1.pdf,1,Aprobado,CMC,U10,2026-03-22,U14,22,4826,False,False
D01342,TR-2026-024,R005,M1,1.4.1,Proyecto de etiqueta del envase primario,TR-2026-024_1.4.1_proyecto_de_etiqueta_del_envase_primario_v1.pdf,1,Aprobado,Asuntos Regulatorios,U03,2026-05-01,U02,54,4092,False,False
D01343,TR-2026-024,R039,M3,3.2.P.7,Sistema contenedor-cierre,TR-2026-024_3.2.P.7_sistema_contenedor_cierre_v1.pdf,1,Aprobado,CMC,U09,2026-05-16,U06,41,859,False,False
D01344,TR-2026-024,R035,M3,3.2.P.3.5,Validación del proceso de fabricación,TR-2026-024_3.2.P.3.5_validacion_del_proceso_de_fabricacion_v1.pdf,1,Aprobado,Calidad,U14,2026-05-08,U07,37,6993,False,False
D01345,TR-2026-024,R038,M3,3.2.P.5.3,Validación de métodos analíticos,TR-2026-024_3.2.P.5.3_validacion_de_metodos_analiticos_v1.pdf,1,Aprobado,Calidad,U06,2026-03-19,U14,42,880,False,False
D01346,TR-2026-024,R006,M1,1.4.1,Proyecto de etiqueta del envase secundario,TR-2026-024_1.4.1_proyecto_de_etiqueta_del_envase_secundario_v1.pdf,1,Aprobado,Asuntos Regulatorios,U05,2026-03-21,U02,29,5401,False,False
D01347,TR-2026-025,R002,M1,1.2,Comprobante de pago de derechos,TR-2026-025_1.2_comprobante_de_pago_de_derechos_v1.pdf,1,Observado,Asuntos Regulatorios,U04,2026-06-11,U05,50,7724,True,True
D01348,TR-2026-025,R005,M1,1.4.1,Proyecto de etiqueta del envase primario,TR-2026-025_1.4.1_proyecto_de_etiqueta_del_envase_primario_v1.pdf,1,Enviado,Asuntos Regulatorios,U05,2026-04-13,U03,49,5095,True,False
D01349,TR-2026-025,R006,M1,1.4.1,Proyecto de etiqueta del envase secundario,TR-2026-025_1.4.1_proyecto_de_etiqueta_del_envase_secundario_v1.pdf,1,Enviado,Asuntos Regulatorios,U04,2026-03-03,U04,9,3349,True,False
D01350,TR-2026-025,R010,M1,1.6,Plan de manejo de riesgos (PMR),TR-2026-025_1.6_plan_de_manejo_de_riesgos_pmr_v1.pdf,1,Enviado,Farmacovigilancia,U13,2026-03-13,U06,34,2917,True,False
D01351,TR-2026-025,R011,M1,1.7.1,Certificado de BPF del medicamento,TR-2026-025_1.7.1_certificado_de_bpf_del_medicamento_v1.pdf,1,Enviado,Calidad,U07,2026-03-19,U07,20,1345,True,False
D01352,TR-2026-025,R040,M3,3.2.P.8,Estudio de estabilidad del medicamento,TR-2026-025_3.2.P.8_estudio_de_estabilidad_del_medicamento_v1.pdf,1,Enviado,CMC,U10,2026-02-23,U06,21,4587,True,False
D01353,TR-2026-025,R041,M3,3.2.R.1,Programa de aseguramiento de calidad del producto biotecnológico,TR-2026-025_3.2.R.1_programa_de_aseguramiento_de_calidad_del_product_v1.pdf,1,Observado,Calidad,U06,2026-05-11,U07,43,2419,True,False
D01354,TR-2026-025,R042,M3,3.2.R.2,Caracterización fisicoquímica y biológica comparativa,TR-2026-025_3.2.R.2_caracterizacion_fisicoquimica_y_biologica_compar_v1.pdf,1,Enviado,CMC,U10,2026-05-28,U07,49,9273,True,False
D01355,TR-2026-025,R063,M5,5.3.5.1,Estudio clínico de biocomparabilidad,TR-2026-025_5.3.5.1_estudio_clinico_de_biocomparabilidad_v1.pdf,1,Enviado,Clínico,U12,2026-05-06,U07,37,6919,True,False
D01356,TR-2026-025,R065,M5,5.3.5.3,Autorización del protocolo y dictamen del comité de ética,TR-2026-025_5.3.5.3_autorizacion_del_protocolo_y_dictamen_del_comite_v1.pdf,1,Enviado,Clínico,U11,2026-02-24,U07,38,3943,True,True
D01357,TR-2026-026,R001,M1,1.1,Formato de solicitud firmado,TR-2026-026_1.1_formato_de_solicitud_firmado_v1.pdf,1,Aprobado,Asuntos Regulatorios,U04,2026-05-19,U05,37,2284,False,False
D01358,TR-2026-026,R002,M1,1.2,Comprobante de pago de derechos,TR-2026-026_1.2_comprobante_de_pago_de_derechos_v1.pdf,1,Aprobado,Asuntos Regulatorios,U03,2026-03-26,U02,29,7543,False,False
D01359,TR-2026-026,R015,M1,1.10,Justificación técnica de la modificación,TR-2026-026_1.10_justificacion_tecnica_de_la_modificacion_v2.pdf,2,Aprobado,Asuntos Regulatorios,U05,2026-06-09,U04,6,4290,False,False
D01360,TR-2026-026,R035,M3,3.2.P.3.5,Validación del proceso de fabricación,TR-2026-026_3.2.P.3.5_validacion_del_proceso_de_fabricacion_v2.pdf,2,Aprobado,Calidad,U14,2026-04-27,U06,16,6075,False,False
D01361,TR-2026-026,R040,M3,3.2.P.8,Estudio de estabilidad del medicamento,TR-2026-026_3.2.P.8_estudio_de_estabilidad_del_medicamento_v1.pdf,1,Aprobado,CMC,U10,2026-05-26,U06,56,3920,False,False
D01362,TR-2026-026,R006,M1,1.4.1,Proyecto de etiqueta del envase secundario,TR-2026-026_1.4.1_proyecto_de_etiqueta_del_envase_secundario_v3.pdf,3,Aprobado,Asuntos Regulatorios,U05,2026-06-01,U02,10,7612,False,False
D01363,TR-2026-026,R005,M1,1.4.1,Proyecto de etiqueta del envase primario,TR-2026-026_1.4.1_proyecto_de_etiqueta_del_envase_primario_v1.pdf,1,Aprobado,Asuntos Regulatorios,U04,2026-05-28,U02,39,8643,False,False
D01364,TR-2026-026,R039,M3,3.2.P.7,Sistema contenedor-cierre,TR-2026-026_3.2.P.7_sistema_contenedor_cierre_v1.pdf,1,Aprobado,CMC,U10,2026-03-27,U14,30,3405,False,False
D01365,TR-2026-026,R061,M5,5.3.1.3,Perfiles de disolución comparativos,TR-2026-026_5.3.1.3_perfiles_de_disolucion_comparativos_v1.pdf,1,Aprobado,CMC,U10,2026-04-22,U07,5,1133,False,False
D01366,TR-2026-027,R001,M1,1.1,Formato de solicitud firmado,TR-2026-027_1.1_formato_de_solicitud_firmado_v1.pdf,1,Aprobado,Asuntos Regulatorios,U02,2026-04-07,U02,50,7439,False,False
D01367,TR-2026-027,R002,M1,1.2,Comprobante de pago de derechos,TR-2026-027_1.2_comprobante_de_pago_de_derechos_v1.pdf,1,Aprobado,Asuntos Regulatorios,U03,2026-04-08,U02,20,3029,False,False
D01368,TR-2026-027,R015,M1,1.10,Justificación técnica de la modificación,TR-2026-027_1.10_justificacion_tecnica_de_la_modificacion_v2.pdf,2,Aprobado,Asuntos Regulatorios,U05,2026-06-03,U04,56,6895,False,False
D01369,TR-2026-027,R032,M3,3.2.S.4,Certificado de análisis del fármaco,TR-2026-027_3.2.S.4_certificado_de_analisis_del_farmaco_v2.pdf,2,Aprobado,Calidad,U07,2026-04-14,U14,48,4739,False,False
D01370,TR-2026-027,R005,M1,1.4.1,Proyecto de etiqueta del envase primario,TR-2026-027_1.4.1_proyecto_de_etiqueta_del_envase_primario_v3.pdf,3,Aprobado,Asuntos Regulatorios,U05,2026-04-10,U02,24,8150,False,False
D01371,TR-2026-027,R061,M5,5.3.1.3,Perfiles de disolución comparativos,TR-2026-027_5.3.1.3_perfiles_de_disolucion_comparativos_v1.pdf,1,Aprobado,CMC,U10,2026-05-31,U07,6,7450,False,False
D01372,TR-2026-027,R040,M3,3.2.P.8,Estudio de estabilidad del medicamento,TR-2026-027_3.2.P.8_estudio_de_estabilidad_del_medicamento_v2.pdf,2,Aprobado,CMC,U09,2026-04-25,U08,48,1783,False,False
D01373,TR-2026-028,R001,M1,1.1,Formato de solicitud firmado,TR-2026-028_1.1_formato_de_solicitud_firmado_v1.pdf,1,Aprobado,Asuntos Regulatorios,U05,2026-06-03,U02,24,7789,False,False
D01374,TR-2026-028,R002,M1,1.2,Comprobante de pago de derechos,TR-2026-028_1.2_comprobante_de_pago_de_derechos_v1.pdf,1,Aprobado,Asuntos Regulatorios,U03,2026-05-25,U02,5,7281,False,False
D01375,TR-2026-028,R015,M1,1.10,Justificación técnica de la modificación,TR-2026-028_1.10_justificacion_tecnica_de_la_modificacion_v2.pdf,2,Aprobado,Asuntos Regulatorios,U05,2026-04-27,U03,40,3632,False,False
D01376,TR-2026-028,R032,M3,3.2.S.4,Certificado de análisis del fármaco,TR-2026-028_3.2.S.4_certificado_de_analisis_del_farmaco_v1.pdf,1,Aprobado,Calidad,U07,2026-04-27,U06,19,4561,False,False
D01377,TR-2026-028,R040,M3,3.2.P.8,Estudio de estabilidad del medicamento,TR-2026-028_3.2.P.8_estudio_de_estabilidad_del_medicamento_v3.pdf,3,Aprobado,CMC,U09,2026-05-12,U14,13,8930,False,False
D01378,TR-2026-029,R001,M1,1.1,Formato de solicitud firmado,TR-2026-029_1.1_formato_de_solicitud_firmado_v1.pdf,1,Enviado,Asuntos Regulatorios,U05,2026-06-23,U05,44,520,False,False
D01379,TR-2026-029,R002,M1,1.2,Comprobante de pago de derechos,TR-2026-029_1.2_comprobante_de_pago_de_derechos_v1.pdf,1,Enviado,Asuntos Regulatorios,U02,2026-06-01,U04,29,7774,False,False
D01380,TR-2026-029,R015,M1,1.10,Justificación técnica de la modificación,TR-2026-029_1.10_justificacion_tecnica_de_la_modificacion_v1.pdf,1,Enviado,Asuntos Regulatorios,U03,2026-06-24,U05,33,8661,False,False
D01381,TR-2026-029,R061,M5,5.3.1.3,Perfiles de disolución comparativos,TR-2026-029_5.3.1.3_perfiles_de_disolucion_comparativos_v2.pdf,2,Enviado,CMC,U09,2026-06-14,U14,49,5154,False,False
D01382,TR-2026-029,R038,M3,3.2.P.5.3,Validación de métodos analíticos,TR-2026-029_3.2.P.5.3_validacion_de_metodos_analiticos_v1.pdf,1,Enviado,Calidad,U06,2026-06-19,U14,20,721,False,False
D01383,TR-2026-029,R040,M3,3.2.P.8,Estudio de estabilidad del medicamento,TR-2026-029_3.2.P.8_estudio_de_estabilidad_del_medicamento_v1.pdf,1,Enviado,CMC,U10,2026-06-07,U14,25,4896,False,False
D01384,TR-2026-029,R035,M3,3.2.P.3.5,Validación del proceso de fabricación,TR-2026-029_3.2.P.3.5_validacion_del_proceso_de_fabricacion_v2.pdf,2,Enviado,Calidad,U14,2026-05-30,U14,43,7639,False,False
D01385,TR-2026-029,R032,M3,3.2.S.4,Certificado de análisis del fármaco,TR-2026-029_3.2.S.4_certificado_de_analisis_del_farmaco_v1.pdf,1,Enviado,Calidad,U08,2026-05-22,U06,37,404,False,False
D01386,TR-2026-030,R001,M1,1.1,Formato de solicitud firmado,TR-2026-030_1.1_formato_de_solicitud_firmado_v1.pdf,1,Aprobado,Asuntos Regulatorios,U04,2026-06-10,U02,40,8010,False,False
D01387,TR-2026-030,R002,M1,1.2,Comprobante de pago de derechos,TR-2026-030_1.2_comprobante_de_pago_de_derechos_v1.pdf,1,Aprobado,Asuntos Regulatorios,U05,2026-06-17,U05,16,5204,False,False
D01388,TR-2026-030,R015,M1,1.10,Justificación técnica de la modificación,TR-2026-030_1.10_justificacion_tecnica_de_la_modificacion_v1.pdf,1,Aprobado,Asuntos Regulatorios,U04,2026-06-25,U03,36,5755,False,False
D01389,TR-2026-030,R032,M3,3.2.S.4,Certificado de análisis del fármaco,TR-2026-030_3.2.S.4_certificado_de_analisis_del_farmaco_v1.pdf,1,Aprobado,Calidad,U14,2026-06-30,U08,21,812,False,False
D01390,TR-2026-030,R040,M3,3.2.P.8,Estudio de estabilidad del medicamento,TR-2026-030_3.2.P.8_estudio_de_estabilidad_del_medicamento_v1.pdf,1,Aprobado,CMC,U10,2026-06-28,U07,40,5655,False,False
D01391,TR-2026-030,R039,M3,3.2.P.7,Sistema contenedor-cierre,TR-2026-030_3.2.P.7_sistema_contenedor_cierre_v1.pdf,1,Aprobado,CMC,U09,2026-06-08,U07,59,5474,False,False
D01392,TR-2026-031,R001,M1,1.1,Formato de solicitud firmado,TR-2026-031_1.1_formato_de_solicitud_firmado_v1.pdf,1,Aprobado,Asuntos Regulatorios,U03,2026-05-30,U03,50,8110,False,False
D01393,TR-2026-031,R002,M1,1.2,Comprobante de pago de derechos,TR-2026-031_1.2_comprobante_de_pago_de_derechos_v1.pdf,1,Aprobado,Asuntos Regulatorios,U02,2026-06-12,U03,17,5237,False,False
D01394,TR-2026-031,R015,M1,1.10,Justificación técnica de la modificación,TR-2026-031_1.10_justificacion_tecnica_de_la_modificacion_v2.pdf,2,Aprobado,Asuntos Regulatorios,U02,2026-06-12,U02,19,2753,False,False
D01395,TR-2026-031,R038,M3,3.2.P.5.3,Validación de métodos analíticos,TR-2026-031_3.2.P.5.3_validacion_de_metodos_analiticos_v1.pdf,1,Aprobado,Calidad,U08,2026-06-11,U08,59,9343,False,False
D01396,TR-2026-031,R035,M3,3.2.P.3.5,Validación del proceso de fabricación,TR-2026-031_3.2.P.3.5_validacion_del_proceso_de_fabricacion_v1.pdf,1,Aprobado,Calidad,U08,2026-06-04,U14,42,7628,False,False
D01397,TR-2026-031,R006,M1,1.4.1,Proyecto de etiqueta del envase secundario,TR-2026-031_1.4.1_proyecto_de_etiqueta_del_envase_secundario_v2.pdf,2,Aprobado,Asuntos Regulatorios,U03,2026-04-22,U05,17,3415,False,False
D01398,TR-2026-031,R040,M3,3.2.P.8,Estudio de estabilidad del medicamento,TR-2026-031_3.2.P.8_estudio_de_estabilidad_del_medicamento_v2.pdf,2,Aprobado,CMC,U10,2026-07-07,U06,16,9463,False,False
D01399,TR-2026-031,R005,M1,1.4.1,Proyecto de etiqueta del envase primario,TR-2026-031_1.4.1_proyecto_de_etiqueta_del_envase_primario_v1.pdf,1,Aprobado,Asuntos Regulatorios,U03,2026-04-29,U02,23,7190,False,False
D01400,TR-2026-032,R001,M1,1.1,Formato de solicitud firmado,TR-2026-032_1.1_formato_de_solicitud_firmado_v1.pdf,1,Aprobado,Asuntos Regulatorios,U04,2026-09-13,U05,39,9444,True,False
D01401,TR-2026-032,R002,M1,1.2,Comprobante de pago de derechos,TR-2026-032_1.2_comprobante_de_pago_de_derechos_v1.pdf,1,Aprobado,Asuntos Regulatorios,U05,2026-09-15,U03,32,2732,True,True
D01402,TR-2026-032,R003,M1,1.3.1,Licencia sanitaria del establecimiento fabricante,TR-2026-032_1.3.1_licencia_sanitaria_del_establecimiento_fabricant_v1.pdf,1,Aprobado,Asuntos Regulatorios,U02,2026-08-18,U03,13,6302,True,True
D01403,TR-2026-032,R004,M1,1.3.2,Instrumento que acredita la representación legal,TR-2026-032_1.3.2_instrumento_que_acredita_la_representacion_legal_v1.pdf,1,En revisión,Asuntos Regulatorios,U02,2026-09-24,,51,8731,True,True
D01404,TR-2026-032,R005,M1,1.4.1,Proyecto de etiqueta del envase primario,TR-2026-032_1.4.1_proyecto_de_etiqueta_del_envase_primario_v1.pdf,1,Aprobado,Asuntos Regulatorios,U04,2026-09-20,U03,45,2361,True,False
D01405,TR-2026-032,R006,M1,1.4.1,Proyecto de etiqueta del envase secundario,TR-2026-032_1.4.1_proyecto_de_etiqueta_del_envase_secundario_v1.pdf,1,En revisión,Asuntos Regulatorios,U02,2026-08-15,,18,4536,True,False
D01406,TR-2026-032,R007,M1,1.4.2,Información para prescribir amplia (IPPA),TR-2026-032_1.4.2_informacion_para_prescribir_amplia_ippa_v1.pdf,1,Aprobado,Asuntos Regulatorios,U05,2026-09-09,U02,26,848,True,False
D01407,TR-2026-032,R008,M1,1.4.2,Información para prescribir reducida (IPPR),TR-2026-032_1.4.2_informacion_para_prescribir_reducida_ippr_v1.pdf,1,Aprobado,Asuntos Regulatorios,U04,2026-09-27,U02,21,5484,True,False
D01408,TR-2026-032,R009,M1,1.5.1,Documento IMPI de titularidad de patentes o licencia de explotación,,0,Faltante,Asuntos Regulatorios,,,,0,0,False,False
D01409,TR-2026-032,R010,M1,1.6,Plan de manejo de riesgos (PMR),TR-2026-032_1.6_plan_de_manejo_de_riesgos_pmr_v1.pdf,1,En revisión,Farmacovigilancia,U13,2026-09-07,,52,5493,True,False
D01410,TR-2026-032,R011,M1,1.7.1,Certificado de BPF del medicamento,TR-2026-032_1.7.1_certificado_de_bpf_del_medicamento_v1.pdf,1,Aprobado,Calidad,U14,2026-08-06,U14,56,3445,True,False
D01411,TR-2026-032,R012,M1,1.7.2,Certificado de BPF del fármaco,TR-2026-032_1.7.2_certificado_de_bpf_del_farmaco_v1.pdf,1,En revisión,Calidad,U08,2026-09-08,,39,1482,True,False
D01412,TR-2026-032,R020,M2,2.3,Resumen global de calidad,TR-2026-032_2.3_resumen_global_de_calidad_v1.pdf,1,Aprobado,CMC,U09,2026-08-17,U06,25,7264,True,False
D01413,TR-2026-032,R030,M3,3.2.S.1,Información general del fármaco,TR-2026-032_3.2.S.1_informacion_general_del_farmaco_v1.pdf,1,Aprobado,CMC,U10,2026-07-20,U08,34,6311,True,False
D01414,TR-2026-032,R031,M3,3.2.S.2,Fabricación del fármaco,TR-2026-032_3.2.S.2_fabricacion_del_farmaco_v1.pdf,1,Aprobado,CMC,U10,2026-09-10,U08,36,2805,True,False
D01415,TR-2026-032,R032,M3,3.2.S.4,Certificado de análisis del fármaco,TR-2026-032_3.2.S.4_certificado_de_analisis_del_farmaco_v1.pdf,1,En revisión,Calidad,U08,2026-08-05,,41,3989,True,False
D01416,TR-2026-032,R033,M3,3.2.S.7,Estabilidad del fármaco,TR-2026-032_3.2.S.7_estabilidad_del_farmaco_v1.pdf,1,Aprobado,CMC,U10,2026-08-11,U07,33,4836,True,False
D01417,TR-2026-032,R034,M3,3.2.P.1,Descripción y composición del medicamento,TR-2026-032_3.2.P.1_descripcion_y_composicion_del_medicamento_v1.pdf,1,Aprobado,CMC,U09,2026-09-19,U07,4,1609,True,False
D01418,TR-2026-032,R035,M3,3.2.P.3.5,Validación del proceso de fabricación,TR-2026-032_3.2.P.3.5_validacion_del_proceso_de_fabricacion_v1.pdf,1,Aprobado,Calidad,U08,2026-09-02,U08,27,1977,True,False
D01419,TR-2026-032,R036,M3,3.2.P.3.6,Validación de limpieza,TR-2026-032_3.2.P.3.6_validacion_de_limpieza_v1.pdf,1,Aprobado,Calidad,U07,2026-08-18,U06,30,6485,True,False
D01420,TR-2026-032,R037,M3,3.2.P.5,Certificado de análisis del lote del medicamento,TR-2026-032_3.2.P.5_certificado_de_analisis_del_lote_del_medicamento_v1.pdf,1,En revisión,Calidad,U08,2026-09-03,,54,4088,True,False
D01421,TR-2026-032,R038,M3,3.2.P.5.3,Validación de métodos analíticos,TR-2026-032_3.2.P.5.3_validacion_de_metodos_analiticos_v1.pdf,1,Aprobado,Calidad,U06,2026-09-30,U06,12,7943,True,False
D01422,TR-2026-032,R039,M3,3.2.P.7,Sistema contenedor-cierre,TR-2026-032_3.2.P.7_sistema_contenedor_cierre_v1.pdf,1,Aprobado,CMC,U09,2026-09-29,U14,5,1234,True,False
D01423,TR-2026-032,R040,M3,3.2.P.8,Estudio de estabilidad del medicamento,TR-2026-032_3.2.P.8_estudio_de_estabilidad_del_medicamento_v1.pdf,1,En revisión,CMC,U10,2026-09-18,,46,5949,True,False
D01424,TR-2026-032,R060,M5,5.3.1.2,Informe del estudio de bioequivalencia,TR-2026-032_5.3.1.2_informe_del_estudio_de_bioequivalencia_v1.pdf,1,En revisión,Clínico,U11,2026-07-30,,12,9064,True,False
D01425,TR-2026-032,R061,M5,5.3.1.3,Perfiles de disolución comparativos,TR-2026-032_5.3.1.3_perfiles_de_disolucion_comparativos_v1.pdf,1,Aprobado,CMC,U10,2026-09-08,U06,43,3223,True,False
D01426,TR-2026-032,R062,M5,5.3.1.4,Autorización vigente del Tercero Autorizado,TR-2026-032_5.3.1.4_autorizacion_vigente_del_tercero_autorizado_v1.pdf,1,Aprobado,Clínico,U12,2026-08-26,U08,38,6179,True,True
D01427,TR-2026-033,R001,M1,1.1,Formato de solicitud firmado,TR-2026-033_1.1_formato_de_solicitud_firmado_v1.pdf,1,Aprobado,Asuntos Regulatorios,U05,2026-06-23,U03,36,1614,False,False
D01428,TR-2026-033,R002,M1,1.2,Comprobante de pago de derechos,TR-2026-033_1.2_comprobante_de_pago_de_derechos_v1.pdf,1,Aprobado,Asuntos Regulatorios,U03,2026-04-24,U02,55,8141,False,False
D01429,TR-2026-033,R015,M1,1.10,Justificación técnica de la modificación,TR-2026-033_1.10_justificacion_tecnica_de_la_modificacion_v1.pdf,1,Aprobado,Asuntos Regulatorios,U04,2026-06-05,U02,21,985,False,False
D01430,TR-2026-033,R006,M1,1.4.1,Proyecto de etiqueta del envase secundario,TR-2026-033_1.4.1_proyecto_de_etiqueta_del_envase_secundario_v1.pdf,1,Aprobado,Asuntos Regulatorios,U04,2026-05-21,U02,14,2828,False,False
D01431,TR-2026-033,R061,M5,5.3.1.3,Perfiles de disolución comparativos,TR-2026-033_5.3.1.3_perfiles_de_disolucion_comparativos_v1.pdf,1,Aprobado,CMC,U09,2026-05-06,U14,34,4595,False,False
D01432,TR-2026-033,R035,M3,3.2.P.3.5,Validación del proceso de fabricación,TR-2026-033_3.2.P.3.5_validacion_del_proceso_de_fabricacion_v1.pdf,1,Aprobado,Calidad,U06,2026-07-09,U07,43,4652,False,False
D01433,TR-2026-034,R001,M1,1.1,Formato de solicitud firmado,TR-2026-034_1.1_formato_de_solicitud_firmado_v1.pdf,1,Enviado,Asuntos Regulatorios,U02,2026-06-19,U03,43,2722,False,False
D01434,TR-2026-034,R002,M1,1.2,Comprobante de pago de derechos,TR-2026-034_1.2_comprobante_de_pago_de_derechos_v1.pdf,1,Enviado,Asuntos Regulatorios,U02,2026-06-16,U05,6,4456,False,False
D01435,TR-2026-034,R015,M1,1.10,Justificación técnica de la modificación,TR-2026-034_1.10_justificacion_tecnica_de_la_modificacion_v1.pdf,1,Enviado,Asuntos Regulatorios,U04,2026-06-19,U05,51,7984,False,False
D01436,TR-2026-034,R035,M3,3.2.P.3.5,Validación del proceso de fabricación,TR-2026-034_3.2.P.3.5_validacion_del_proceso_de_fabricacion_v1.pdf,1,Enviado,Calidad,U07,2026-07-14,U06,38,8390,False,False
D01437,TR-2026-034,R032,M3,3.2.S.4,Certificado de análisis del fármaco,TR-2026-034_3.2.S.4_certificado_de_analisis_del_farmaco_v1.pdf,1,Enviado,Calidad,U07,2026-06-05,U07,51,5836,False,False
D01438,TR-2026-034,R038,M3,3.2.P.5.3,Validación de métodos analíticos,TR-2026-034_3.2.P.5.3_validacion_de_metodos_analiticos_v1.pdf,1,Enviado,Calidad,U14,2026-06-08,U14,9,2332,False,False
D01439,TR-2026-034,R061,M5,5.3.1.3,Perfiles de disolución comparativos,TR-2026-034_5.3.1.3_perfiles_de_disolucion_comparativos_v1.pdf,1,Enviado,CMC,U09,2026-07-21,U14,29,7253,False,False
D01440,TR-2026-034,R006,M1,1.4.1,Proyecto de etiqueta del envase secundario,TR-2026-034_1.4.1_proyecto_de_etiqueta_del_envase_secundario_v1.pdf,1,Enviado,Asuntos Regulatorios,U03,2026-05-30,U05,38,5296,False,False
D01441,TR-2026-035,R001,M1,1.1,Formato de solicitud firmado,TR-2026-035_1.1_formato_de_solicitud_firmado_v1.pdf,1,Enviado,Asuntos Regulatorios,U02,2026-07-13,U03,46,1882,False,False
D01442,TR-2026-035,R002,M1,1.2,Comprobante de pago de derechos,TR-2026-035_1.2_comprobante_de_pago_de_derechos_v1.pdf,1,Enviado,Asuntos Regulatorios,U05,2026-07-17,U04,14,6709,False,False
D01443,TR-2026-035,R015,M1,1.10,Justificación técnica de la modificación,TR-2026-035_1.10_justificacion_tecnica_de_la_modificacion_v1.pdf,1,Enviado,Asuntos Regulatorios,U03,2026-07-07,U02,40,1025,False,False
D01444,TR-2026-035,R006,M1,1.4.1,Proyecto de etiqueta del envase secundario,TR-2026-035_1.4.1_proyecto_de_etiqueta_del_envase_secundario_v1.pdf,1,Enviado,Asuntos Regulatorios,U02,2026-07-15,U02,9,7495,False,False
D01445,TR-2026-035,R038,M3,3.2.P.5.3,Validación de métodos analíticos,TR-2026-035_3.2.P.5.3_validacion_de_metodos_analiticos_v1.pdf,1,Enviado,Calidad,U14,2026-07-08,U08,50,4970,False,False
D01446,TR-2026-035,R032,M3,3.2.S.4,Certificado de análisis del fármaco,TR-2026-035_3.2.S.4_certificado_de_analisis_del_farmaco_v1.pdf,1,Enviado,Calidad,U06,2026-07-25,U06,45,7406,False,False
D01447,TR-2026-035,R061,M5,5.3.1.3,Perfiles de disolución comparativos,TR-2026-035_5.3.1.3_perfiles_de_disolucion_comparativos_v1.pdf,1,Enviado,CMC,U10,2026-07-25,U07,42,8272,False,False
D01448,TR-2026-035,R035,M3,3.2.P.3.5,Validación del proceso de fabricación,TR-2026-035_3.2.P.3.5_validacion_del_proceso_de_fabricacion_v1.pdf,1,Enviado,Calidad,U08,2026-06-17,U08,3,7382,False,False
D01449,TR-2026-036,R001,M1,1.1,Formato de solicitud firmado,TR-2026-036_1.1_formato_de_solicitud_firmado_v1.pdf,1,Aprobado,Asuntos Regulatorios,U02,2026-07-18,U03,17,3228,False,False
D01450,TR-2026-036,R002,M1,1.2,Comprobante de pago de derechos,TR-2026-036_1.2_comprobante_de_pago_de_derechos_v1.pdf,1,Aprobado,Asuntos Regulatorios,U04,2026-07-02,U02,40,8812,False,False
D01451,TR-2026-036,R015,M1,1.10,Justificación técnica de la modificación,TR-2026-036_1.10_justificacion_tecnica_de_la_modificacion_v1.pdf,1,Aprobado,Asuntos Regulatorios,U05,2026-06-27,U03,32,4666,False,False
D01452,TR-2026-036,R032,M3,3.2.S.4,Certificado de análisis del fármaco,TR-2026-036_3.2.S.4_certificado_de_analisis_del_farmaco_v1.pdf,1,Aprobado,Calidad,U06,2026-07-12,U06,45,2331,False,False
D01453,TR-2026-036,R039,M3,3.2.P.7,Sistema contenedor-cierre,TR-2026-036_3.2.P.7_sistema_contenedor_cierre_v1.pdf,1,Aprobado,CMC,U09,2026-06-15,U07,6,9677,False,False
D01454,TR-2026-036,R040,M3,3.2.P.8,Estudio de estabilidad del medicamento,TR-2026-036_3.2.P.8_estudio_de_estabilidad_del_medicamento_v1.pdf,1,Aprobado,CMC,U09,2026-06-27,U06,3,2497,False,False
D01455,TR-2026-037,R001,M1,1.1,Formato de solicitud firmado,TR-2026-037_1.1_formato_de_solicitud_firmado_v1.pdf,1,Enviado,Asuntos Regulatorios,U03,2026-07-07,U03,46,4783,False,False
D01456,TR-2026-037,R002,M1,1.2,Comprobante de pago de derechos,TR-2026-037_1.2_comprobante_de_pago_de_derechos_v1.pdf,1,Enviado,Asuntos Regulatorios,U02,2026-07-11,U04,37,9371,False,False
D01457,TR-2026-037,R015,M1,1.10,Justificación técnica de la modificación,TR-2026-037_1.10_justificacion_tecnica_de_la_modificacion_v1.pdf,1,Enviado,Asuntos Regulatorios,U04,2026-08-05,U03,45,8481,False,False
D01458,TR-2026-037,R040,M3,3.2.P.8,Estudio de estabilidad del medicamento,TR-2026-037_3.2.P.8_estudio_de_estabilidad_del_medicamento_v1.pdf,1,Enviado,CMC,U09,2026-08-14,U07,10,6250,False,False
D01459,TR-2026-037,R005,M1,1.4.1,Proyecto de etiqueta del envase primario,TR-2026-037_1.4.1_proyecto_de_etiqueta_del_envase_primario_v1.pdf,1,Enviado,Asuntos Regulatorios,U03,2026-08-11,U02,36,5108,False,False
D01460,TR-2026-037,R061,M5,5.3.1.3,Perfiles de disolución comparativos,TR-2026-037_5.3.1.3_perfiles_de_disolucion_comparativos_v1.pdf,1,Enviado,CMC,U09,2026-08-01,U14,18,7819,False,False
D01461,TR-2026-038,R001,M1,1.1,Formato de solicitud firmado,TR-2026-038_1.1_formato_de_solicitud_firmado_v1.pdf,1,Enviado,Asuntos Regulatorios,U04,2026-08-02,U03,55,1090,False,False
D01462,TR-2026-038,R002,M1,1.2,Comprobante de pago de derechos,TR-2026-038_1.2_comprobante_de_pago_de_derechos_v1.pdf,1,Enviado,Asuntos Regulatorios,U05,2026-07-06,U05,48,5416,False,False
D01463,TR-2026-038,R015,M1,1.10,Justificación técnica de la modificación,TR-2026-038_1.10_justificacion_tecnica_de_la_modificacion_v1.pdf,1,Enviado,Asuntos Regulatorios,U05,2026-08-27,U03,28,3330,False,False
D01464,TR-2026-038,R061,M5,5.3.1.3,Perfiles de disolución comparativos,TR-2026-038_5.3.1.3_perfiles_de_disolucion_comparativos_v1.pdf,1,Enviado,CMC,U09,2026-07-19,U06,46,3624,False,False
D01465,TR-2026-038,R039,M3,3.2.P.7,Sistema contenedor-cierre,TR-2026-038_3.2.P.7_sistema_contenedor_cierre_v1.pdf,1,Enviado,CMC,U09,2026-08-13,U06,14,1703,False,False
D01466,TR-2026-038,R038,M3,3.2.P.5.3,Validación de métodos analíticos,TR-2026-038_3.2.P.5.3_validacion_de_metodos_analiticos_v1.pdf,1,Enviado,Calidad,U07,2026-09-02,U07,5,4131,False,False
D01467,TR-2026-038,R040,M3,3.2.P.8,Estudio de estabilidad del medicamento,TR-2026-038_3.2.P.8_estudio_de_estabilidad_del_medicamento_v1.pdf,1,Enviado,CMC,U10,2026-08-04,U06,34,8257,False,False
D01468,TR-2026-039,R001,M1,1.1,Formato de solicitud firmado,TR-2026-039_1.1_formato_de_solicitud_firmado_v1.pdf,1,Aprobado,Asuntos Regulatorios,U03,2026-09-30,U05,2,3083,False,False
D01469,TR-2026-039,R002,M1,1.2,Comprobante de pago de derechos,TR-2026-039_1.2_comprobante_de_pago_de_derechos_v1.pdf,1,Aprobado,Asuntos Regulatorios,U02,2026-09-23,U04,17,2421,False,False
D01470,TR-2026-039,R015,M1,1.10,Justificación técnica de la modificación,TR-2026-039_1.10_justificacion_tecnica_de_la_modificacion_v1.pdf,1,Aprobado,Asuntos Regulatorios,U03,2026-09-19,U05,19,9282,False,False
D01471,TR-2026-039,R038,M3,3.2.P.5.3,Validación de métodos analíticos,,0,Faltante,Calidad,,,,0,0,False,False
D01472,TR-2026-039,R006,M1,1.4.1,Proyecto de etiqueta del envase secundario,TR-2026-039_1.4.1_proyecto_de_etiqueta_del_envase_secundario_v1.pdf,1,Borrador,Asuntos Regulatorios,U04,2026-09-16,,22,2683,False,False
D01473,TR-2026-039,R032,M3,3.2.S.4,Certificado de análisis del fármaco,TR-2026-039_3.2.S.4_certificado_de_analisis_del_farmaco_v1.pdf,1,Aprobado,Calidad,U14,2026-10-02,U14,57,1971,False,False
D01474,TR-2026-039,R035,M3,3.2.P.3.5,Validación del proceso de fabricación,TR-2026-039_3.2.P.3.5_validacion_del_proceso_de_fabricacion_v1.pdf,1,En revisión,Calidad,U08,2026-09-24,,47,1992,False,False
