version_id,documento_id,version,fecha,autor_id,estado,comentario,sha256
V000001,D00001,1,2023-04-18,U05,Enviado,Versión inicial,e321b757a874b79a34958c548a87776c957938db9d900546c85a8981c79117ed
V000002,D00002,1,2023-05-20,U02,Enviado,Versión inicial,e19df5c450d149fb311ed970fa424f636e474053e7a1dc889f67b588f37bc50a
V000003,D00003,1,2023-05-19,U05,Enviado,Versión inicial,a038b9b5996d831e5feea0a42c258170fd55351bc26ce11b0c92bd0cf762a4e7
V000004,D00004,1,2023-06-07,U05,Enviado,Versión inicial,1ad87e27ba96aa8b54efa5d9b9c9bd3a3c146114efc5b352f9dc0845438210d3
V000005,D00005,1,2023-03-25,U05,Enviado,Versión inicial,5df1bab9ff529ed9403e737525e9051aa934eefb86f3430ff91fb2bfdb56375a
V000006,D00006,1,2023-05-14,U05,Enviado,Versión inicial,17f67a1f6e750775d2ffcd690467d5a4e6d97fa88285767368be0acc4119e146
V000007,D00007,1,2023-04-14,U02,Enviado,Versión inicial,9f7b24eab57eedd6b1ab14e84de650e781d48c3e7f2f91a7ad8785c269cd0755
V000008,D00008,1,2023-04-17,U02,Enviado,Versión inicial,94506a69b71569929b1cd5afb944039422049bd3bd2c5437da8d08b5af111924
V000009,D00009,1,2023-03-28,U02,Enviado,Versión inicial,08e8d64799e19e51708ebe367afa44a0e66d1905eb44117214dbf14ccc634c75
V000010,D00010,1,2023-04-01,U13,Enviado,Versión inicial,153ff9c2e0a936d64c2066ea7c4a7a21e0806798f2a5707e42eefd1b0e3757bb
V000011,D00011,1,2023-04-30,U08,Enviado,Versión inicial,39409b7fe3c38560892710ff452d31dc325b8a2307c6a33306ca123535a96e38
V000012,D00012,1,2023-05-06,U06,Enviado,Versión inicial,064f84de93ace7e6ba76009a2db3b998c97e18dea72f7ac63fd80844395c8485
V000013,D00013,1,2023-03-27,U10,Enviado,Versión inicial,c83016be4655bbba339d9b613d142f5d3924ee8357de2cdc89b7b24637934edf
V000014,D00014,1,2023-04-28,U10,Enviado,Versión inicial,8929ff602d15873aabdc6250f0a0e13486e13aa0b9ef0b1b9dc25f4825556e67
V000015,D00015,1,2023-04-16,U09,Enviado,Versión inicial,fcc3e9b79e7e796b48c9daad0cc67da01ee62df0d9565c4baf84bc8ffe1483c3
V000016,D00016,1,2023-04-03,U14,Enviado,Versión inicial,cf6eeeb779e7fd8387bbeda8033935b18088aeb7d329d7345fa72d6b01b203dc
V000017,D00017,1,2023-04-12,U10,Enviado,Versión inicial,0c410672f7a599ecc816d26a288c67df03c346062f43a9c25e0be6610846b40e
V000018,D00018,1,2023-04-12,U09,Enviado,Versión inicial,5b92065a39a9168e05dfb734ad9b9c822a15ac993b3b1184352d330b1c77076a
V000019,D00019,1,2023-05-17,U08,Enviado,Versión inicial,2269ae3a7e08a7dc06e7ac011cfde661ead5a0585a617b46c9f44fd1409d5be8
V000020,D00020,1,2023-04-17,U14,Enviado,Versión inicial,b691543a1697f44154620196dd92b0589758e1185a43cf7843dae4a8c3f3a22e
V000021,D00021,1,2023-05-04,U08,Enviado,Versión inicial,b485fdbd58c00a5009c015bea922dc9a1e7ee02f8a3c873b7f97c3b010dbfd81
V000022,D00022,1,2023-05-20,U07,Enviado,Versión inicial,ba4e921113ad5aad0d21147d94dd2c49cd36cc74d95b231b1dc59d83d55d510b
V000023,D00023,1,2023-05-17,U10,Enviado,Versión inicial,4be11d78e5d8ffa8c5b25e93e0ab902696b5829c69ad15cf0e86186480d67228
V000024,D00024,1,2023-04-18,U09,Enviado,Versión inicial,4f011d464d18e7e5ca0d9a440962ee270fde8466f6ca1dbf11aa4ab80dc30558
V000025,D00025,1,2023-05-18,U12,Enviado,Versión inicial,c67cafa1491ae0b0c461f1d6f9c34278c2fda285ece47f63075f38510229120d
V000026,D00026,1,2023-04-27,U10,Enviado,Versión inicial,adfabbfff82ca219944c839ff55c5164be29119dbec57b5b48193f22fb20848c
V000027,D00027,1,2023-04-24,U11,Enviado,Versión inicial,2f3470dc10505acf2a627e1e9b4b236975eeaa9cce53b21276f67503aa026b29
V000028,D00028,1,2023-09-11,U03,Enviado,Versión inicial,3960a06222a6ebde6b2e0527abc77497bf4d13d31dbfcb8c3e10800655b0e82c
V000029,D00029,1,2023-09-02,U02,Enviado,Versión inicial,3103ff6ba84dd2471b7ec816461617617613e33f753cf36245fa92eb1ba26319
V000030,D00030,1,2023-08-30,U04,Enviado,Versión inicial,3835dabbf0364655054cc02d49136b2183d31616d2b82a3dfcbe171c40fd4d32
V000031,D00031,1,2023-09-30,U04,Enviado,Versión inicial,4ceb5014919a78ca74a5fe8fbf0b06233ef3a05a0f7e25122b17cbaa6b330649
V000032,D00032,1,2023-09-27,U05,Enviado,Versión inicial,6e0678ad56bcc7b066dc739887fbf48c432a780cb8945354e4605f95df252c4e
V000033,D00033,1,2023-10-02,U04,Enviado,Versión inicial,59bcbfa523a55218db224d9ab93f64f64b08e0eccee31547eae141d85b645cc1
V000034,D00034,1,2023-09-30,U03,Enviado,Versión inicial,29b6f24dde08226e4948b7049f7cf80ae79147decc300c8ae8a9c9f392e898d8
V000035,D00035,1,2023-09-21,U03,Enviado,Versión inicial,df0fbba4f18dc956fb8fb5ffa633c065c91fc6e4a2a5f738254a5c24dfd34637
V000036,D00036,1,2023-08-31,U03,Enviado,Versión inicial,03f6c9b8c4d6a82f951facbbb5b4b9510e84c953473a818b533e6ce78a4accf5
V000037,D00037,1,2023-08-16,U13,Enviado,Versión inicial,da4755377aefaece226158034910e42df3747f325c026d66d92a6958cfb38a42
V000038,D00038,1,2023-10-09,U14,Enviado,Versión inicial,86197a4400f46cbcfc696e1dde47fddc1eb82efdd6c0522438245fe07b908e74
V000039,D00039,1,2023-08-13,U06,Enviado,Versión inicial,42c88043cf63f00f17486af4cab812b29e807d1c29d902a6cc384335ccdf09bd
V000040,D00040,1,2023-10-13,U10,Enviado,Versión inicial,b3141298bdcfef8654efe779f58050878e3303ae5df5eea3c92783dac4eecdc2
V000041,D00041,1,2023-10-08,U09,Enviado,Versión inicial,b05829dbbbd6796ef9d7c55f4ffa1a0c6e3434b2bbaffb16a8559e07cb177296
V000042,D00042,1,2023-10-03,U10,Enviado,Versión inicial,2b7e94f0b712ce07711e7b2cadb77f30999b4b2febc942779235825b5174675e
V000043,D00043,1,2023-09-10,U08,Enviado,Versión inicial,c65b55dc1d8835b2af5103a32208fa7d47b4c7513c2f6704c6b187ef1033200a
V000044,D00044,1,2023-10-12,U09,Enviado,Versión inicial,e89a820bbdbb9ede85860ba31a885b513986ab0969a53a63491a4bcd00d17b8f
V000045,D00045,1,2023-08-15,U09,Enviado,Versión inicial,6285b36ada5ec5cc1ba04914c77cb0d831a2e95400cac4f8997400ecf90bd5d2
V000046,D00046,1,2023-09-16,U14,Enviado,Versión inicial,31ddbe9fe5af72e0efaf99fa08277aa320396802081f30054fc9edf93779ad78
V000047,D00047,1,2023-09-17,U07,Enviado,Versión inicial,01096fe1428aa7164bb0f25535268a7e653465eb0acdcf126d15d75ae1ce665d
V000048,D00048,1,2023-10-08,U08,Enviado,Versión inicial,4a71fd6be58a679e8a4349cfb32bcc8cc196453152b311b88082cd972a0d0a06
V000049,D00049,1,2023-10-01,U06,Enviado,Versión inicial,670d30c378b910661d5aff71f6a6119029c7f119bb1e5b58bf17e069dcef9062
V000050,D00050,1,2023-09-11,U10,Enviado,Versión inicial,570cfc2c736d8d44de73659856fb8b57b81575fa3ae25ca427a9059a040467d1
V000051,D00051,1,2023-10-08,U09,Enviado,Versión inicial,416d432fffbead7562cd0b393f450eecfc98becf509c9e0772d6deb134c2970f
V000052,D00052,1,2023-08-14,U12,Enviado,Versión inicial,163af18338ad62bb141712aca16da5753bf9ccc5d4dea7c815a1eb1b6fbc11ce
V000053,D00053,1,2023-09-17,U09,Enviado,Versión inicial,7e40a0c67330a29d0335312d69f52aea3c9de845dccadc42bce321e373db8f11
V000054,D00054,1,2023-09-29,U11,Enviado,Versión inicial,a9a524b6e3f7e5b5b2f9a1d6f0e46135daea6dbb29d5ff9088efee5c073078af
V000055,D00055,1,2023-08-16,U04,Enviado,Versión inicial,9f94d720b49147e793d7b61210663f4f2f892d1fe31a995b550511d69b8e7428
V000056,D00056,1,2023-10-12,U05,Enviado,Versión inicial,290aea8e490a9dcfd8c64a0bdf92668ffb955f335c93ed6410c7307da68697ec
V000057,D00057,1,2023-08-28,U04,Enviado,Versión inicial,53d016aba4b50a558f73c8d9761e7aa924fcab6187af55e4127c076e902e27eb
V000058,D00058,1,2023-09-16,U14,Enviado,Versión inicial,ce0000248b4d37f893c97033a3bdfb8910d257063159ddb6c64d0f217978cd72
V000059,D00059,1,2023-09-27,U08,Enviado,Versión inicial,6e181d6b44fee6bd486dd447ccda374c458827ca7f1f9eaef5f25f0373a9cd4f
V000060,D00060,1,2023-10-07,U10,Enviado,Versión inicial,b4b78bcad3b9a56919b1c476ca7e8421db2c3445c2f53fdac881c9b1d5c9958f
V000061,D00061,1,2023-10-11,U14,Enviado,Versión inicial,7400ee4bba83ca4c5b2b9ac7301b41bec472f5056c6c2fc6ffb63ddf60b5629c
V000062,D00062,1,2023-09-03,U09,Enviado,Versión inicial,8436e75c473bdb047eac257fe62ff07b0ae1754f0df72b158841dcfde0b48539
V000063,D00063,1,2023-09-24,U04,Enviado,Versión inicial,f239549dc16a0dd911fb71c379beac591436ee1ad78d2a91cbe4c478b2780f21
V000064,D00064,1,2023-08-19,U05,Enviado,Versión inicial,8fdcd63860bfeffe7382d20ca8db0d5d68dc413663bf5df16ea9a41a3a780fcb
V000065,D00065,1,2023-09-14,U03,Enviado,Versión inicial,4fab876aee3677dc6e4274edb0bbb0ea6356589cb7d776ec5288af2ec37986d0
V000066,D00066,1,2023-09-01,U03,Enviado,Versión inicial,bd24e696e6d454fdf9697339f75f19d8cc66f8a41618ca8e4bd1e0164f4c2041
V000067,D00067,1,2023-09-02,U10,Enviado,Versión inicial,0e0d5bb3e494ecfcefe46c5a0e4ade28b1febaeb96b70d4b359e0a8adc3b4892
V000068,D00068,1,2023-08-10,U04,Enviado,Versión inicial,6f38c2fb23ee6bfc9e7aac73444cae39620cb510bcd3b47fb19b7920cbb37ac6
V000069,D00069,1,2023-09-21,U05,Enviado,Versión inicial,857a892d7dc286824f1ad9a394f01545952e277e4ed8c0acb5e208349d7b6e2f
V000070,D00070,1,2023-09-22,U05,Enviado,Versión inicial,36b5e5fb76d263ee52f194899679368a4b5ecd9e1ef8e0f75d291f488b56f32c
V000071,D00071,1,2023-11-17,U02,Enviado,Versión inicial,2f6893936695654927412c2c9d65b43fe782d9c92f32a4dc827867d6fa6e5853
V000072,D00072,1,2023-10-01,U02,Enviado,Versión inicial,657e8221eb4f68e58defd19252cd5aa7c1cba3d3cabce3b8309fca509e8de6bd
V000073,D00073,1,2023-09-21,U05,Enviado,Versión inicial,6989ecdd98cb4a187fcd88688723d04a7810fc023f4fb0e4ae15dcc1b3a5e786
V000074,D00074,1,2023-11-15,U02,Enviado,Versión inicial,247ed7300657eb82828ae6045ff56c27d8772fd4c9307e4bb9885a8a4111bb8d
V000075,D00075,1,2023-10-06,U03,Enviado,Versión inicial,d3eccbdaffe4f84bd9d6ee08062bbb97e9c90503894eb2fa6774f2b65c5018e5
V000076,D00076,1,2023-11-15,U04,Enviado,Versión inicial,e5ec5ef19089af1437da76f1741471bf6b0227e5d3cb7679ff9d9ccc63962064
V000077,D00077,1,2023-11-04,U13,Enviado,Versión inicial,51d0b918a2b558ce034f6703543ddf1fd5cfd68f004ea4cf02fed2a202814da5
V000078,D00078,1,2023-10-08,U14,Enviado,Versión inicial,5d59974d12c0dbbbf007365dfbf155a21e0332bc99d8c06a4e166158f70a7737
V000079,D00079,1,2023-10-31,U13,Enviado,Versión inicial,65ab12a2224a76ce1045a80a93d5b53e9c7a79f957ec4ab59e2174e8ad676501
V000080,D00080,1,2023-11-05,U10,Enviado,Versión inicial,4f05a8fde826282a52fe4229682ff4677210c5e77775773842f4c1ff0909e333
V000081,D00081,1,2023-09-05,U11,Enviado,Versión inicial,32a5b372e8390215d2bef4ab56ed31e8643a93b824f81e0c4e08a2db289f7263
V000082,D00082,1,2023-10-28,U12,Enviado,Versión inicial,9a6f28616cb1cfa71c574b8938deae4afc709d4f3f7c12735c09dc7161e84c47
V000083,D00083,1,2023-09-11,U10,Enviado,Versión inicial,ebd875a21d7248656ab9d99e559667e933cca5e2b91d494b4b94e6d6c5b66c8f
V000084,D00084,1,2023-09-06,U09,Enviado,Versión inicial,cf91355d3699662c6e92749700738c23aa4c63b367e05091c9f5916e84320eef
V000085,D00085,1,2023-10-02,U06,Enviado,Versión inicial,fd120b2286b647a7600e88262abee57628f8d4a1ef1ddf3b6e1fb3610435707d
V000086,D00086,1,2023-10-13,U09,Enviado,Versión inicial,e90302d8c4f552f133b74447a02f401bdd2a2bdd8e5d19466f654b21bd6e6555
V000087,D00087,1,2023-10-24,U06,Enviado,Versión inicial,b846c32324eb927cf61f50753a6de9f2eb53756d2df166e7ef8f22b8d15d1c68
V000088,D00088,1,2023-09-09,U14,Enviado,Versión inicial,9f020ed7ecb305606e694a24994591cd1a8ada649a6e2275a0a0b51dd71154c5
V000089,D00089,1,2023-10-02,U14,Enviado,Versión inicial,08b3842ef68c96033246db7ad89ec927d10364e64844c6caa452ffcb8fb60280
V000090,D00090,1,2023-10-03,U08,Enviado,Versión inicial,4b875f13ea2f476898d10c0daf66fde50338b13d623229fcce4674fea0317cbe
V000091,D00091,1,2023-09-28,U09,Enviado,Versión inicial,e828bccb2628a0c4683716f7d302c991d70ac0e50e6807e952c09626ea93e140
V000092,D00092,1,2023-10-20,U09,Enviado,Versión inicial,0935797fc23fe68e2417e049536f809e328f886119ed25a0d6532780b10838bf
V000093,D00093,1,2023-11-13,U14,Enviado,Versión inicial,eae783e026abc9fb4e7c804d440d69f9901a95802a6e88b526fc7b6c8562355a
V000094,D00094,1,2023-11-05,U09,Enviado,Versión inicial,bbb81ca2f9b34090fb27fe96bace0f3477ca278017f58af2b8265d433ad81598
V000095,D00095,1,2023-10-08,U11,Enviado,Versión inicial,33d888c8b25a45e71f0822f9d868db3e8e77eeb120bd1dadbfcfe4206d7669be
V000096,D00096,1,2023-10-16,U12,Enviado,Versión inicial,905b5e4fc19c1215a38d1f835ad135dd8dedfe4729c90f0c04a3ef980ecb444b
V000097,D00097,1,2023-11-03,U12,Enviado,Versión inicial,19606da82884758da4cf82772273507751ac7bae7521764825f6abf68905f7d7
V000098,D00098,1,2023-11-09,U03,Enviado,Versión inicial,4429afcc1d6ad72950a0062fd7e7033fcb659ca5ada98a973bbd387d3aa86dea
V000099,D00099,1,2023-09-30,U04,Enviado,Versión inicial,65beb4912ae8f75908d4c340dd52bead52aff1e1b6c61414e0e4e969f08ab144
V000100,D00100,1,2023-10-23,U02,Enviado,Versión inicial,2002ba4433f4705e26858580c1b7fec816f887af97b398c89094896b8525d2e7
V000101,D00101,1,2023-09-17,U03,Enviado,Versión inicial,4b788ecfb0bf5d9360588267f93a74d4cc3719141312d4238ec38077304f3124
V000102,D00102,1,2023-09-23,U14,Enviado,Versión inicial,7e8bb96409f66b2826e625bc4444a7f3c7a15bdf8cddaaa0d03a1ccd86d58528
V000103,D00103,1,2023-08-28,U06,Enviado,Versión inicial,6fe6ad3e748a04883fb901b64b9d35ac2564761f448f463a915c2ae3a14433e4
V000104,D00104,1,2023-10-12,U09,Enviado,Versión inicial,7be9e907116d1c0570818c06c1463b05e947bda128094fd6b4d2402490f17774
V000105,D00105,1,2023-11-14,U08,Enviado,Versión inicial,81ed2648b6af3a2cc7a535f9f5832bda98bec7606089af26971353bf79939b62
V000106,D00106,1,2023-08-23,U03,Enviado,Versión inicial,9f43ef9f6065ee69d1cc0fcf53737b9ccb025411f6a652ff629fd8e8030848e8
V000107,D00107,1,2023-11-09,U03,Enviado,Versión inicial,e58de531af3763f54320930d5dbb06565b79b9cbdc31b77a1e05411ec29dc52a
V000108,D00108,1,2023-10-20,U02,Enviado,Versión inicial,8ebfe698f6e8b28b719214b6513bcb22c3f4c9b923dd202074533cfecdd6217e
V000109,D00109,1,2023-09-19,U05,Enviado,Versión inicial,12b45592c9b6f213b62bec8da07d8080f092ed7250e487229fd07bacc08f1af0
V000110,D00110,1,2023-11-24,U05,Enviado,Versión inicial,2139880d3d759f22d49853b61f929c08f5bd641f61b0508338595ec8da846a7d
V000111,D00111,1,2023-09-29,U04,Enviado,Versión inicial,ef2cbe29fbc1cbaaa629cdd145fec0880aa1b3bd19257ab6ecd6ae9cc32029eb
V000112,D00112,1,2023-10-24,U03,Enviado,Versión inicial,37463af4edb365d360bb1eefb681d9c7304091dcab634fead710b9fb2af46c0d
V000113,D00113,1,2023-09-29,U04,Enviado,Versión inicial,2dac43d25d2b41f299ee71467ebe8b829205f44ba0e97ad139dbf354f61a5db7
V000114,D00114,1,2023-08-20,U02,Enviado,Versión inicial,2216522073e821765563b0e2f0e8cdc39cd5ae8ebaaca5c813b626bbcb65de55
V000115,D00115,1,2023-10-22,U04,Enviado,Versión inicial,363133665bd09b4edc68e2049e2e1af69cc58f896b998283ca0067e8f57bccc9
V000116,D00116,1,2023-10-21,U13,Enviado,Versión inicial,721dc75a8cdb86f6b004f0622da328b4433e61fe776af91aeb0b53edee318b5e
V000117,D00117,1,2023-10-08,U14,Enviado,Versión inicial,aa344fa835f807666ce791a781bb8005732a09afef1c40b0ff9091ea1bab8733
V000118,D00118,1,2023-11-04,U08,Enviado,Versión inicial,15869f32cbcd7cba4d29c81262ae29b3bce2f98052a4ed15c2c3920f0840563c
V000119,D00119,1,2023-11-17,U10,Enviado,Versión inicial,33f6dd18d238f4d6f844d96f404910bc659b2a9995b6c0bab81afcd0a6319d9b
V000120,D00120,1,2023-09-08,U10,Enviado,Versión inicial,cb89d9e81029862ccef6dc175e6df18a28184404668ee81b92e9595aa09e4335
V000121,D00121,1,2023-09-25,U09,Enviado,Versión inicial,79f6748e3838dc4a01eb501791620735b98ec14665c75881168ec37f0f0f6807
V000122,D00122,1,2023-10-06,U06,Enviado,Versión inicial,52efa87b702e59d0e9ad0fdfed2819a9c67f49cd1cd60c963b3c96a25ea3d163
V000123,D00123,1,2023-10-29,U10,Enviado,Versión inicial,35c4d32c3cb1de643446c9cddc7864bfebd2858b5f6069f0725e2de594f97b31
V000124,D00124,1,2023-09-15,U10,Enviado,Versión inicial,387032384186b3af3de5772f6981e4dbd46dfee3121c355ff1370f2c83c18c6d
V000125,D00125,1,2023-11-18,U08,Enviado,Versión inicial,ddacaf177c2f8c0d5dcfdad207df22c9e3d359a2741d5625a0e4501c3f98f5bd
V000126,D00126,1,2023-10-22,U07,Enviado,Versión inicial,1309189ce2acc367f0299d42a8597af59f83f99f2555a4db1fba9b355c03fd41
V000127,D00127,1,2023-08-18,U07,Enviado,Versión inicial,f20810d2bf7b643a162487836cc463d896e23e1d66971fa8f064b1abf90c1044
V000128,D00128,1,2023-10-28,U14,Enviado,Versión inicial,2232adec88c1ad1fe7ee989104a492edee2c601b0998ecac605a3339168468a2
V000129,D00129,1,2023-08-21,U10,Enviado,Versión inicial,139f1b4d954ef620827d125d6e50d94f58f19a839a9556c378a45e5a936b58a9
V000130,D00130,1,2023-11-20,U09,Enviado,Versión inicial,504c35ec078994aeafe9834d7529db820667b971c71fd2e79b7dec103e903bc8
V000131,D00131,1,2023-11-06,U11,Enviado,Versión inicial,986e153037b10a1b4e29c70a6c3721d3dfff28d57db7b03c3b8d35da328089b1
V000132,D00132,1,2023-08-31,U10,Enviado,Versión inicial,0b369eca66d5320c29a5c92a9b62feb28d3505b4f752d1dff3e595fa20cab08e
V000133,D00133,1,2023-09-06,U12,Enviado,Versión inicial,a42fda413a447cd46a89d9a134b783f6276a6880b9bfc4760c11d27ea7635f3f
V000134,D00134,1,2023-10-04,U04,Enviado,Versión inicial,611010bc18b4d732bea97ff4d1e97bcf883be86d4dbc448bf04237316655edac
V000135,D00135,1,2023-11-24,U05,Enviado,Versión inicial,e26992b67ad79368eacd4a393d37009fbf0d587f7cc17ba1c98c7f9372d8ff06
V000136,D00136,1,2023-10-09,U04,Enviado,Versión inicial,a5bba7e4707f9da9f0491e4be5549be0d812ef3c39547b296497dc49383a46a0
V000137,D00137,1,2023-10-21,U09,Enviado,Versión inicial,9a9ddcf51c67e5681c9c1ae39a6d8299868d50152882cbad2f9b2ef94bef11b9
V000138,D00138,1,2023-11-09,U14,Enviado,Versión inicial,b4377b3fcdabba67568de56116b74e28e99d5148bcd56b74553e135e3b9fef74
V000139,D00139,1,2023-10-31,U08,Enviado,Versión inicial,3e5a51e643965a7601912501ffdb41d0896b304024a7a7d2f9eeb3822891df1c
V000140,D00140,1,2023-10-15,U02,Enviado,Versión inicial,937c41e662ec4e3a4ca9883779213699f162bd102a52c781a1552eb40d2341a0
V000141,D00141,1,2023-10-31,U05,Enviado,Versión inicial,5c1e032158fefbe338b3134875200d83ef56b257b13fa3d66287aa64ef64d86f
V000142,D00142,1,2023-11-06,U05,Enviado,Versión inicial,2a4bece25ac5aceb9bf99f4d33665aaef6cd57a56115b4c39f382db9e2a8ec1b
V000143,D00143,1,2023-10-27,U09,Enviado,Versión inicial,af80c1a8caa70a46a03727ce78e118ed55ab59b01daa5b9964bdc8537ea05086
V000144,D00144,1,2023-10-14,U07,Enviado,Versión inicial,1a3918a32795be3a3b06141ac25068effe361580f1e0f5b2278090a15b202912
V000145,D00145,1,2023-10-24,U03,Enviado,Versión inicial,59fbd82a287d7c7d79bdc6f7402420cebd2cff4db0ee4e518605ac5bb21b612e
V000146,D00146,1,2023-10-18,U10,Enviado,Versión inicial,7f8b8c105c4705d9219043dcfbbf671c53bfa4d34409bf29e0c6c684f9b61721
V000147,D00147,1,2023-10-28,U10,Enviado,Versión inicial,d15f71935440a67640d4586bf11f2c68eff44b3c7d000e93d6ca5f3d67ca9218
V000148,D00148,1,2023-10-15,U07,Enviado,Versión inicial,785117c4e08c628c0e560bd2c6e781e57cb91cafd1ec4b32b0431b4225307240
V000149,D00149,1,2023-10-27,U02,Enviado,Versión inicial,e9e8710d7b1a717d0e2f661896ddcf2df501ce00e5a73f59a386160fd247a164
V000150,D00150,1,2023-11-26,U03,Enviado,Versión inicial,3766181ff3b138772e15df1214a9fdfbe3da1ec1a2c1b5af2481e23f3720e3fb
V000151,D00151,1,2023-11-13,U02,Enviado,Versión inicial,3d99710978449583eb02e50ae84dce356f004b949369d246e3789a379f085822
V000152,D00152,1,2023-10-29,U09,Enviado,Versión inicial,c721e66d90a9dbd290115d41b97f8364bbbac660dcdeda3f03972d92e13adcfc
V000153,D00153,1,2023-11-11,U03,Enviado,Versión inicial,54f5e5276305febecacdc14c787531c508489b23c9afacb473c51f6fbd91826a
V000154,D00154,1,2023-12-09,U08,Enviado,Versión inicial,bc5d76f94311fce533b425c2102c5a671a5fd767027ae0fadd4e9cb85411012d
V000155,D00155,1,2023-12-03,U14,Enviado,Versión inicial,ac7101c9167fc130b69096a461f22716e2824d395173eaf9efc94bff40cf0b64
V000156,D00156,1,2023-10-17,U02,Enviado,Versión inicial,a76655a62484cb8772f59132fad89e9b629858f034188b420da7fab737865670
V000157,D00157,1,2023-10-22,U03,Enviado,Versión inicial,3ac01a15c2a20dd0373cd247624c0bbffb8fc05dff815e96f52173d35ec64b9e
V000158,D00158,1,2023-11-29,U05,Enviado,Versión inicial,bed162e83edb5b39c15932aa9a8f541bc9d4b0e2e5b003fec158ef8913ac05b6
V000159,D00159,1,2023-12-05,U04,Enviado,Versión inicial,d081a21f2b583ded227a46e2224c15d916583ed129878ff27e57b461621e0c94
V000160,D00160,1,2023-12-11,U04,Enviado,Versión inicial,fc4084259cedad548757c69b3e9c3e23d74e4078199ca0689ed668ff499e2b6a
V000161,D00161,1,2023-10-05,U13,Enviado,Versión inicial,4301147e85d2c4c4896f6d391aaa4f0082514a40bb59b8a3efed3f7c28484cb8
V000162,D00162,1,2023-11-02,U08,Enviado,Versión inicial,ece2bf091f6885f4c3f40ffb70f8eb069352b9c5abe6a5a90fff2e6182fed421
V000163,D00163,1,2023-10-31,U07,Enviado,Versión inicial,15563c3f2faf7af233854265e11b3b71cb0defd8b67fc3a4be640385f8a03ba5
V000164,D00164,1,2023-10-24,U05,Enviado,Versión inicial,9a30e030618e1acb9fc058d02edffac2fb59d4c2b39fa15acf36a44760a6ac83
V000165,D00165,1,2023-11-17,U13,Enviado,Versión inicial,659f3da2985d17690e8f766f919dcf311bf7144d0bce73793046335b63e9a76c
V000166,D00166,1,2023-11-10,U14,Enviado,Versión inicial,801bc9d114d423a1a34496c0538038229735c1a292a503468e7c7447301cad82
V000167,D00167,1,2023-11-20,U04,Enviado,Versión inicial,c841d4307bf21db92c361d80c58bc757ff5116a856f628b4e327f91270e00fe0
V000168,D00168,1,2023-11-18,U03,Enviado,Versión inicial,02e94e8d45a5270c14cc0b8c870683532a6afa61b478cf1ed43fdc292e9cf027
V000169,D00169,1,2023-12-21,U03,Enviado,Versión inicial,f48790a9abdea39cee1db0e42941e736782c865db7c9c0f8ad078c46f59550bf
V000170,D00170,1,2023-09-16,U07,Enviado,Versión inicial,0c0871648b1b94c9b8548f3b574d4e6a7b75e1dc67e7b1ce31580a95d3e4c475
V000171,D00171,1,2023-09-25,U14,Enviado,Versión inicial,5b8941b77983624c9fa15222959eae06cc22b77d2dad476af5347c06b80bd682
V000172,D00172,1,2023-12-02,U08,Enviado,Versión inicial,eabde61ea75b1295fa1a9e7307567b034c026d50c6b619c7ccb0a26a4e8975fe
V000173,D00173,1,2023-12-01,U09,Enviado,Versión inicial,52bcb94935d5f863f778fee7721dde8edae5a5d12178e93be85fb90446637390
V000174,D00174,1,2023-12-16,U04,Enviado,Versión inicial,564a51bd784f39fb7dcac42ce544653e262bb39b2d9ca749a9d73edcf0cadb2a
V000175,D00175,1,2023-12-01,U02,Enviado,Versión inicial,a8210b43a1392a8b736620478c1289aa173100a057fd8a98d44cbca73c949b1e
V000176,D00176,1,2023-11-03,U03,Enviado,Versión inicial,a84c4183b7d2da2cb367c0f79efc326a959595b208c349893178d4a5c4f4dc3e
V000177,D00177,1,2023-11-24,U05,Enviado,Versión inicial,8df4a08a8bf691b7a2b6c4c14cdf813bf86d5f8d981f75a62fb41f98421d8c46
V000178,D00178,1,2023-12-01,U03,Enviado,Versión inicial,6cca3e1f53b170d52893cce4a819d30887858a763d3c069a88e94eaf33e96d2c
V000179,D00179,1,2023-12-16,U07,Enviado,Versión inicial,fdfa1bbeff7515c8db058cea2ce71f54a6e86c168b0d56e990ff084a71bfc0c4
V000180,D00180,1,2023-10-20,U10,Enviado,Versión inicial,02e8d13bcf31bf3676552e037e7e72574e2954920ca58917b58083e40cc49e04
V000181,D00181,1,2023-11-11,U05,Enviado,Versión inicial,7d53faec61f1e43831c4c2343f65e49beb38782149a825cd7018ba4f142e848d
V000182,D00182,1,2023-12-20,U10,Enviado,Versión inicial,27382e692821976a3916b5f27be416389541727ee26bcc040394c6937b4a5546
V000183,D00183,1,2023-12-07,U14,Enviado,Versión inicial,66d8c9cde105b6fcb0b5a353bf490893d882e480e312d31cf65c00976775e3a5
V000184,D00184,1,2023-11-28,U02,Enviado,Versión inicial,546cda08075f4a529bf1409e4ba536cccc84ae2747aaeed1e7a60f155fe9e257
V000185,D00185,1,2023-11-29,U02,Enviado,Versión inicial,7a43b55101d6bf5b2be019cf8670a2eab75f8adff601a8729d75ad2b34defdad
V000186,D00186,1,2023-10-28,U04,Enviado,Versión inicial,77d5130e7994c584155c584c7d6722cf1e34edf0bccb2e51e118e7c0925f9559
V000187,D00187,1,2023-12-06,U06,Enviado,Versión inicial,8059cbafe968b03ee87a8842c2cdd9ec2710e102e8693c1bfcc54ea4a2e8fb40
V000188,D00188,1,2023-11-01,U10,Enviado,Versión inicial,d7434307877efdc1e11f3e9fc7772d2ba2853d684f09a71aa3748549d94e1cc8
V000189,D00189,1,2023-12-30,U06,Enviado,Versión inicial,7b19db5bfe6a1cd5d78bc928c609540d5599e12df64c3f3d5204bf84897abfe3
V000190,D00190,1,2023-12-12,U09,Enviado,Versión inicial,881b935d31923929adc4df62d4c72fc7000f37b96d37028b2ece68103ff7111b
V000191,D00191,1,2023-12-12,U10,Enviado,Versión inicial,2ef90138a5709c55a68afffc7b1aecb394687012d557ce9c140b6a6bc957f055
V000192,D00192,1,2023-12-10,U04,Enviado,Versión inicial,3652fdd9a1730aebb06f5fad51790a127a373f4eb6c1ac0d170d03664b0e94b7
V000193,D00193,1,2023-12-07,U02,Enviado,Versión inicial,d4674792abcf302bc8e383800e398ef1be8760f086fce5fe2e23bd5112f349b9
V000194,D00194,1,2023-11-21,U05,Enviado,Versión inicial,275bc91b691078c2b68f5b9017ba946761140c82288b07b20e139281f2b34baf
V000195,D00195,1,2023-12-17,U06,Enviado,Versión inicial,60ca9032b8af28e3970876fed0b53273cf9bbf2ec619c059d835f5ce78d381c2
V000196,D00196,1,2023-12-10,U06,Enviado,Versión inicial,d802bf93751c6207595283d91aa4f5753a8870571114a0e5e974536d8ad35b78
V000197,D00197,1,2023-12-24,U09,Enviado,Versión inicial,ca4bed9bfe27c7ed3615b90ba3dd02c76cd76a37d2d8180020570c64d030e18a
V000198,D00198,1,2023-12-15,U05,Enviado,Versión inicial,b959b09b7a1ebd57174a18957a6aebda62dc1a27c8af663926c2147ea0af2cff
V000199,D00199,1,2023-12-05,U06,Enviado,Versión inicial,beadfa5f575fa858a0cb093d4c6580371a11ca783a59ab8cd714e5812fa7ec47
V000200,D00200,1,2023-12-24,U03,Enviado,Versión inicial,53ea633b04269c90aa919588ff7eb6108b2200778fb0bd3f8a03354185ef6dbd
V000201,D00201,1,2023-11-15,U05,Enviado,Versión inicial,b0ea58c0c42248bd5fa96f4aca3e1f5b14517bb335aabde9ca2dc3310d0abcd3
V000202,D00202,1,2023-12-21,U03,Enviado,Versión inicial,6975673f7ded8e16c67341c38ac9bc2580992dcde72bcf7c40fca42bdcb2692a
V000203,D00203,1,2023-11-19,U08,Enviado,Versión inicial,9a638f858f4f34f183f28d12638abf6f8a5b0a985f17af8e082c709ce84425e9
V000204,D00204,1,2023-11-07,U07,Enviado,Versión inicial,3a90c3ccd6740b87d7ae0138cac2380d3b3497a20a80136bf580d102663eda71
V000205,D00205,1,2023-11-03,U14,Enviado,Versión inicial,e168e057e6b7366004e249c4575a0305e48211524d773b1cad447070ba9f8754
V000206,D00206,1,2023-10-23,U03,Enviado,Versión inicial,64b192b0d2a81e5468b5873a9e1ce18b886f3f2fa9ec07127e43a50e33c8aab2
V000207,D00207,1,2023-11-07,U05,Enviado,Versión inicial,13553295075349faff94928fb333df78e68d47d7df47e6f9e862ea940db1af38
V000208,D00208,1,2023-11-24,U02,Enviado,Versión inicial,cd8b54a24ce0e77d2f63cf4eb395160c4a69ca0fccb5209a956f082d500520bc
V000209,D00209,1,2023-11-08,U05,Enviado,Versión inicial,af724d6c58f466927abea13284a89addedfddf475a2f7fb4d156d8a66c8da1f4
V000210,D00210,1,2023-11-29,U04,Enviado,Versión inicial,026899058e19568346b63bcf0c2f9762f1992556c32daca6340f811c674c8b61
V000211,D00211,1,2023-11-08,U10,Enviado,Versión inicial,847ab83bd256ed579b96a72dad6d1e98a9c1950e47358bf22d6c691e069ca763
V000212,D00212,1,2024-01-03,U10,Enviado,Versión inicial,f2d89ddee28a2c3a9aac8cf238217b270cccac9dd59527d537e2707389e1a582
V000213,D00213,1,2023-11-06,U07,Enviado,Versión inicial,2dda7111562a04e0547ad2114afa7f966c38769d95dab9d741ae5032f1fcaed6
V000214,D00214,1,2023-11-27,U09,Enviado,Versión inicial,112197dc3517979a614bcfe4ceae0a56d580323402836e90cff2df776b9202c6
V000215,D00215,1,2023-12-10,U04,Enviado,Versión inicial,210f8f1b37282f6b2b63fd84531edb08afd2078f106c4edd7bf61c921487d055
V000216,D00216,1,2023-10-08,U05,Enviado,Versión inicial,5802d6c23e5e373c3381c370e13f59a8126f7ce4bf8b0cd20756ed6bb5ebf46e
V000217,D00217,1,2023-10-24,U04,Enviado,Versión inicial,303e49709385490e533d810ffd620e305128da33d26b6e2aaa7369c756e5e1b6
V000218,D00218,1,2023-12-10,U03,Enviado,Versión inicial,ee40cb16d19739500a11e48223f103ca42519d49d96232d66a527819db9723b7
V000219,D00219,1,2023-12-30,U05,Enviado,Versión inicial,82fab66d3bd4d6bda594d2ba412ec798cbf92a6e0bf2d49123691d1db04a4c4b
V000220,D00220,1,2023-12-07,U09,Enviado,Versión inicial,b54fda73d190b59e8ec3075e0593e6787fa22c3c8269222b50e6a11554033c01
V000221,D00221,1,2023-12-17,U06,Enviado,Versión inicial,ce015f427e52ca9e8fe103ab311ece4e42af42875e0d604a7842d324a889e09e
V000222,D00222,1,2024-01-11,U05,Enviado,Versión inicial,7f2a53667593d129bba78790cfe5565afbc2d79cb727ad0451fbd61d30c5674b
V000223,D00223,1,2024-01-15,U03,Enviado,Versión inicial,fe0ff30e4938386543f598ca1de8a75ac550c169ba1333e49ed87e82a57690db
V000224,D00224,1,2023-12-23,U05,Enviado,Versión inicial,080c765efaff925d7bb3ae8f3b05db715ed7d0180b79fb8005636fa2a3efc4d2
V000225,D00225,1,2024-01-11,U04,Enviado,Versión inicial,bca1b98a9da28302de7ea0b8b6b2aff92a7affec65d2802bfb5d3d3a20fc49b0
V000226,D00226,1,2023-12-16,U04,Enviado,Versión inicial,fa9fdf3c8c0f550ac815f0b8a36ddf0c7ff33eee3ef5d791c5940f293417e8b4
V000227,D00227,1,2024-01-05,U05,Enviado,Versión inicial,c58f8d46d28c6a79ad6890d2bafc8267aae5384228a60ca3118645f5b76f4581
V000228,D00228,1,2023-11-23,U05,Enviado,Versión inicial,78d3a51840018c60c4c013d3b7141a8d1068028700fdc3407559cd455aa40766
V000229,D00229,1,2023-12-16,U04,Enviado,Versión inicial,446adc07f7570acef332b970cc6e41ab48a387b7efcd98f8e6af212c796366ec
V000230,D00230,1,2023-11-04,U03,Enviado,Versión inicial,8a1ca71950bd7eaf83942b95b9ab66dad13f7ba7ebd8414dd1e352de000aaba9
V000231,D00231,1,2023-11-07,U13,Enviado,Versión inicial,bb5bef4b437d23ca06b40c87f24035d1dc3e71e8ee641134f4a6c63994c3473a
V000232,D00232,1,2024-01-04,U14,Enviado,Versión inicial,ffb280303eff2a74ce43bf1d9d5261c89a8f2a454b1edf7c94d53b0750ec74b5
V000233,D00233,1,2023-11-16,U14,Enviado,Versión inicial,063e13adb4ccde2908d93995e538a1260c1fbb61590371b72920ac00dc482060
V000234,D00234,1,2023-11-20,U10,Enviado,Versión inicial,2d275582829fa3b66fb623120f60531b02e18ca3878c5d71d5d4ddc7b3752aa9
V000235,D00235,1,2023-12-01,U09,Enviado,Versión inicial,22a6b2b57f1455e2cbdf1d07138476e4631a04cbd417882b37269670156366b5
V000236,D00236,1,2024-01-13,U10,Enviado,Versión inicial,5536eb8bc9f60abaf66f69b9ee46aa438fc37ed49deae544544cb2c6ca2a9058
V000237,D00237,1,2023-12-27,U14,Enviado,Versión inicial,1df8a15ecc15cbd975bc452666cc410e0c199bf10877a2ec5c76527bbfaf6702
V000238,D00238,1,2024-01-01,U10,Enviado,Versión inicial,707a864e5e906949b469e43719a3102e696d5a17bdc76ba79ed04a4439790026
V000239,D00239,1,2023-12-19,U09,Enviado,Versión inicial,d68fddc70e04763dc6f3cf1ba4d9c25d622fbdd13a628aba31606eeb51ed8e40
V000240,D00240,1,2023-12-02,U06,Enviado,Versión inicial,30b17b74e2b8ffcad80a96ed7097c08cf9eb1398c5e2575199c934c36377e0fd
V000241,D00241,1,2023-11-24,U14,Enviado,Versión inicial,430f81563b36b2aab41f1728efe3bf62fc4c2854ba1a65c99c469cc0ad23fde5
V000242,D00242,1,2023-12-13,U14,Enviado,Versión inicial,8d1cec1c591172fc1be2a11854ad15c1507c30227564e8c5038a2c52e9e4f576
V000243,D00243,1,2024-01-13,U07,Enviado,Versión inicial,6af3f278a3d0d87712d9061beaf06e4103a67bb3ed6dab47a971b103e4daa125
V000244,D00244,1,2023-12-04,U09,Enviado,Versión inicial,f4ecdaab02c4ce92872ff1f75192742ff71b563dc1a624bba75fbae436d0f8cf
V000245,D00245,1,2024-01-04,U10,Enviado,Versión inicial,b7a364d75ea54356b921d4d046692599379d995d87263d928e8ad85d835dbc75
V000246,D00246,1,2023-11-23,U12,Enviado,Versión inicial,fa7cf8d0973d063405161657ec6bdc2bba5d1d1e50a633fe81f39462dd5434d6
V000247,D00247,1,2023-12-18,U10,Enviado,Versión inicial,abfcdab408db7acc9f126a8ac4eeb6f60068ebbc4fc802d8271cfb9526492847
V000248,D00248,1,2023-11-27,U11,Enviado,Versión inicial,e7aefce44808c6f9f905f0041bad0b6ca43c04a12ddf6f7af72635701e667f2c
V000249,D00249,1,2024-01-20,U03,Enviado,Versión inicial,abcfe0306e61a068c6c239c5d16186151fde4f2aaac02fcc547e538a9faa40f8
V000250,D00250,1,2023-12-30,U04,Enviado,Versión inicial,c0c8cbf70be1622959a05d4650aea2e746598fb7825e0758dd51e14111ee405e
V000251,D00251,1,2023-12-22,U04,Enviado,Versión inicial,6632ab9347e814385a259bc9b25063314ecdec242b4eab097394d7b1ac4eb472
V000252,D00252,1,2023-12-28,U07,Enviado,Versión inicial,48bb4fb19eedc2b11258a8e8b0f30cf424b3c15381ade3717672b3aafc663c83
V000253,D00253,1,2024-01-23,U05,Enviado,Versión inicial,56c8cef8cbfa022c5403a46cb1404815e987acaa11fe897261d4fadb6d48d1bf
V000254,D00254,1,2024-01-10,U05,Enviado,Versión inicial,c4723ad9b7ff19f9935bed70c2e9179b15517c6005db45b83c5d2d8700b64940
V000255,D00255,1,2023-11-23,U03,Enviado,Versión inicial,286df426a7b8c8e5a8aa3449c60bb603e7f40e6ee9cda907207d90f9c7d971d0
V000256,D00256,1,2024-01-03,U04,Enviado,Versión inicial,3bafb433c32457cc93c32f5b75e92c6702e91ab30f30fc9b677bcef6817a54ef
V000257,D00257,1,2024-02-12,U02,Enviado,Versión inicial,f20498cc5e9dd062c9b798a7072901ee2feb51a58372161dd8ec861e90ef264e
V000258,D00258,1,2023-11-09,U05,Enviado,Versión inicial,27b94dd731d1b308fbcc674b32071cf225ba1b99da13b858eca20391cbaa0066
V000259,D00259,1,2023-12-19,U05,Enviado,Versión inicial,a67930130890e0133601d5b7a118a28476b2c09e0aa150f274974415e5ead337
V000260,D00260,1,2023-11-29,U03,Enviado,Versión inicial,dfa163438681a0700ab4f85058136e167b9c7ef78d51fe5de33a3d5b5d5ca302
V000261,D00261,1,2024-01-30,U03,Enviado,Versión inicial,6ba8e873cebaac4c3aad1e0eb491543517bdccae1513af0406a9fe2c3aef1866
V000262,D00262,1,2023-11-07,U04,Enviado,Versión inicial,3755cadcd92917df01d08e5f307c44e5a6382346493331b41d196d613fde85c4
V000263,D00263,1,2023-11-06,U13,Enviado,Versión inicial,76584b1dfdf521f48c52c96d210819c5d11b5eb1f4793873ee677d458dc9c6dc
V000264,D00264,1,2024-02-04,U14,Enviado,Versión inicial,305da4f7b1bc3062a8037faf4717f2b15589005885eb077d626c38debdaf2a7e
V000265,D00265,1,2023-12-22,U07,Enviado,Versión inicial,cd109b57e2d94b31234b6ebb212c1ffddacbddb31024be06df63a6197b550882
V000266,D00266,1,2024-01-21,U09,Enviado,Versión inicial,b262760fa33836b0547b9ce1cec9f2aed5dab15e8b8b46313a10f2ec7dca9ca4
V000267,D00267,1,2023-12-01,U10,Enviado,Versión inicial,1d8f27f9b359fd4811dddb976f9c9fe65c9bcbc684127fe6a2bd0bf601d0cf35
V000268,D00268,1,2024-02-05,U10,Enviado,Versión inicial,5dc74dc26e378087d9040202dfe7693fb2e4cd308b66de26f00e8e2a77cce0ac
V000269,D00269,1,2024-02-25,U06,Enviado,Versión inicial,991c402747a805943d4ddd4bf332df5dc0da00f3a59071941d749282ef91f68f
V000270,D00270,1,2024-01-23,U10,Enviado,Versión inicial,3d506733e6f8d0aeef8cdbf9a011562e306705a7aef7a6da4a98ff5aa47b1702
V000271,D00271,1,2024-01-01,U10,Enviado,Versión inicial,9c2bfd5e559e2d788224731966161911f3c641b776081b613cde9295627cdfac
V000272,D00272,1,2024-01-21,U06,Enviado,Versión inicial,8ac9e6a495bb9837ec4d812c3c340b4e5efaf1443166ab9a238bafcb982332f4
V000273,D00273,1,2023-12-31,U08,Enviado,Versión inicial,0408495d96b6524f765095abc2a2780f102d904e2876da1a12e2dfe6a6c150d2
V000274,D00274,1,2023-11-09,U08,Enviado,Versión inicial,f9639e51be16cad7f5595b28579d2d36881d8b20537379a94b87f83eb841a3fd
V000275,D00275,1,2024-01-08,U06,Enviado,Versión inicial,bf4c75a03c41fa07cf58decf00ca3553e950cfa4f109212c63dadc030f7b20cc
V000276,D00276,1,2024-01-10,U10,Enviado,Versión inicial,9832c752de57b2add0fa9fe89fda53c41e70595cd3ba5bc464fa1a0ec0e01d7b
V000277,D00277,1,2023-12-27,U09,Enviado,Versión inicial,7059351c5ae477fe977de019a7bb7b6850c09568858e73ab289a6532068ae867
V000278,D00278,1,2023-11-08,U11,Enviado,Versión inicial,bd811ead8f1f2d8be85f67b7fa2c7bfe2e487612eaa472cf2f714d6353e5dbd1
V000279,D00279,1,2024-01-26,U09,Enviado,Versión inicial,212ecd7df644c1d39412281dfa983eabcf93d788d65370ac8ba173cd15a75922
V000280,D00280,1,2023-12-07,U11,Enviado,Versión inicial,4de8ccec577323fac7567b15620eae4fec8df90c34c2a37763aec6fea78810c5
V000281,D00281,1,2024-01-07,U02,Enviado,Versión inicial,5c7571b7bad0f513926271b070c7be065c7956e114249035b2856be034a65ddf
V000282,D00282,1,2024-02-24,U04,Enviado,Versión inicial,fe00fca84ce4aef87c77b0f6dc6444ed2bdea9586e1171339847f9a5c021211a
V000283,D00283,1,2023-12-26,U03,Enviado,Versión inicial,b46e71b4a00b9c11cff4c76308a99d1c67ca2a3db51bae82e69d22c2e4fe3301
V000284,D00284,1,2024-02-18,U10,Enviado,Versión inicial,1e315f60a3d1f19ec750e6639244283d4170d84d3dd398acc37f634677d1c337
V000285,D00285,1,2024-02-18,U02,Enviado,Versión inicial,7c8d986182fd6eebd42783969344a91c13abd111e4c24a78a0dc897679a2431f
V000286,D00286,1,2023-12-15,U08,Enviado,Versión inicial,a91f5c09633a590fd0f662c6d94237b94ae3ab34972a06a64eed80d467468ad0
V000287,D00287,1,2024-02-06,U05,Enviado,Versión inicial,15c6e4a9c4d467738e4042a08d59baecce673a84fa03b861a1068cfb16f8b178
V000288,D00288,1,2024-02-15,U02,Enviado,Versión inicial,d510874ed3dc2fe2191e859bfacc943641cb18a9a6908eea251f726881b59232
V000289,D00289,1,2024-01-09,U02,Enviado,Versión inicial,0ca6beff10988c932e9e046cc8f73321a9a860d359166f707018c11131752f84
V000290,D00290,1,2024-01-30,U04,Enviado,Versión inicial,1871055f902288b4317ed0d7ed160be2e8b84e3b9efb5a7bf9201678f40bf08d
V000291,D00291,1,2024-02-15,U10,Enviado,Versión inicial,7433ec6b66f8a98d4f881263228d6c6b7196529b8fd582b7ebeaa52b269d1591
V000292,D00292,1,2024-02-21,U08,Enviado,Versión inicial,3bfb69425b5b59d1c5b2235e6a6c92266959eb41534ae01812f0cbe9a5f3a376
V000293,D00293,1,2024-02-25,U10,Enviado,Versión inicial,23fb15230e864c5fe0fa27edae6f6e1defed11669e46381fbf4580da2d50aa81
V000294,D00294,1,2023-12-16,U14,Enviado,Versión inicial,42a05721c0c48e4e7a9c6a62d7afbad8b0b3ab249a1c9cf4f1d057f5eb54afb2
V000295,D00295,1,2023-12-09,U10,Enviado,Versión inicial,4728ff803dff12be1e2ac0444678df0f7d0f32c63582883680658703178ee846
V000296,D00296,1,2024-01-23,U04,Enviado,Versión inicial,bfae1f452306ab4de1d88b973b4f1c1a1117c269c594038515fdef080c55e318
V000297,D00297,1,2024-01-31,U02,Enviado,Versión inicial,057ece42d579c13dae153b0aa00206970f66882d49052fdb2231ee1d89020fa6
V000298,D00298,1,2024-03-12,U04,Enviado,Versión inicial,884a1d36938c5e8f522910852458a268c982822ff0188797e593a9cec48aa3ab
V000299,D00299,1,2024-02-29,U06,Enviado,Versión inicial,8917443bdf784c2b02b6c0fd4d779f9a0313b74de36a93acfb3669ab9f8e5c18
V000300,D00300,1,2024-03-06,U03,Enviado,Versión inicial,465dd84603d0f2e7ce57483dd72fc6d92014deb201950be3a713f9537d4a0001
V000301,D00301,1,2024-02-17,U10,Enviado,Versión inicial,7e60bfeeea2e474918b63a46538ef07e1df6bef6675aac324f0564ec6bd8b8d6
V000302,D00302,1,2024-01-25,U14,Enviado,Versión inicial,9ca665f7d25e6b73007d96f820c421783486bf43efc729a6159d960d9a07a09c
V000303,D00303,1,2024-01-18,U04,Enviado,Versión inicial,77275488722e398d8344ba91dd2de50c0e17a77e7e0a003a821c1feba9c79e61
V000304,D00304,1,2024-04-07,U05,Enviado,Versión inicial,44759ad464ffa92f35b4b0f242e469b7ad81e2fb1ef32cd4ce04ef67de3335dc
V000305,D00305,1,2024-04-10,U03,Enviado,Versión inicial,d6f1abab69d2d076ca34f8e2ee8359f305de63c76d5dd001c58a19626f1ef9c5
V000306,D00306,1,2024-03-11,U02,Enviado,Versión inicial,eb7543b2f80fe161d79909d02c252ae92707fee4ed8d0754bc7b9e9d0de02d1e
V000307,D00307,1,2024-02-16,U03,Enviado,Versión inicial,0787b4764a73237f00ab44b80b73e30e2c24c01a7c1e2f58b4d608304d0d65c4
V000308,D00308,1,2024-03-12,U03,Enviado,Versión inicial,23f70bd64abf4e685ba63c743b1016e03c75632f54c5fa2be2e549771deb75fc
V000309,D00309,1,2024-03-22,U03,Enviado,Versión inicial,4dd90750367d1ea723ae82f5242d578f7c75c1ce1a6a19ad7173adef824ada48
V000310,D00310,1,2024-02-29,U02,Enviado,Versión inicial,9b01de66ca99ea7c202c01b5e68f8b3db827703b9bc10f8e8c4a40f20f3d0ce7
V000311,D00311,1,2024-02-29,U02,Enviado,Versión inicial,42a55e7dee73209438cf53804a12217893f9ff1b99653b69026b507c80956c8f
V000312,D00312,1,2024-03-04,U02,Enviado,Versión inicial,78dacb1fbdd4d07e357296f4b387b3ea0590b5073a9fbc2ee93eda62f296cd5e
V000313,D00313,1,2024-03-08,U13,Enviado,Versión inicial,7cd8a1d5b991af2082718f883a0adb90bb5b0bd8a4a5c8044f7cdc2c33e33eb7
V000314,D00314,1,2024-02-19,U06,Enviado,Versión inicial,26580a39994f797bb6015fded4a17ce693506bc06047e590c2525611dda0c8b6
V000315,D00315,1,2024-02-01,U06,Enviado,Versión inicial,35c0854d751c4ccdb0d43c7d5f05a14705ff30247910bc50ee27545ea8a1aef6
V000316,D00316,1,2024-01-29,U09,Enviado,Versión inicial,386da33f7d845d4373279ab580b25123ee76f3f9ce90560942684cc5a18c7d6b
V000317,D00317,1,2024-02-11,U09,Enviado,Versión inicial,50c4e3c31630ad113947f8289ffc41b15573ede14fb11bffc5b6c55a7db1f24c
V000318,D00318,1,2024-02-22,U09,Enviado,Versión inicial,6ac3bdb9f0896022df8d5ba561f8dc2b1afdeacdc15667fefeda549fa1f51c88
V000319,D00319,1,2024-01-22,U06,Enviado,Versión inicial,58b639e07af50ed25afeda4f352b5df24df55706a7653bd868d0ee6e471c605c
V000320,D00320,1,2024-03-09,U10,Enviado,Versión inicial,55912fcfdd43b2f36ac88d47206b24fe8a20a8092a559b9476baf8a9be9d14d6
V000321,D00321,1,2024-03-16,U09,Enviado,Versión inicial,fda252952b1cf74ee73cda3c69ad2edb17de31bbe2a33fe48f1c3057d4d417f6
V000322,D00322,1,2024-03-28,U07,Enviado,Versión inicial,ce03fdda0757dc3a2d8141352ca92790e103b9b7b552021e688b18d911fe3e3b
V000323,D00323,1,2024-01-23,U06,Enviado,Versión inicial,a6bb8cc235fa92813415806281985acd5094e7a4c4bf3a07403c9a98d9a40e96
V000324,D00324,1,2024-03-28,U08,Enviado,Versión inicial,c69eb2e20ca41138187629dd544efde25b965fd4ef021ba9c79143d81467bc54
V000325,D00325,1,2024-03-12,U08,Enviado,Versión inicial,f0a746a5bcebf70e113e0290f00f768f01c94e189038d2620e36bcff1cf7d806
V000326,D00326,1,2024-02-14,U10,Enviado,Versión inicial,fdc1724e27e88cd844930edbb473f92937ac95fb52c171f789349ffec311e49e
V000327,D00327,1,2024-03-01,U09,Enviado,Versión inicial,69bfae77b7822db3f07c025aab924bdcd2aa097ae0d00e059e97910926f8748b
V000328,D00328,1,2024-02-07,U11,Enviado,Versión inicial,8231be4a044335bd905bcee045e47816f283d12356cd96331a9180c5ef334728
V000329,D00329,1,2024-02-11,U10,Enviado,Versión inicial,a1c32d684a4457ab1843fa7e05a4258f7487abed3df283af136668f30cb8ef5f
V000330,D00330,1,2024-03-16,U11,Enviado,Versión inicial,c545d9fd4c6435e0c403574af3d13b26f54b86ecfc7dd6d2f232997abbcfa5c8
V000331,D00331,1,2024-03-23,U04,Enviado,Versión inicial,9911fe7e1bf1ac7865efd9f388e38a72ba5c658215b3a9133f0491d5d3e6866b
V000332,D00332,1,2024-04-16,U03,Enviado,Versión inicial,d6ee3284a94faada06f98c67efd1f9aad0a3e580887194f38525b7287ae21b6e
V000333,D00333,1,2024-04-05,U03,Enviado,Versión inicial,4b9eddf25b39cd03b82d63dccc0d0e69228dfa606fedc05955329f54042ea08c
V000334,D00334,1,2024-03-19,U07,Enviado,Versión inicial,440d73c70b33ff0b7ed2ca0a6c54ede828bb1041518cf99343cf3fd69f7fdaab
V000335,D00335,1,2024-04-06,U09,Enviado,Versión inicial,b303e43acc23766c332bd28f33b5f73c42373ed8b7b42b0be5d6d97c1021875d
V000336,D00336,1,2024-04-11,U02,Enviado,Versión inicial,84e9b7abd8e59c9fd785fc74ceb6c9d1a7c65fad8984af840c1f2ffc2d802d90
V000337,D00337,1,2024-03-09,U05,Enviado,Versión inicial,ca7f21e9af9dce058d43e2f6de7adddf0ed76cee116db9a5ac7216867235980f
V000338,D00338,1,2024-04-07,U02,Enviado,Versión inicial,1ee670720ba0fa6abe6660dd16462b64d080a227fe80cb2e2eeb7f4a5e8326ba
V000339,D00339,1,2024-02-18,U05,Enviado,Versión inicial,a93cdcad3b5e138357666620bb0373adaa4b371a31730fef18779cc839eb7a4e
V000340,D00340,1,2024-02-22,U10,Enviado,Versión inicial,a2a400137103cfeb4ad0aa750625370ea61db06a9585e03730bd574665e91186
V000341,D00341,1,2024-04-08,U02,Enviado,Versión inicial,9f6b1ec29096effeae115990eabc2d53e62d6e9ef67367c33e6bde163755af08
V000342,D00342,1,2024-02-10,U02,Enviado,Versión inicial,c5db59730b2f7de958afe101763e187618a0a740da2edca46cd8a9460ad5c451
V000343,D00343,1,2024-03-29,U04,Enviado,Versión inicial,b10dab6b5dfead9b04c2a188081daae43cffb33ba9412b0fdbe9c0d734aa5a98
V000344,D00344,1,2024-03-11,U07,Enviado,Versión inicial,0533e7ae9bd4a184d5af210a080ed839784811215eb4b40c1a5f8b60b1f4d2ec
V000345,D00345,1,2024-02-13,U08,Enviado,Versión inicial,3fa1c07ceb18741345a09e84fd5c21699c8828f778f414b7dc45c33c6454f481
V000346,D00346,1,2024-02-08,U09,Enviado,Versión inicial,bf49cca282fdc314cbf02485595cf75e3690524bf23357c24560e03ea11c40e6
V000347,D00347,1,2024-04-07,U04,Enviado,Versión inicial,45bb731acc9fb7422ef47a375124d75c1fc3de6a90f722f507579539bd894a8a
V000348,D00348,1,2024-03-29,U04,Enviado,Versión inicial,89d9af48cdca1105177501dba31d061b4d2000f72049b23851399a66ad703e19
V000349,D00349,1,2024-04-23,U05,Enviado,Versión inicial,b46968611fb682877a4dc2c525c531d16d8a1a04a10cac305f50c599ff9685a2
V000350,D00350,1,2024-04-05,U03,Enviado,Versión inicial,2fdff4a780e44b6acad5e6269128ab5604e625481ba9c93f9bcbcceded271cdd
V000351,D00351,1,2024-04-11,U09,Enviado,Versión inicial,87f7b86c22cf07b4c0d5b4d3715016a238b26cad5489a180e5920d3f54fbfe52
V000352,D00352,1,2024-04-28,U07,Enviado,Versión inicial,611fecf5e4c6c513b8d2724f1a648a4003ec46656b32d9f5cf33bf4249b789a5
V000353,D00353,1,2024-04-25,U09,Enviado,Versión inicial,ce79209ad8a9bf013bba3e042ed1e8c46c90585c2609722d765a0600cb13e9f7
V000354,D00354,1,2024-03-13,U02,Enviado,Versión inicial,83d17cb0105eb6c3f8bfeeba7fd216e0b4e80e92bfe391f5175dc89d1ea54619
V000355,D00355,1,2024-04-22,U07,Enviado,Versión inicial,698d2bd60283b09b9feff5f011e763057a151d27bc3110a69aafdb2a1b48bf36
V000356,D00356,1,2024-04-29,U03,Enviado,Versión inicial,6b641501ee52cfcf002d903124ce8a2e47444e060b885a95dcb1adae985f9d11
V000357,D00357,1,2024-05-09,U04,Enviado,Versión inicial,8eef4847643413bbe1ae057895686deb1b2e9d2824ee0a1c22d51e550be85e2e
V000358,D00358,1,2024-04-17,U04,Enviado,Versión inicial,d984005be578c8ff082f2adb3b00d2e215950982d96318cddbba2b26182e1d16
V000359,D00359,1,2024-04-27,U09,Enviado,Versión inicial,9185a38548bb8726c603c3a5721ee7a5ccbec6e080c80d8482cecad626780afb
V000360,D00360,1,2024-04-24,U09,Enviado,Versión inicial,146938d7762da5267e644ee9352e50247f82cf03e0c2e0a6d46edfb137cee48e
V000361,D00361,1,2024-04-21,U09,Enviado,Versión inicial,bf05262111a5453bda8c839bbf9be19805f6ed9ccb0328eeb8e5ddd00fd2544b
V000362,D00362,1,2024-04-23,U06,Enviado,Versión inicial,55887d1337318f6d5b2c12a53a91624c8aa1d5e489b9b6548bc2db343bec3209
V000363,D00363,1,2024-05-09,U04,Enviado,Versión inicial,ea2a1c37ea0ff31f7ce55393bbee86550a0898ee503a7b9e3775bc19ec8cd01e
V000364,D00364,1,2024-05-17,U02,Enviado,Versión inicial,8aabdb21af313fece3d10330cb627d17270f7a40b99f6043e6d8d97071c8ae78
V000365,D00365,1,2024-05-01,U04,Enviado,Versión inicial,55469dac74c8f1d6427218260052b460e08ae2c8742b146ce70055cfbd938701
V000366,D00366,1,2024-05-11,U05,Enviado,Versión inicial,506bddc4453b80f674050acbfa54784dd2823008c0235242dd2850ec1bfb54b0
V000367,D00367,1,2024-05-24,U04,Enviado,Versión inicial,8878406e0761f3291839b1d24e3966b8c7e8a62a661b8c5710678c0c65207c8a
V000368,D00368,1,2024-04-22,U03,Enviado,Versión inicial,e7bde45d58c40f8be3b37d45974194e8e9a17328accaddae725c041b84a51d5e
V000369,D00369,1,2024-04-28,U04,Enviado,Versión inicial,a76bccccd035a78821d7c9564d04fea1a3402094babdb03167549ac932ac9c96
V000370,D00370,1,2024-05-10,U02,Enviado,Versión inicial,720b54a497d1a3c93a40e1342e4b88528fd6172925fac9825610ef365797029d
V000371,D00371,1,2024-04-24,U02,Enviado,Versión inicial,d09004855ffcee0399c0b7c7e36ab9e43f744f26da05f88b77814afefccbef7c
V000372,D00372,1,2024-05-08,U04,Enviado,Versión inicial,fee73b285a3c11d68feae86698286c2760b39a6f64eead459fcf77d9315ac759
V000373,D00373,1,2024-05-02,U13,Enviado,Versión inicial,aa5a36f3d83646f67c48d0fc1397b08808510c0069edefdff77f409527f29d24
V000374,D00374,1,2024-05-01,U06,Enviado,Versión inicial,4d2dda26e4b38cbe3ec0a5f54047e47fdc3e319a1a29b7dcf2b6817351e9eb76
V000375,D00375,1,2024-05-17,U06,Enviado,Versión inicial,01062011801ead465466db4cf853c81499203b83716c6e55d273253fdb9a2a4f
V000376,D00376,1,2024-05-11,U10,Enviado,Versión inicial,382822b0fb65c15eec0efc413545eee6a802ea9192e2e05aa20c9bbba844f7a0
V000377,D00377,1,2024-04-15,U10,Enviado,Versión inicial,e035d1e03521b9faee2de7eb9f13b88fac5284cfda0aa8043602155788c63d9a
V000378,D00378,1,2024-05-16,U10,Enviado,Versión inicial,ca5514fa3aa3b4fb5c9f4f83bd4dc0e4fa44a42360b051481c54e9bc8121bfd4
V000379,D00379,1,2024-04-27,U07,Enviado,Versión inicial,de31181ae4ab64f4687a52d367840fa1841124e07a2303596783bc813b5ddef4
V000380,D00380,1,2024-04-17,U09,Enviado,Versión inicial,e784eff5b28863afc19ad7a06d6413c01fb3a656595c48be21724c1ef0091681
V000381,D00381,1,2024-04-29,U10,Enviado,Versión inicial,cf70109ecec9ee73629c5c74efcfbf6aac7c921e921a31d0c31a82ec583d5b9b
V000382,D00382,1,2024-05-16,U06,Enviado,Versión inicial,7007042ff16033006f14e47042aa0023f76385d50c2ce053dc52631a54ef08c8
V000383,D00383,1,2024-04-19,U14,Enviado,Versión inicial,fe25d33cd171fcd455a493dd9e887e460a03377a839e94836f986f3c8aa38517
V000384,D00384,1,2024-05-04,U14,Enviado,Versión inicial,f2de5d79de2b08f40258e8e3abc8f4bfe3cf4a2c4cf3be0db062a9483c1f8a50
V000385,D00385,1,2024-05-27,U06,Enviado,Versión inicial,0a45c30b541e94b1854e406d474e3da7ca2f21540b468ce64fe6d80555158680
V000386,D00386,1,2024-04-24,U09,Enviado,Versión inicial,f2ffba2d31632fe7fa5b31e1f7b8fc15b42f7b70e2faefb3fa33b3d4a56bb015
V000387,D00387,1,2024-04-12,U10,Enviado,Versión inicial,8940a9c316cb52ec652ff8d64d93a4865d8f581f632c2eff27c25ec69705ae9b
V000388,D00388,1,2024-04-27,U12,Enviado,Versión inicial,b1f5d808de4ec7f1d0b29084db9e5405e3f8a65bcdde6230a3c6fafe1a8c3790
V000389,D00389,1,2024-05-27,U09,Enviado,Versión inicial,0ea05052c669002ea79a1509ff790784c2886c4f7938a029f7c7e00e5f25268b
V000390,D00390,1,2024-04-18,U11,Enviado,Versión inicial,0354139ccfc5ef429d420fbd4c4fd27739b35e016f6d98e7fef87cc6497db2be
V000391,D00391,1,2024-04-19,U03,Enviado,Versión inicial,6001377f554e5ca2c55175812f1ad0bfcbf0c129f0bbe433af45cb159f204bcb
V000392,D00392,1,2024-04-02,U02,Enviado,Versión inicial,c2bfa9115f2f82c067d05d47f8629f1a02cf93babc6000db8bf4a5fff49326ac
V000393,D00393,1,2024-05-03,U04,Enviado,Versión inicial,75f3625d72a919f66144125eb60d3819743d23606740d444a411207cbe4397fa
V000394,D00394,1,2024-05-03,U07,Enviado,Versión inicial,24a8ff7f0a653274e000252d666558591db616d8bad17973b68aa27bdc251d15
V000395,D00395,1,2024-04-26,U02,Enviado,Versión inicial,e2b722490fe1064a2d1bb8ee78d9fa81630be23288c015fb70244f26dcec3ab9
V000396,D00396,1,2024-05-18,U06,Enviado,Versión inicial,a443372f90afb0740fd089bfe5491075661b0caefda6792cf68c4ad26e6bf9ba
V000397,D00397,1,2024-05-09,U04,Enviado,Versión inicial,9c3725418e00f0a4784a51914edc452de17abc9056ddb69bed29570839b80ff4
V000398,D00398,1,2024-05-07,U04,Enviado,Versión inicial,52e52d257ddff30664a0a5710e9dc114d76d18102354cb58da2fbd8753f7f8b1
V000399,D00399,1,2024-05-03,U04,Enviado,Versión inicial,770cb4f92a691c0bf5e8958fbe14ec2c6576a128dea21e2117d4cf079770fb77
V000400,D00400,1,2024-05-08,U10,Enviado,Versión inicial,b29bc29462bff0622be3b8b44e72749bc41671834374527791af8ae703a75414
V000401,D00401,1,2024-05-01,U08,Enviado,Versión inicial,fdad282b45d7502e319b33c213e227af346c0389758a424e7eabef5135d2ed8f
V000402,D00402,1,2024-04-26,U07,Enviado,Versión inicial,4a7175617389a61a44ad6eb92047a1748782d28bd99af88a94dd2f12a93db92f
V000403,D00403,1,2024-05-06,U02,Enviado,Versión inicial,03ddfa09904ccb794e4631695eeba52aaa266aec084ffa6506f5d938a8259f87
V000404,D00404,1,2024-06-17,U02,Enviado,Versión inicial,97445202f66d1d736d625fd50ee32380aadfcee7abbde9b73f850fe11a2ae26b
V000405,D00405,1,2024-06-02,U05,Enviado,Versión inicial,c7fdfa6fd19113fc444cb6190b4fd0422d01fad2529f77c7b2bc72d4ca76caf9
V000406,D00406,1,2024-04-21,U09,Enviado,Versión inicial,9a8e149021b27dfa9f5f31348d338b03368a3fc53a5e54f7a7e7f33178a557b9
V000407,D00407,1,2024-05-30,U14,Enviado,Versión inicial,a98b0e063a47bd5661ebeaf99a6baeb998a3d39525e921ef8cd1c8054c82192e
V000408,D00408,1,2024-07-04,U06,Enviado,Versión inicial,7adfa993c5a638bd3d003be00bae4436b3ea828fcf2fe82494f7e496080e110e
V000409,D00409,1,2024-06-17,U03,Enviado,Versión inicial,22495c4014d2c88f69eaee249726edd2b5a47d7aa82efc3ede1c5e1dccd4bdc3
V000410,D00410,1,2024-04-21,U09,Enviado,Versión inicial,25f7c93b51f109527192d9781db813910bd48a12114e31343c778c5417027361
V000411,D00411,1,2024-05-24,U07,Enviado,Versión inicial,6b3613d2948816b855db31c868cc74a436c53721e6ac4329eb068f62f92dcbd9
V000412,D00412,1,2024-05-30,U03,Enviado,Versión inicial,bf1bb7490b2c4daac4b5bcb9ec36b370a14cc1523e995a5e5036052bafc88173
V000413,D00413,1,2024-07-17,U05,Enviado,Versión inicial,31a13c5418b6ab8567f2c038605918f41d44561bb26584fff26f7a71f6f9b023
V000414,D00414,1,2024-04-28,U04,Enviado,Versión inicial,91929f212dd73ce1ba1b729eb4b27c6a1cc9a17d78313793966266e689525c95
V000415,D00415,1,2024-04-23,U06,Enviado,Versión inicial,028dc290d434f64400e6da7480f1a69fef54490f3974a37b22643486214574fb
V000416,D00416,1,2024-06-05,U04,Enviado,Versión inicial,0363b7f48765efa59a60ca76f989492d7a108c671e3290d3120c894402c5e663
V000417,D00417,1,2024-05-19,U04,Enviado,Versión inicial,70f06c08892d071f2ae647266435f435caec2336f09610253d5d0745bcd005ee
V000418,D00418,1,2024-05-02,U10,Enviado,Versión inicial,3fcfbda170136a558e5e23410a9204407f3666ce85d6504fe6ecae41e4592800
V000419,D00419,1,2024-06-12,U02,Enviado,Versión inicial,a91dcbac92a32f2b18ddb08c991d54fc9ec153361f5b17abddec697875c265aa
V000420,D00420,1,2024-06-20,U03,Enviado,Versión inicial,75c4cf09d1617d71234d3dd00f945fe4ab5650a1fe659b163e17ff7155c2fb72
V000421,D00421,1,2024-06-16,U04,Enviado,Versión inicial,01f74ce69c374b0366d4f3f43c2357f9877449c1ac562d2b0860e82876552247
V000422,D00422,1,2024-07-17,U08,Enviado,Versión inicial,47a6904eee98a767cfb37873ed948540a8956cc363f3d561e4d517673b595b71
V000423,D00423,1,2024-05-28,U10,Enviado,Versión inicial,20e726ed74f5bd84a7b605594cde685b7b054359d479785f55955b9cbba3ac10
V000424,D00424,1,2024-05-24,U09,Enviado,Versión inicial,a03daf3c36b3e71340325ce308d96d7fa18edd008958be25dae42b8ba6b623ec
V000425,D00425,1,2024-05-04,U14,Enviado,Versión inicial,d28495d38aeeae6f1f66181749ef6212195476c10099a05d0fb33263a9bdabf8
V000426,D00426,1,2024-05-30,U09,Enviado,Versión inicial,d588515b6f026991595726a6ee273f211195e9c03ad3c042676aaf5e7ff84f6a
V000427,D00427,1,2024-06-25,U02,Enviado,Versión inicial,a0521b539f67ba026e04514455aa6cf84524785b6f230b865cf9bcb3538a4b2a
V000428,D00428,1,2024-06-17,U05,Enviado,Versión inicial,467993974a5f2273a39845edd51a0df6eec49c3291fb4f5b846ed9ab0d86a7a6
V000429,D00429,1,2024-07-31,U04,Enviado,Versión inicial,9c13e675780bd6222a3a8c133e9ae29ccd0d082fe8cddc7aefa023e33b282154
V000430,D00430,1,2024-05-28,U05,Enviado,Versión inicial,d5d5ca46e373730fcf6a3003de9c48c6b27085f272145f2cdc120ac1161535eb
V000431,D00431,1,2024-07-01,U09,Enviado,Versión inicial,9d286fc05f0b9941f34db89d37006a813ed171440a2a7e8c722c0fafba07cee5
V000432,D00432,1,2024-06-06,U08,Enviado,Versión inicial,52427d07e40e9e33f317fb486c618d9e338977a3dfc6e1847fdfad4852ac0730
V000433,D00433,1,2024-06-20,U09,Enviado,Versión inicial,297f1a1cf8696533a43d8707aa1430ef8523e08ee8e7eccf3fcc8a09b793df21
V000434,D00434,1,2024-06-21,U03,Enviado,Versión inicial,4afb0ec05e60046f1b01fbc07e89301c7f843270d75ed24a800cf12e528db077
V000435,D00435,1,2024-07-29,U04,Enviado,Versión inicial,8643d69f9040aceebadc2e5be4ac8e1caa9334b4e852c65fe934d718930dbd6f
V000436,D00436,1,2024-06-27,U02,Enviado,Versión inicial,1bba306898b3293c6a5d0489d684f0839bc79b6f23a9e2aeedec0ab963090986
V000437,D00437,1,2024-05-06,U05,Enviado,Versión inicial,1a3896abd34138b8552c2bbbb158419f0d033b3a60eab0fb17e81210fa4828ad
V000438,D00438,1,2024-07-20,U10,Enviado,Versión inicial,2cb842f7371c5e838ac10fdebb6a9c905e564b94467622e52cc0692d949ae6d1
V000439,D00439,1,2024-06-08,U10,Enviado,Versión inicial,799863542e1d1843fb6d6096f23ac59f6b29cff0fa010b7c717c8f4b28e0bbcf
V000440,D00440,1,2024-06-23,U07,Enviado,Versión inicial,e3ee8b26bf723fe9bb8ca622858be3b0ca5595e0fc14c5c27da764e14d47ba5b
V000441,D00441,1,2024-06-26,U06,Enviado,Versión inicial,7c8e3d81be32371cf2de9a960a29ce1a2eb3aa14747339da42553c10d43122e5
V000442,D00442,1,2024-08-07,U05,Enviado,Versión inicial,62cbc68aac1a13f7aa9f5756093bf8254a8e480bc262d3b733d85f799d741bb4
V000443,D00443,1,2024-07-28,U02,Enviado,Versión inicial,bb0219e85e8e71d1118b1b73268f34bba7511bcd8356b4ea662ba1e3eacfb0a8
V000444,D00444,1,2024-06-03,U03,Enviado,Versión inicial,ae91eba767897b3313e3d407618b60ae13f830eda7806943b2436a606db8eb45
V000445,D00445,1,2024-08-05,U02,Enviado,Versión inicial,a6b5a52401fcfbd4833e47592c74a41b4186f60f12b58cc2e3da960657c7ed31
V000446,D00446,1,2024-07-04,U07,Enviado,Versión inicial,aa4f25c437cc0b03528a3c71cc93050177b32997b762cbd47791f6206e2e74f3
V000447,D00447,1,2024-08-01,U02,Enviado,Versión inicial,192b7d03b5b45b51b75f9df483bfdbcaa44db613179b2bd71a03142d683b71a3
V000448,D00448,1,2024-08-03,U04,Enviado,Versión inicial,47e7ddf3893119feb994e0b8c17453eba98c6407b86364cd7fef46e1b068d09d
V000449,D00449,1,2024-07-23,U04,Enviado,Versión inicial,ca467a0bdd358b77f7d87f2dea9024c2c47bf931b9f1d86245cf213edc7d46ad
V000450,D00450,1,2024-07-26,U04,Enviado,Versión inicial,7e9178aedd4f0c8dfb3f3902b11fdf81e40f9b02e66dda646614a1852598b3ee
V000451,D00451,1,2024-08-27,U10,Enviado,Versión inicial,556803efc0b64474a14f45258661b74217e0dd08b4003ed4ee0a0c0904f390c9
V000452,D00452,1,2024-08-10,U06,Enviado,Versión inicial,02585ac4afe21f0687da8568114e2c39a30f8a990a5ec0367f5cfda0e809d5a4
V000453,D00453,1,2024-08-10,U10,Enviado,Versión inicial,c086d15988a3761715175243335cdc78ac72d9a12a16bf4a90815032b603fe11
V000454,D00454,1,2024-08-18,U02,Enviado,Versión inicial,5b06338793f4fb4b46102ac3dd68572f99a530bbedc9c8edc1c8d4ffa797d675
V000455,D00455,1,2024-08-24,U14,Enviado,Versión inicial,c17548bb45deed02cad1e644b09acd48e756492b339ff5a37ede4112ebb7d696
V000456,D00456,1,2024-08-07,U05,Enviado,Versión inicial,45529bf378930a1fea322d23ccaca143bf910fc557f00919d2d4d5ed62767a44
V000457,D00457,1,2024-06-30,U03,Enviado,Versión inicial,4a7ed11386d1bd1c25dd7e5f27c153ba24197268672fba89694f56e813db27ba
V000458,D00458,1,2024-08-10,U03,Enviado,Versión inicial,0b8c3f76126fb142c2033e67a15a0801d17d4e67b34b9b54f2509ab26f33df9d
V000459,D00459,1,2024-07-31,U02,Enviado,Versión inicial,49b77fecbc8f733e6b8bf74429c72238aa5c7c1be31e906c576d6445a03246a8
V000460,D00460,1,2024-07-10,U10,Enviado,Versión inicial,87ed903fb5010e4a1d3318886ff8a47851c1562d7f3c72ab5b74d39bcff265bc
V000461,D00461,1,2024-07-30,U07,Enviado,Versión inicial,f3f0c58d2d6b1a365e3878f84f1e4c0729f8028299a6f93d6d0568ac4143f9ec
V000462,D00462,1,2024-08-23,U03,Enviado,Versión inicial,dc96d6c59bbf098d880ec87a1c53981185b9343d34a89f2179c4b2354efd1df9
V000463,D00463,1,2024-08-21,U04,Enviado,Versión inicial,671930ab5845baba4f63a5099408ab041fade560d7890ab004c3dd2c8540b5f3
V000464,D00464,1,2024-08-04,U03,Enviado,Versión inicial,50c857297d3a9cab4d92c215e99535eee8884e007258328b1958948364a1049d
V000465,D00465,1,2024-07-14,U03,Enviado,Versión inicial,575f054357290f6aa1c5aa73b9c98fed1926de9c51bf8abb8550f003aaa7df32
V000466,D00466,1,2024-08-17,U05,Enviado,Versión inicial,115b2255deace57d879ac5ced78fd0b748c4dee305bd10af97f7eef04de0225f
V000467,D00467,1,2024-09-04,U05,Enviado,Versión inicial,4c2fb2c15fb84924903de23481d42dc01c39cd5bf698556967184526043d16c1
V000468,D00468,1,2024-08-22,U02,Enviado,Versión inicial,9af5b2477dd5d13caadc671185ca88e5556cf19b8af9973ded3bec72149ab68a
V000469,D00469,1,2024-07-23,U02,Enviado,Versión inicial,2b9317413db146568c77b0b471f99125c3a7de2c184a7d50309b7bd059756af2
V000470,D00470,1,2024-08-30,U05,Enviado,Versión inicial,11d191f4fe70d1d625e32f9a39de812e42f687781f2e3b4db83ddad3ee7019c9
V000471,D00471,1,2024-08-17,U13,Enviado,Versión inicial,a2af0287e36b02ee478c85e8662535110cc5c2916e9bb53cab36d7cd43209b2b
V000472,D00472,1,2024-07-26,U06,Enviado,Versión inicial,3358c9c6ec2966729c2c958cf627584cc8ec1d4e15e40c9ae82f31cfe591b510
V000473,D00473,1,2024-07-28,U08,Enviado,Versión inicial,c508bf5752cd754693f797ce79da79ec25a712d9bbd681cb6c2f5c63f3336562
V000474,D00474,1,2024-08-14,U10,Enviado,Versión inicial,fd0088ca0df41706b262765cfaf91b4fb4cbe4ebaf43dd5004c394ba04b07af4
V000475,D00475,1,2024-07-04,U10,Enviado,Versión inicial,6cda0e6db72c72f2c0ceb08d97ea08f152e5ccb13888a062ab648520d3a981de
V000476,D00476,1,2024-07-23,U10,Enviado,Versión inicial,c49e5ea00c02f1bbf8b4f56ae956101e666f379e0360be478efbf576ee3fff7a
V000477,D00477,1,2024-08-11,U14,Enviado,Versión inicial,9e7a666f568dc92c5b6bb2a4aba100642a9d1c5f3c111800660040d515684141
V000478,D00478,1,2024-08-25,U10,Enviado,Versión inicial,c3c5ed6056b10d10c0e303eaabbdb2655a1f06bc2342ed4aedcec8297a577377
V000479,D00479,1,2024-08-28,U09,Enviado,Versión inicial,acc31314375079ff6bcdc2ed41e245633f1a389ea3dce08fc304532fe2b0964a
V000480,D00480,1,2024-07-15,U06,Enviado,Versión inicial,3c4e580659caabc08490ef8f27e68cadd68a7e51d2dccaabf2e881e43847833c
V000481,D00481,1,2024-08-18,U07,Enviado,Versión inicial,d26377466f70bf359fe651f50ac353dcf168ffff8128db2eecd13d6256b538d4
V000482,D00482,1,2024-08-16,U14,Enviado,Versión inicial,503867b149b4baec94beeea45bb94b5ad683afbc90b66c6cdfab5b1865e02a6e
V000483,D00483,1,2024-07-25,U08,Enviado,Versión inicial,aa8ff6fd9a38fd8a3e12cfac3d4647bd89d15e90f89c2a1f2138ba3dff620c8c
V000484,D00484,1,2024-08-12,U10,Enviado,Versión inicial,cccc67d88638633013060bb11662816154aaf94948acb75592c3475fe3e2c2e7
V000485,D00485,1,2024-08-15,U10,Enviado,Versión inicial,0bcab386d2d5658f40148b0d485547ebd853fb67c5f9f2040284b13860d65793
V000486,D00486,1,2024-08-09,U12,Enviado,Versión inicial,af25524d4fd636e7f7814db091124c808cca7bdc0330692640426fefe734e655
V000487,D00487,1,2024-08-23,U09,Enviado,Versión inicial,6347647e91149f4d4a3743322321974cc815a7649010eeb7a8660e52f22fe832
V000488,D00488,1,2024-08-04,U12,Enviado,Versión inicial,2de1ea6d1b8e7584ce599286d847c333975846f322f0d4a0bfac6907010f090b
V000489,D00489,1,2024-07-22,U05,Enviado,Versión inicial,686db2e035e1e0f3c555729e5ed0b0e1ff1ca4bcf7005c64728c729f338f812d
V000490,D00490,1,2024-08-22,U03,Enviado,Versión inicial,d6f094839cde970cc2c900870e53bcaab41fee5c66e2f91ae2cf733f4dd83213
V000491,D00491,1,2024-08-28,U04,Enviado,Versión inicial,a7b8cb14f53ab4c9fbccc3b6f6e266dbbbd0a37c8e0ad4d2e66c97794c6fcc1b
V000492,D00492,1,2024-09-01,U06,Enviado,Versión inicial,41d84c6038e82e0da849230fcb3d1fb84ebf9ed3c34f3663a7e56831ce40110f
V000493,D00493,1,2024-06-14,U06,Enviado,Versión inicial,b4a51fb5aca4dcfa6b375495da759435d13992bfa8cd0148652c9f668afe3034
V000494,D00494,1,2024-07-18,U08,Enviado,Versión inicial,84e110dfff083013e60f2c15be0cc5cecee0cc62d43060291fd2a0746e5f43bc
V000495,D00495,1,2024-09-05,U05,Enviado,Versión inicial,1e828727320ee6059561568002fe215725974d0f8eb41f25130b0f281882b459
V000496,D00496,1,2024-08-03,U09,Enviado,Versión inicial,966e4e800602740c8f124e68c6198e64a7e2ec17bc89883b22c6f3d73bc93918
V000497,D00497,1,2024-08-11,U10,Enviado,Versión inicial,6b1b25dbb7e2b6f0c515a54cfaaee7685d9561b83aa862351ccddee87683ac15
V000498,D00498,1,2024-08-05,U04,Enviado,Versión inicial,3822c047422ac2060d64f424ea37919e22450547618d33258388300d5e10040f
V000499,D00499,1,2024-08-16,U02,Enviado,Versión inicial,643bdd57e2fa14d7ef3d93cd4197b2a6c6b1e8aae6a97fbcaf6d765ecb8eee74
V000500,D00500,1,2024-06-23,U02,Enviado,Versión inicial,901a432446d38eb0a91a91ca7466b4adc4ecb4f890e57309172b64339176faf7
V000501,D00501,1,2024-07-20,U03,Enviado,Versión inicial,e027e16224803568d69968d6f82279bf9982cbaa24064c9089cc9ba10d23e555
V000502,D00502,1,2024-08-11,U06,Enviado,Versión inicial,8bb782d75b8c53b9e4ec7e5cde9c0933f51137f6138794bad82b318d374f97e0
V000503,D00503,1,2024-08-25,U07,Enviado,Versión inicial,38cae4ae63b9a0ca307921f5f6ba1fcb36a6fb752d75d9ca614ba3200ab8df10
V000504,D00504,1,2024-06-12,U05,Enviado,Versión inicial,c627f855d253e72343aef02f672854c31a21cb47a6cf7f12adb1e093e0a1b1ee
V000505,D00505,1,2024-08-05,U02,Enviado,Versión inicial,b64d4113eec1c13f08ca658ebe071584ef79a3b709dec37d39ff1ed1fcb54d80
V000506,D00506,1,2024-07-12,U02,Enviado,Versión inicial,0576317c2e5b0bed9e815661a1a512770be29c70ecc23b257d642261fa39d403
V000507,D00507,1,2024-08-26,U05,Enviado,Versión inicial,3f8e52200591ea2cde579c11b944950d0a7479f3546e1c0807e9908155944888
V000508,D00508,1,2024-08-19,U14,Enviado,Versión inicial,05f4e364b73456cd17f75050aa11daea22ea130dbc57c6bd85f3ecc98b419a2d
V000509,D00509,1,2024-08-01,U04,Enviado,Versión inicial,b135f6e6a54343fca6cfc6c6b18e66687114aa0a5c62421642e0913e1593917f
V000510,D00510,1,2024-06-19,U06,Enviado,Versión inicial,cc315f7e69f467a6b9a88ebd1dad8fc827f846f8f2d2d7cb22e39e72d3516819
V000511,D00511,1,2024-07-02,U09,Enviado,Versión inicial,efad6c4a4de83dece045bb8f788e404ed8079e84c92bec583d85d387810968d4
V000512,D00512,1,2024-07-25,U02,Enviado,Versión inicial,e11b1d572e9e00c4f36f3283ac12caf6d74d7795b784f1402b8913b57e65338b
V000513,D00513,1,2024-07-03,U04,Enviado,Versión inicial,f0664a57c710eaab030f5f918ba546023581a352fd2824b430a0c577b9279bc6
V000514,D00514,1,2024-07-12,U02,Enviado,Versión inicial,a2be21375a974d790c2bb7561bf5814c8ec58382b485b40703659200b284126e
V000515,D00515,1,2024-06-29,U09,Enviado,Versión inicial,3a90d2e52435517fe06f97acbd1891ddcf45c46132c92ebad308e7341c855776
V000516,D00516,1,2024-09-01,U02,Enviado,Versión inicial,92489cbd35b963ecd408dc21f3cf0530a0de1c82caa25c19c85cd38b123aa200
V000517,D00517,1,2024-09-01,U07,Enviado,Versión inicial,82b72d7502e6b3e9396742d4eb03ea28e283e7b0bcefd0b538b349fdb51a7537
V000518,D00518,1,2024-09-03,U14,Enviado,Versión inicial,7bf11f6894b26156cb62fb200e04023e0439346425db4350e699f02ee02dee65
V000519,D00519,1,2024-06-08,U03,Enviado,Versión inicial,d19840c19e39e4270a66cf632de5f213ebd5733aeb34baa698db6634381ba9bc
V000520,D00520,1,2024-08-05,U05,Enviado,Versión inicial,c733ec67109bf11d4aca4de1dabfdee202aa7021acab5ffd32406033c36617d1
V000521,D00521,1,2024-06-20,U05,Enviado,Versión inicial,c2a5f1dbaa65a07b0d7e66bde24f1c946fc955d186a141143d9f46aa80983a8a
V000522,D00522,1,2024-07-01,U10,Enviado,Versión inicial,f904bf02b5dc1d5b4862bdc1fcfe427b796815c20db798d7d9b2dbf396088b79
V000523,D00523,1,2024-07-18,U08,Enviado,Versión inicial,a6ed14b1e5291390fa5ae4c068c232fa85b3b82bfa0a1716cf627fe76a33dd42
V000524,D00524,1,2024-06-13,U14,Enviado,Versión inicial,db4e5cbe6fbe1608d36c9acab1c75cf9f698b1e68638a8b9a0e755c96512f787
V000525,D00525,1,2024-09-07,U10,Enviado,Versión inicial,7966890db263679b1b9b959d533e4b47fc8553e1cdc5249d648c4e33a8009233
V000526,D00526,1,2024-08-29,U04,Enviado,Versión inicial,bb1a682dc94af8781c7e30e3f74d8465f85fdbe977b08d4879b907961c79dc26
V000527,D00527,1,2024-11-03,U05,Enviado,Versión inicial,ab85f15a7c3866dba6b6598292a2442b7804cd62263188f4870d144274118435
V000528,D00528,1,2024-08-27,U02,Enviado,Versión inicial,fd72ee24be450c65b2f27550fbc9146fcce341f074ce4cb3c9712bb81dd43fb6
V000529,D00529,1,2024-09-13,U05,Enviado,Versión inicial,f6ba8bf84c042176e9ef01629c77222f78634ec0069c65b9cf06dc248c7cb4c5
V000530,D00530,1,2024-10-04,U10,Enviado,Versión inicial,61fff8b9438227ea8cc44a17856462025eb77e94d3e2cc118df5640ff486cbf0
V000531,D00531,1,2024-09-02,U10,Enviado,Versión inicial,e5bac12d7ff403b0a2dfbedb765a34b2549576ab389da00473d53c77732f1541
V000532,D00532,1,2024-10-05,U05,Enviado,Versión inicial,aa94cdf34e7cbcb599a17da0cc7bde33b02adfbedde16a1c0817ecb10d0555c3
V000533,D00533,1,2024-11-01,U04,Enviado,Versión inicial,3c8c4022a7567df4cdfa85f80b2dd5fa05cd845feee0cb0c98df0eb70abc7e12
V000534,D00534,1,2024-09-19,U05,Enviado,Versión inicial,cf04597edcda0e50f4b9113236b98ce240a0088789a50d5a36cb202aac505dda
V000535,D00535,1,2024-08-28,U02,Enviado,Versión inicial,adc8fe2e47d3c1eae22f80848bbefb7efc5c9f7a9381fed0c79312266c04dd8d
V000536,D00536,1,2024-09-28,U03,Enviado,Versión inicial,e00786be5935c0156331a8fc65df5b42161805aba4c3bec3db0ae6f4c30d4f2a
V000537,D00537,1,2024-09-17,U05,Enviado,Versión inicial,d3bf1a7f4b7b33f72ffb7703411331b0f27a6143fda45a9169acc8df92d0327e
V000538,D00538,1,2024-10-17,U04,Enviado,Versión inicial,0a34a63e04d7e834434ad24e23088e76f80d1507e08c451471a97fb4830e6415
V000539,D00539,1,2024-08-26,U02,Enviado,Versión inicial,d986d839ed5a2183ecccfe7f5863c4ea5b31ef72795d4719066ea1ee2a6290d6
V000540,D00540,1,2024-10-09,U03,Enviado,Versión inicial,34ccab7672384c3094e7aeb121bcde666dba79d6d0ef22e815e438d128ee77e6
V000541,D00541,1,2024-09-10,U13,Enviado,Versión inicial,68def13c04c05667b8c53acf02ebd2df35a5385cd998b703139c54147fbc2c66
V000542,D00542,1,2024-07-26,U08,Enviado,Versión inicial,10a968c9dcaea447f781b1117b81a1897b76815565df2d919057fcb6932e5759
V000543,D00543,1,2024-10-05,U07,Enviado,Versión inicial,bcff728ff85cf9fb0c0ad73e40c7f619937470c84975cdc1eec0aff38160dfc9
V000544,D00544,1,2024-09-01,U10,Enviado,Versión inicial,28a7cf642b31093a38948bb755a33ef044455cd11999b70a5e32fb9c03109b3e
V000545,D00545,1,2024-08-17,U09,Enviado,Versión inicial,e2ccb4e50a1bae4cb34ab044ffa73073b6b66e235f3c5ced4c5e4ceaefdee8d6
V000546,D00546,1,2024-08-11,U09,Enviado,Versión inicial,61a756b841fae57147d7d23ab8b5e6fdd3e84bf4d3a9589df6f66a3e6d468e21
V000547,D00547,1,2024-09-14,U07,Enviado,Versión inicial,a101ccf14d0f33254c5a9a3db280ccac9694e5c0037efcf9e35a42847a03f318
V000548,D00548,1,2024-09-02,U09,Enviado,Versión inicial,43ca774b64f6763d7fe78f018062dfa87507bf4a98075a2f07afe4de4a6509cb
V000549,D00549,1,2024-09-18,U10,Enviado,Versión inicial,59afb644397e66d6cbc5836239cb43ca09c809f71b79acf6bd1df3831f0c14c9
V000550,D00550,1,2024-08-12,U07,Enviado,Versión inicial,c420d5be98e2eedc1189dcead00eaae280b4cc82883d79aa802a3661c35e2d4c
V000551,D00551,1,2024-07-27,U14,Enviado,Versión inicial,bb4a22e21bf5100f6cc97b753b951da54b59b661d5397be72ea6a6e5e3451dbb
V000552,D00552,1,2024-08-24,U07,Enviado,Versión inicial,cf6fd0a7bfb8e9dd5f4abc969b4291e2ee6b51644ab1cc38116780960cc5fc7e
V000553,D00553,1,2024-09-10,U07,Enviado,Versión inicial,2f9e415a88e9618c4027222059fdfdc96fa81aac05dbd4374aa49fea895de965
V000554,D00554,1,2024-09-23,U10,Enviado,Versión inicial,686eaa676ad87ea307e8448a7e98aa42fc1f1d706b49d5208c51ff193667fffd
V000555,D00555,1,2024-08-15,U09,Enviado,Versión inicial,e30b7a772ce6e72bd81de754a70930d2df57872507adcc262b9ca517525947fc
V000556,D00556,1,2024-07-18,U12,Enviado,Versión inicial,61ea19362730f38ef54121395d030194a7f59f9c7188d3da5f9aca711c3aefa4
V000557,D00557,1,2024-08-31,U09,Enviado,Versión inicial,7919b349f2f05a49cee2a94450cadd3f70e5c3c79a9d1038992a513a7f738756
V000558,D00558,1,2024-10-24,U12,Enviado,Versión inicial,13e3268e0bb6113fba7f206580a088d557f369eb348ccc0108d7e480106dfcf8
V000559,D00559,1,2024-09-13,U04,Enviado,Versión inicial,35c25115a0bfb4380b40ac71ebf63e03fadc23e84710d9e52245091a67fb01ae
V000560,D00560,1,2024-07-28,U03,Enviado,Versión inicial,414d35a8fd5ad869adccf7864c7eb278aa5ecdaa7a10dba3db53b022a4fa5150
V000561,D00561,1,2024-08-08,U05,Enviado,Versión inicial,66d760f1cf00b4b5279967fb2818dd9507af1e8483b6087bc0f6693e62a51247
V000562,D00562,1,2024-08-12,U14,Enviado,Versión inicial,e14dc510541e0573c94aae46fbf05bf6ebd06ed65db9c4568d25d1afac84218e
V000563,D00563,1,2024-08-05,U08,Enviado,Versión inicial,13c3d49878ba64649375b65faf282678a894b2dbc4d3fb8df13a7f4f1c6f3cf2
V000564,D00564,1,2024-10-16,U02,Enviado,Versión inicial,408ed41ffe2b66bea16b59fd3b8ab2f17cd52e0b17e0f27a9cef13a177e5bb92
V000565,D00565,1,2024-07-27,U05,Enviado,Versión inicial,138ff802ceb3b708d40a173b46c70532788d0eb9a1cf2b6ac064ab181279077d
V000566,D00566,1,2024-08-09,U10,Enviado,Versión inicial,1e228b6cb28ec842fef6e999ab1c252c1e966d41b5000bbbca2b7a4d4f179a23
V000567,D00567,1,2024-10-29,U02,Enviado,Versión inicial,f036c9a097d9075c9ed57df937b10fc54a340383df2911834dbd618ba43551fe
V000568,D00568,1,2024-08-25,U04,Enviado,Versión inicial,d74747d856f007431c8226cf3237a3f0b18fb64d472f412308ab9a3ab9e3ecc0
V000569,D00569,1,2024-10-02,U04,Enviado,Versión inicial,e15cd4bc2558e2651388b5446bec7a15031d67e905057f77c56748e835fe48de
V000570,D00570,1,2024-11-13,U09,Enviado,Versión inicial,8f0a53f11099e7c960d7d5ba22cfc5506492ced9b521f9b10ab9be475802a28d
V000571,D00571,1,2024-09-29,U02,Enviado,Versión inicial,7d955688c7439a650dd08c45d2c9a7541973f2096cbdd8fc139d286d0ea27f36
V000572,D00572,1,2024-09-12,U14,Enviado,Versión inicial,efedef443e3742ad2db0d986978307f3d9f5c8569e3ac3aa0605cddd737cf9ee
V000573,D00573,1,2024-11-17,U02,Enviado,Versión inicial,0dff9b24d04f12bfa391915d59f71397f420f1d20883d0891ac159b9981b850c
V000574,D00574,1,2024-09-24,U03,Enviado,Versión inicial,146264a885edd79da49dc37728d1476215d3e293e9a70eb7ef42bf5fa7e8f275
V000575,D00575,1,2024-10-19,U05,Enviado,Versión inicial,b7cfc9e35ea35907beda6e1c16c7e8aefc6dfcdd3eb9181932acb8861ee57f10
V000576,D00576,1,2024-08-26,U03,Enviado,Versión inicial,16b61976d5408e665783b297d7e3a82767455b55636a7c0bd38c0c5f6d594cca
V000577,D00577,1,2024-10-11,U03,Enviado,Versión inicial,7dbf1161868696ff9f87ba7092b90e664b0a022916d54a5f7560195aa9c1a78f
V000578,D00578,1,2024-10-01,U09,Enviado,Versión inicial,64bc1c5fa9238aff5df75815378e4ac40105dd89ec9709c66e5b6d694584e3d6
V000579,D00579,1,2024-09-07,U03,Enviado,Versión inicial,3a5ac5517ec6b6f513a5ccbe192712a3dd64313b1587fa051c485ac4b16b10af
V000580,D00580,1,2024-09-20,U02,Enviado,Versión inicial,9fc6a10f9a6d664a34514c785f30b98e3a86d69301071adb76b88046c8688ce6
V000581,D00581,1,2024-09-30,U02,Enviado,Versión inicial,583efcf73982ddcadbf8a5672f7bb68ea84c57e60cdf2df008efaa4798f69926
V000582,D00582,1,2024-12-10,U06,Enviado,Versión inicial,c0fd23d03cdeb08599ef6c5b1feae739638a4740dc397b198468c9f7300cc6f0
V000583,D00583,1,2024-11-01,U07,Enviado,Versión inicial,c804babec02a45fca70a341ceefc4b0b84e85b3a66ea4bc23f26c0f2d7823e70
V000584,D00584,1,2024-09-01,U07,Enviado,Versión inicial,0e1442d94030e600a2cba3856d86e8b553f56246f0d6a87a9144ec71969ce30e
V000585,D00585,1,2024-09-27,U02,Enviado,Versión inicial,53b7a6096245a10dc9c8dbbce9974916c1a4fbcfd1c2c0314700f95f22e61f28
V000586,D00586,1,2024-11-02,U05,Enviado,Versión inicial,1532c7b5ba9c4d8965a58c6ca88b7cbfe2ccaa5b2e1e190abd1b4e2baa1aad9c
V000587,D00587,1,2024-10-22,U02,Enviado,Versión inicial,400039ff1b00f13612de5232bebda816639e02b984cad2c5db2f58b8390981f5
V000588,D00588,1,2024-10-09,U07,Enviado,Versión inicial,2aac07fbc60ba79dc39aa3ccbc391766fcafd578e3451005a124d3a93b587e07
V000589,D00589,1,2024-12-04,U14,Enviado,Versión inicial,f2c87f5a0372f6f59d49fc373ff03848186b3f366f1928de68c43832627923e3
V000590,D00590,1,2024-11-25,U02,Enviado,Versión inicial,aa1bf9c477fe113fba02261c74f4f75b15563ef67633011a59290855cab1be36
V000591,D00591,1,2024-11-22,U10,Enviado,Versión inicial,e67be7ad327e567461cf755e6f4e685fbaf390f076a2a9b5ab745b5e560c1ab5
V000592,D00592,1,2024-10-04,U10,Enviado,Versión inicial,ea07c35c4b9158c0309e92d579e4626b62a9cd449263cb02217ffdd5e522f353
V000593,D00593,1,2024-12-25,U03,Enviado,Versión inicial,7bd30aed9ba45ea61a5cf46e10e4b513f53e88331863e2d022864f77b161f8cc
V000594,D00594,1,2024-11-13,U03,Enviado,Versión inicial,a931a94c7013a19e2706a8b7212d0c65b94893a41a1e8f5af00f3aafe0c5a2e5
V000595,D00595,1,2024-12-12,U04,Enviado,Versión inicial,4ebd62cf7789291ab539edcaed62db34e2a5d8021bf5cb534ccf44dde821689f
V000596,D00596,1,2024-12-09,U14,Enviado,Versión inicial,e98eeab04ee9f3aa0e9f8eef05bddbe06ffb8afc72eae34ea3f88d52e9064942
V000597,D00597,1,2024-12-27,U14,Enviado,Versión inicial,e7b6b3b8d679bdc7341673ef3afa43e622789e679027b8f4ead37b855bfed35f
V000598,D00598,1,2024-12-16,U10,Enviado,Versión inicial,834775bac2a3da8fdf258fdc56c11cbbacb4ac515943f925007c012573bc80ce
V000599,D00599,1,2024-12-20,U04,Enviado,Versión inicial,414e58710eb1f12ed1e37fb61860ec002dcbf324174e9fa9d8c52a5c93afcc19
V000600,D00600,1,2024-11-15,U04,Enviado,Versión inicial,92d6112d168e41952908f4dc79c161e4474c3db3f512d1775c50044e55ec4e19
V000601,D00601,1,2024-12-25,U03,Enviado,Versión inicial,08a2f0e97ed69b59ebc86993cf154099b8ce2c706933e9e7583eb5bae44a1cff
V000602,D00602,1,2024-12-16,U02,Enviado,Versión inicial,e3aaf10b7b8f0031980eaded9cf03100a80abce30f3048ad3d24bd247d8a87d1
V000603,D00603,1,2024-12-29,U03,Enviado,Versión inicial,95b469d3b523c1cef2bd6c6ffaa0c41afe230a0158d4f637e1a4acc6904802e7
V000604,D00604,1,2024-11-15,U10,Enviado,Versión inicial,e3463ef7fb29acf55280abb0b6ec9c66793570f1e4bb4dfeb8ee897172b2b960
V000605,D00605,1,2024-12-23,U08,Enviado,Versión inicial,ba5ab3cbb0597005fb3e861157c847cf4b637e7ac619b7d246fb3a573256addd
V000606,D00606,1,2024-12-30,U09,Enviado,Versión inicial,5379562e8f74779c0bfbf9e98a9ac05be70c4bab3d3f8829560b8739aa66de96
V000607,D00607,1,2024-12-27,U14,Enviado,Versión inicial,1170e00a12f55ad2af24e65f61bba1eeae38ae6759209e2a3dfd966e0e42cf0c
V000608,D00608,1,2024-12-17,U03,Enviado,Versión inicial,c029e1e59be6b9b753262e90c727ecf11d158fe7795973c41f55d7bd4453efc3
V000609,D00609,1,2024-10-17,U03,Enviado,Versión inicial,780c67f6ab7fc43a8c531a292539d7484ec08f315e78566139dcf3df95e2b162
V000610,D00610,1,2024-11-10,U05,Enviado,Versión inicial,e71cb2841718b8a3a23f01963aa25c519f0b3700836a43c58ab07d5fcb830983
V000611,D00611,1,2024-11-21,U07,Enviado,Versión inicial,bf0619f1ca9277d3f1c2234f25bad86cc59132cdd21b6a699cb773ae10079ad1
V000612,D00612,1,2024-10-14,U10,Enviado,Versión inicial,767fdfcb9cf464e351fdee46f09b13d31634dfbae8fae34a06fbb3e88c8c264b
V000613,D00613,1,2024-10-11,U07,Enviado,Versión inicial,07b6aaf59d601e90504f12c5d7d9876c155d348d32336e5229f4750f2f1959d2
V000614,D00614,1,2024-12-20,U14,Enviado,Versión inicial,2ac7ffee4e30abf0aa987e7c980f82ee6a4492f6ec73b114378a999ed0625cb7
V000615,D00615,1,2024-12-04,U02,Enviado,Versión inicial,c23ed3bc36439ec1b018269729c14e185df6378ec4a8e66e1392a7f8bb68cafa
V000616,D00616,1,2024-12-05,U02,Enviado,Versión inicial,28166f5f578a2f765b13e0f21ea197aeda9974aeddebf5445f49ae394ee68f04
V000617,D00617,1,2024-12-07,U04,Enviado,Versión inicial,f6144b02c88bb9b5af50ee38d891d93dcc0e0145ccefe0fa29d9bf13ca385e3e
V000618,D00618,1,2024-12-01,U04,Enviado,Versión inicial,a3fb1bcb448fd69b1cac596466671b64c023a041092de6d34ddccc9d30c854b6
V000619,D00619,1,2024-12-26,U08,Enviado,Versión inicial,ac99b41ac29eb65a45f5f02457ce501a1979036e592e41eb2b4da040bdb063d1
V000620,D00620,1,2024-11-28,U06,Enviado,Versión inicial,dbbeabccc36c7b34ec139aa08a433ffea0dfae5261f9f9855d4d3c0f6c29a6f8
V000621,D00621,1,2025-01-04,U09,Enviado,Versión inicial,e9540553ecb89b32f1d5fc0f7001e61025607ce4f9774939e924d0166df19b2e
V000622,D00622,1,2024-12-08,U03,Enviado,Versión inicial,0303c91f3d5e4aa8ec686997b0c57d28536ef5693c6fcb35aeb7b2a46fdd4c35
V000623,D00623,1,2025-01-04,U09,Enviado,Versión inicial,000678724e528df494d4922eb8757921ecbb47019f94621a4a1e297d4c91f2f7
V000624,D00624,1,2025-01-10,U03,Enviado,Versión inicial,3be8fcc5b683a65bd9f10f994b2927def1e5d696e58d284b594aa3b247a7c1e3
V000625,D00625,1,2024-12-25,U03,Enviado,Versión inicial,0da0654e560f05668f1acc25392efeddf81bc83b2e0630d36c668a5fa3ea99b8
V000626,D00626,1,2024-10-29,U04,Enviado,Versión inicial,25db6fd3cf960636a85e869e2bf8e51e7b94097ffd98f234252411c31c53a2c3
V000627,D00627,1,2024-11-08,U14,Enviado,Versión inicial,8ce972cde0dcbb8595c035ae1c53856e7045490b600bd32ba512cd58cf2c0fa6
V000628,D00628,1,2024-10-18,U02,Enviado,Versión inicial,05c2429d17365a3bc439eb0a50a9435e0e767a566d1185dc92b175184dff0757
V000629,D00629,1,2025-01-09,U10,Enviado,Versión inicial,065cb26c00adc3550287f56f50fc0f41c3e89380f9c288eedf74771d879f0af9
V000630,D00630,1,2024-10-10,U04,Enviado,Versión inicial,f81ff6510a9127abc251ae27c42c9f92c6a1188b8831bc82fab9fbdeb9c76279
V000631,D00631,1,2025-01-03,U04,Enviado,Versión inicial,983c65f9a0375b46f03e7758e879f69bb193903c347863e6ae4a3354bf8f5509
V000632,D00632,1,2024-12-11,U04,Enviado,Versión inicial,e27f1298a65f0e872720c585011405fe45b69b7246931d9e26534d851c4c5b91
V000633,D00633,1,2024-11-22,U04,Enviado,Versión inicial,39b12c80d6240ca949e92f4aac98ce750c5b1a3e82ebf143d8662ee6beb99049
V000634,D00634,1,2024-11-02,U03,Enviado,Versión inicial,cfc4d3c53ef382b2a085cea263d0b609623f17dea8f46216a1e666e6d0e6ca9c
V000635,D00635,1,2024-11-30,U02,Enviado,Versión inicial,edb87d6444104f140dd318a00e047137475173b4a35b1a0ab2655145cc9a2ad7
V000636,D00636,1,2024-12-23,U02,Enviado,Versión inicial,268ebbb29b9e6fa95ba754bbb507a64028ba88215ff1ef3e898b12f6cb54bddb
V000637,D00637,1,2024-11-21,U02,Enviado,Versión inicial,45583179f3989900340691024819d6f4fb295572dcb783b4f572dde1e254afad
V000638,D00638,1,2024-11-11,U03,Enviado,Versión inicial,5daf3baabc1dead8df9448e7c353338960e2993218663e22eaa7992f2b8e9786
V000639,D00639,1,2024-12-01,U13,Enviado,Versión inicial,4199cc2ea974d43e6c1e0fbbba5eba5d4adec2c34eed33b73034cf2b7b08c1e9
V000640,D00640,1,2024-11-12,U08,Enviado,Versión inicial,b30881942c49a68a8f5a41281f74cf14e115dc0b3af0a7a02b490937501cf93b
V000641,D00641,1,2025-01-04,U14,Enviado,Versión inicial,5831dbd783b28778b2cc50def6246626ea78fd0595290431c1fa643ab71e9937
V000642,D00642,1,2025-01-06,U10,Enviado,Versión inicial,a07189902efcbf6473d7231775a988eec91da340eb5e6a330fa0f091767db755
V000643,D00643,1,2025-01-12,U10,Enviado,Versión inicial,de818e775845418ba6b75cd9847ad695614ae8c9b0df7ffa9b229fbaa63230be
V000644,D00644,1,2024-12-13,U09,Enviado,Versión inicial,910dbe63fb3307033de408591da8dbe0e57534137b4d03dedb837f4ce2e40d67
V000645,D00645,1,2025-01-06,U06,Enviado,Versión inicial,434d6926fe54d0876d25864d3228257465022b2af417e56cecc0388e1e9c13fd
V000646,D00646,1,2024-12-07,U09,Enviado,Versión inicial,59162df96e145d084fa1bb5e5ae7e2d3ffc0e843b7ae70d19ce232b6f8e8ef8b
V000647,D00647,1,2024-12-05,U09,Enviado,Versión inicial,4f8c28271bcc4bec6cb2659b9295c632562845a2c11dc63876735ca9cc4649cc
V000648,D00648,1,2025-01-11,U06,Enviado,Versión inicial,b2e4175265a8c859e6bb93a2fdae6a859cf0e84d587cd75679cc07b65024d8b1
V000649,D00649,1,2024-12-30,U08,Enviado,Versión inicial,4efe45c24e66eca97e4cba158eb0b8ccf052e4996c46e24146b634106396501e
V000650,D00650,1,2025-01-05,U08,Enviado,Versión inicial,4f05b8f9a89ec52ee73633bfbb52e529023c3028f35ede2f13ccaeefb7aa10f3
V000651,D00651,1,2024-10-17,U06,Enviado,Versión inicial,020d3ccc2349f820534e824e17ac1f1123bfd467380728815a340aeb88a211d0
V000652,D00652,1,2025-01-12,U10,Enviado,Versión inicial,27d2543c6e2e62b1cf5fb30db19892646a08d90db622eba40925b05cf0d5e78d
V000653,D00653,1,2024-11-25,U09,Enviado,Versión inicial,2346afddfba396edac1a226333b12d36e389d12a0b41189676d0967624f0daf0
V000654,D00654,1,2025-01-07,U12,Enviado,Versión inicial,7a28bc2f1668db8e7d41f156b681d61d1cf6f2bd6062556645b24bd6ddfee792
V000655,D00655,1,2024-12-31,U09,Enviado,Versión inicial,f343d9c751e8a287cf85b095c311f796ceb86de0cb76471c4053df5c536c9d88
V000656,D00656,1,2024-11-29,U11,Enviado,Versión inicial,446ebf569070da72af6dd1751f7e2d7480e817796f7e15e00dc099bccb865e43
V000657,D00657,1,2024-10-13,U03,Enviado,Versión inicial,29103fcbe44fe718f01e8bce83b8bed95dad6c5489364c483e7e930911764fb3
V000658,D00658,1,2024-11-06,U05,Enviado,Versión inicial,15d03f15fe293c4882f537faa4fe59461ceefc79b72a6e9001c794463922debe
V000659,D00659,1,2024-12-31,U05,Enviado,Versión inicial,d959f7d2290b6485205de510177a5c46d97a5a2f07465d67e0e8ea55820eeb42
V000660,D00660,1,2025-01-13,U06,Enviado,Versión inicial,e5f78178ae8190ae9fb2a1bfe9218df8f38760b25655274fc565f40be04bb80f
V000661,D00661,1,2024-11-05,U07,Enviado,Versión inicial,e8e22b59263c24faae7c95830e9605bb48d74467035878506f2f03cd8f72a397
V000662,D00662,1,2024-12-30,U08,Enviado,Versión inicial,ffc11c99238b2ede305cc00d0646aac05ebf11c67ef6072f27ae775895c51801
V000663,D00663,1,2024-12-08,U02,Enviado,Versión inicial,26ad724c49f3e8d3cc156f872ac6f1fd6b9c5d685d77acf00db778ee3a9496db
V000664,D00664,1,2024-11-23,U02,Enviado,Versión inicial,44c782669b3e29d2c83e05d7d454673a31b2aaded470180dc8c5e42f88b3f2f6
V000665,D00665,1,2025-01-01,U03,Enviado,Versión inicial,6f8c58382546ecb382d313c2c8fa0f5e206786fa175104e9cb6220f98d35eabb
V000666,D00666,1,2024-11-17,U07,Enviado,Versión inicial,6ac95ca60e029e80564412f7dc9fa8d3bb150b3d8218a2bab97f7c1cd5958b27
V000667,D00667,1,2024-12-31,U08,Enviado,Versión inicial,a075641e28ffb92a5f0ed69ee4f50c4c21d33b6caad23e86230df58ab9d41446
V000668,D00668,1,2024-12-10,U04,Enviado,Versión inicial,4e854d88cad73bc2b474e3cecdb656520aa300da7b6b930f685fbb2838ee3980
V000669,D00669,1,2024-12-22,U10,Enviado,Versión inicial,2604ce6ca83288e4f68ad816709fb901557506580ff628c3e82767d51a88accf
V000670,D00670,1,2024-12-18,U02,Enviado,Versión inicial,81923501c4457c4066892580442ecc0f400bef500a0c76f46bf88f7288b13af1
V000671,D00671,1,2025-01-14,U09,Enviado,Versión inicial,141fcd22fc52661679cb524d6372a442cd01752be3eda977583827d5469cc459
V000672,D00672,1,2025-01-13,U02,Enviado,Versión inicial,a4e7475d7eb13dc736e567d9e94ac8e7f3f7c396efbcdfde52c3a6f846752f91
V000673,D00673,1,2024-10-22,U02,Enviado,Versión inicial,df3bac2116234f0abcb79fb58afa5648b63641220652a6003b545e15d54da2df
V000674,D00674,1,2025-01-18,U03,Enviado,Versión inicial,f69411fcf3c029d2797cf01d823e8db7143bee8cf2fe03214dbcfc1e266b7dcb
V000675,D00675,1,2025-01-17,U10,Enviado,Versión inicial,bbfe827f4d871818b8b0571fe0d4ab6a694272b3229671776b73b22376725441
V000676,D00676,1,2024-12-27,U05,Enviado,Versión inicial,1119978c28525bba407fddd503871e8567ab547ad1b2b85ae4decfe5590c1d14
V000677,D00677,1,2025-01-03,U10,Enviado,Versión inicial,161f8330fb155fb36028c98fb3e7ff426e3bd82b49c0a724eaf29badaad9ac96
V000678,D00678,1,2024-11-13,U05,Enviado,Versión inicial,ef791ddafb41d721f0d4839ed84d0d5fc004dd4216b88660696fa33cc6f33cda
V000679,D00679,1,2024-12-24,U04,Enviado,Versión inicial,4d9719df6c9c117f03251c9d30f82467372b9a24c25b8382cc7833a4d1b89469
V000680,D00680,1,2025-01-12,U05,Enviado,Versión inicial,53f12b14e98f4b13bcbceb4d4a6bdf04ccd8ba059dc381cb1ae9883f4106a28c
V000681,D00681,1,2025-01-12,U02,Enviado,Versión inicial,ef31be3142bbf558a929fb1035751979fc9fb369876c9f9760a84ac212a3a24f
V000682,D00682,1,2024-12-08,U08,Enviado,Versión inicial,5532f2c9a2ad76b9740474dc5ff53f08b22f21a8fb88e856fe2d85ee59aac0d0
V000683,D00683,1,2025-02-01,U06,Enviado,Versión inicial,a1718e4c2967b45a9a4f02f72eabe1005c8927d2c779b9009ddc63ae955b3624
V000684,D00684,1,2025-01-31,U04,Enviado,Versión inicial,8ce521ca91c96b8654e5b4c990ab61ce0fd6b1033a9dc76b99024411be315671
V000685,D00685,1,2025-01-10,U04,Enviado,Versión inicial,88aabe453af2477476183ca4f08c6318a73f7249256c80c0a67210cba1648f77
V000686,D00686,1,2025-01-30,U05,Enviado,Versión inicial,e5519be883696dddf6c54acc91fb9d60cbfffab4e22067447b932a71166349f0
V000687,D00687,1,2025-01-22,U14,Enviado,Versión inicial,eddca091097ef1527d5178d2bb0d23cff0948fa6c5ff1a0c476fff7d3a6ac0ba
V000688,D00688,1,2025-01-02,U14,Enviado,Versión inicial,5bada636c7814960feafd4dc6bd6a799a75b691d04af192e2c7170512c55ef0f
V000689,D00689,1,2025-01-30,U02,Enviado,Versión inicial,a821ee0f6f096a926c1807fe59d818a6e3c16a6e2874ddb27194a657ebd6b6a5
V000690,D00690,1,2025-01-04,U05,Enviado,Versión inicial,4a3042a2d28ae5b0d0a86b26e45d23d272e33fcfbb6a0f6a32c18d8a9ffcd5c4
V000691,D00691,1,2025-01-14,U05,Enviado,Versión inicial,0f478f2e33aaabfacdfd4ffee49419a2c5c2d7d4ce499970735e81abd90336d3
V000692,D00692,1,2025-02-16,U02,Enviado,Versión inicial,4e430abcbf37bd77c80325a545123129cf1ef07e773b1d919246449be0dbcc9d
V000693,D00693,1,2025-02-15,U02,Enviado,Versión inicial,e732a50267e3ac1046695a2610dfb45a225a5ccb110a6b324852fc635af41d7a
V000694,D00694,1,2025-01-11,U02,Enviado,Versión inicial,85556e263c30cd96fcaba89e0220b7290296ebded34b3e852d05f6abcaf1c7ee
V000695,D00695,1,2025-01-26,U10,Enviado,Versión inicial,f1dfc3c636546f5a16e5315a56a52482daa19939ff75a19cb36a4bffc2188925
V000696,D00696,1,2025-01-27,U02,Enviado,Versión inicial,9cbf4038581e5e5842ac70383700dcf26f66aec46667f49a4a3afca04bc27cba
V000697,D00697,1,2024-11-12,U02,Enviado,Versión inicial,f6bb076848ba9fb0e797200933767cb10d9f5a1151a096d091261cec3f7461ee
V000698,D00698,1,2025-01-24,U03,Enviado,Versión inicial,8c685f09de0daadc53fb0d3aaaab117c74f13ef088c1a27ece1c2b7e41f22c49
V000699,D00699,1,2024-12-06,U03,Enviado,Versión inicial,0abbaca817e640856920462e8b8483a40d228abe17855ccd2e75cc3b222547bd
V000700,D00700,1,2024-11-15,U10,Enviado,Versión inicial,2c519876aa343994865c3174b45927bc53f6eaa893b58d9a55318422818966f9
V000701,D00701,1,2025-02-24,U02,Enviado,Versión inicial,9bf84f767bbde9492c241db93fd918db817747e81bbfb62bf5df81f9d375c875
V000702,D00702,1,2024-12-06,U04,Enviado,Versión inicial,32bf938a0a68bab8f1df0533f3fa0d9611697eca439f71a5c802382b44bf5e30
V000703,D00703,1,2025-01-29,U05,Enviado,Versión inicial,7d0a10c67eeac2de4583ed84000a5e379eda1acc299836c91f54303b93a000c8
V000704,D00704,1,2025-01-26,U03,Enviado,Versión inicial,dc509050317ebe7bdaefbef3bea868b9ab543954abb4b45a4c762dba7812859e
V000705,D00705,1,2024-11-23,U09,Enviado,Versión inicial,0c73134f0d16bf747314ddb4205478db019698694dde228de4b2ff5340669101
V000706,D00706,1,2025-03-03,U03,Enviado,Versión inicial,cb46bf127e602d091a5704abc1644fcdbbe6ef87d1fa97bab5ee7c8f5171997b
V000707,D00707,1,2025-01-08,U04,Enviado,Versión inicial,300ab4b71c73a4cc07c43ad9b975aa5ea555f8ec27a2f3e43f69510ae6970ebe
V000708,D00708,1,2025-02-11,U04,Enviado,Versión inicial,a6d38b7b710be186020ef06ed992345381cfc96a07507847e2cd2e6ec440f014
V000709,D00709,1,2025-01-23,U02,Enviado,Versión inicial,515d748109e25ec75701c6b6cb9e21c8fd0be77aa69c8badb92fc5b4c86484bd
V000710,D00710,1,2025-03-01,U04,Enviado,Versión inicial,571c3ba4b4b4fdc58e4eae98a03da5acd3a57a975a99b1b98b17c5b3d9a27d7c
V000711,D00711,1,2025-02-06,U04,Enviado,Versión inicial,e2ccd2cb5801ec845868a0a4c6c6a150700cdb6d5aa7fc904d7ebf5b1b6d9d14
V000712,D00712,1,2025-01-16,U04,Enviado,Versión inicial,6d3ab8a3278ce8595dd352b0b8918763664daccc5c423515eae4e678e99b43c2
V000713,D00713,1,2025-02-17,U03,Enviado,Versión inicial,2f24d9a588a66492dbcf5de3543bd4c5cb2d68850d1d6559f147fe4f5909c9f4
V000714,D00714,1,2025-02-20,U03,Enviado,Versión inicial,a2f1d6ca74a176358e56cce47a9251fa4a9662254c740a40004216a41014a58e
V000715,D00715,1,2025-02-15,U13,Enviado,Versión inicial,9ae057a7682653099b89040f08c468952e66fe04344dc79c70270610e29499c8
V000716,D00716,1,2025-01-08,U14,Enviado,Versión inicial,66b14ffe4b959d28c5fee238a9311e98f84d6a0ee7d7cc2785e652038b16a17e
V000717,D00717,1,2025-02-22,U14,Enviado,Versión inicial,dbc3934d4b33557f638a04a6b95f8ded42d82b8b202a488fb53e3b160e375f9b
V000718,D00718,1,2025-01-11,U10,Enviado,Versión inicial,7a9f98737924614579bf7f721ccb991252458c90157ceba511d16f3322cf8a02
V000719,D00719,1,2025-02-01,U10,Enviado,Versión inicial,bd87d833f1e5e2a4b822fe9119010097cede21b1520aafe09871e6dd43129631
V000720,D00720,1,2025-01-27,U09,Enviado,Versión inicial,eed923632244f74656aeee2883be77c0ab4c3c755061881d81d1e22f65cedb82
V000721,D00721,1,2025-02-27,U07,Enviado,Versión inicial,478af2173dc4f8be3e3e7cb3f78be44a4a7001e2a91cbea6d2fb75909d04bc41
V000722,D00722,1,2025-02-20,U10,Enviado,Versión inicial,e1f92d09638ae81c90f463a8b5984d1cfc57dc49d72d5fdbcfcd76bcb5464270
V000723,D00723,1,2025-01-25,U09,Enviado,Versión inicial,37d1a679b505e47a1b8693616994d8fc36163c43a3096c9e957920f3d4905abb
V000724,D00724,1,2025-02-15,U14,Enviado,Versión inicial,2089662cb8efaddf26fff03a5d076147586b25d13dcaca4365240cf3707d9581
V000725,D00725,1,2025-02-22,U08,Enviado,Versión inicial,a17f22e34ccec72b1d4d3afe88e8339c2adc61608e847eb3abc7cfd40fadd299
V000726,D00726,1,2025-01-24,U06,Enviado,Versión inicial,1d8f85dcb2e1c7bffa87da37fa95638f4eb54b62f71f1ef1d666f5de33b3a521
V000727,D00727,1,2025-01-21,U08,Enviado,Versión inicial,bdc6103447acef914b0809595158ebeefc4348fda698ea7d5e48c76a20b75c9a
V000728,D00728,1,2025-02-03,U09,Enviado,Versión inicial,14803bcc530d581d44c7314f8be22f776abae4dabafd4330fbcefebe4ea708c5
V000729,D00729,1,2025-01-16,U09,Enviado,Versión inicial,ccad3bebae3ff3ebfaf057601e71bbf095bc3dedc36b7974fd49e9e8051999e3
V000730,D00730,1,2025-01-10,U11,Enviado,Versión inicial,fee48fc3755c0161a9f6c4804123b80973c7b03ef4cdf24d91f9bbea77608c32
V000731,D00731,1,2025-01-30,U09,Enviado,Versión inicial,0ba33031cb16e9d0340e7d86d7ee571511333569e13e602a475f0a23facea284
V000732,D00732,1,2025-03-05,U11,Enviado,Versión inicial,2ac978d36c455f72c9d9d7c64bbbe39778dab3143536f67317d7d9beb8bf7846
V000733,D00733,1,2025-02-12,U03,Enviado,Versión inicial,23f5fd18dcbf792d73baedfd3cb6b2c901313656830ed49da2a84a21b6264ba5
V000734,D00734,1,2025-02-20,U03,Enviado,Versión inicial,0677e1fca784923c5a511b4841cf36c217579a632d96f89e163bb2b794da7f4c
V000735,D00735,1,2025-02-04,U04,Enviado,Versión inicial,eeaf7fd51d112ebb9613592cb16ff045ac0af45756db7b8727a6d05f6ac20db4
V000736,D00736,1,2025-02-22,U02,Enviado,Versión inicial,9d51c0128da76616ada7ca8d5decb80e68691d5179c3af02cd69ee3d224c8a29
V000737,D00737,1,2025-02-21,U09,Enviado,Versión inicial,2b20d61b48599a512473e702ea6fd42b9042d946a5bb583d93001959f194b086
V000738,D00738,1,2025-02-21,U03,Enviado,Versión inicial,a1f9c6df983ca7e1878726c62fae74bd422d2d1970f15cb04dac4ebf1c46ee62
V000739,D00739,1,2025-02-20,U03,Enviado,Versión inicial,ab2e92c20e1efe690bd08b2728985cff93b043f470b322e4ef5a34abbebe9f3c
V000740,D00740,1,2025-02-19,U02,Enviado,Versión inicial,7511d819fc649a55dde3209b3eaf2f8f28996f62a84a09e1cb044377afe1cdb8
V000741,D00741,1,2025-02-06,U07,Enviado,Versión inicial,61c455b06e22c425fa5d3d25d28122771b5060eb879671323441a920c9575b6a
V000742,D00742,1,2025-02-25,U02,Enviado,Versión inicial,b1063de186ae86950812984aeb72ea7c1ffe7858ade69f7f7f7f41c78e3420d9
V000743,D00743,1,2025-02-20,U09,Enviado,Versión inicial,f55f9a8a275befe4f90c1bffb567af8133c056110e402163d1dda0664004a8e7
V000744,D00744,1,2025-02-14,U05,Enviado,Versión inicial,fafd58a755fbeed1f1c36b5a0ed3a73490c8a84bc07de7d34507b4cd84e0f940
V000745,D00745,1,2025-02-07,U14,Enviado,Versión inicial,1f0b6dc4fbd696cdc3177e5df3bc3a59aa6f9f3887db6aa1799e12a753a9a1da
V000746,D00746,1,2025-02-13,U09,Enviado,Versión inicial,0824e0451c5a23799159af3a4f4309edb3e5e62b904b99c9dfe4e0be6eb948ee
V000747,D00747,1,2025-02-15,U03,Enviado,Versión inicial,35cb2cff11d66d0da60e2f6965a1dd6b3f440597c0c461f94b966583429fcd75
V000748,D00748,1,2025-02-07,U03,Enviado,Versión inicial,fab0ea60ca8065c73a2a056c3af6a27d3d9258be57a2686cd55bbbb80e6009ec
V000749,D00749,1,2025-01-18,U04,Enviado,Versión inicial,7a9cc6868ce1d4da97b731fe8c9e67167c100c8e7feaad8a5d1ebdd2dcf7c4dd
V000750,D00750,1,2025-02-28,U10,Enviado,Versión inicial,54dd6fb1d6135f9def7ccaa10b7391bb2d1b70dd0cf6c5977b463fc0325efafd
V000751,D00751,1,2025-03-02,U06,Enviado,Versión inicial,2074696c861ebb8647617e3d1623c22e51eec83ff413bd5c0887925f912bccbc
V000752,D00752,1,2025-03-07,U03,Enviado,Versión inicial,58a801bb1cfd3a8cd9296eff95ade0b96c822e1cfdddb61f5d8d9ca538ad2a5d
V000753,D00753,1,2025-02-11,U04,Enviado,Versión inicial,b1312ad190f4f8a6df5fc2a5486ba65e0d73786161417238a2978319e425843d
V000754,D00754,1,2025-02-18,U04,Enviado,Versión inicial,fb9c9f55d58cfad2bd16131a0e140721564ee8bc1e2ad5634eea0721500918e3
V000755,D00755,1,2025-03-11,U14,Enviado,Versión inicial,83ac6930fce9dbd3aa445fd884efcb10bae443f07642d29a5f941d8eb9b3750d
V000756,D00756,1,2025-02-17,U09,Enviado,Versión inicial,2b68c5f2d27526e96f1bf66bde3b894810f4a9e40d19a38e7d5bf19bdfb90951
V000757,D00757,1,2025-03-11,U14,Enviado,Versión inicial,67a77cf8a98f1736ca895eb822a178c35e07f6d63d0aeddab87a0178fbe103d1
V000758,D00758,1,2025-03-08,U10,Enviado,Versión inicial,57fe11b490fb0bc3eca7c1e8ac465e54e33a65f3047a84124d5d0a2973103ab9
V000759,D00759,1,2025-03-17,U09,Enviado,Versión inicial,674384df1b41a798019f7b158a406c228f0bec1f70742b5870f51aeb79389e9e
V000760,D00760,1,2025-01-19,U04,Enviado,Versión inicial,d91c792d9003c831779b31ae7ecc031504c78277e5b55ab5b53f0d37a67902b6
V000761,D00761,1,2025-02-03,U05,Enviado,Versión inicial,512a9a0c5aa5331acf05adec7809d71e5fab056a6e4b82428478757e0a591abf
V000762,D00762,1,2025-03-01,U03,Enviado,Versión inicial,7f58c883fd35e5c41621b4231e7043371274f0daee19ea58874c59acd5ffd34d
V000763,D00763,1,2025-03-12,U03,Enviado,Versión inicial,c419cb6bf9f1960b0ca848b6fdd400bd3004bce99f946b20d369a65ce08a36af
V000764,D00764,1,2025-02-18,U02,Enviado,Versión inicial,89cbe142997df71d2d33d37052f60ebe6e769fce97829416ce156bb02b6aa351
V000765,D00765,1,2025-02-07,U13,Enviado,Versión inicial,d738171311b5d602889142dc57a80c9c36c37268f1bbb2103d9fc98dff74c0a3
V000766,D00766,1,2025-01-18,U14,Enviado,Versión inicial,0610a019409052466730fe4b316fcfbe91cab4c31e1f2f0155537f25bc1fb0d6
V000767,D00767,1,2025-03-20,U06,Enviado,Versión inicial,07dc47aac028745e927869c3381fc6c5d3ebba6e7f3634420ab6d0dcf855078c
V000768,D00768,1,2025-01-22,U03,Enviado,Versión inicial,e9f340f0eb71653f74ef764cc6f4d26539b8633d27b7cd7674dfcaa89c5c7963
V000769,D00769,1,2025-02-05,U13,Enviado,Versión inicial,1f290422f0b993f21dc4c3d960454d05b60cd0038f43ae2a6f435dcfd0378221
V000770,D00770,1,2025-01-26,U06,Enviado,Versión inicial,107dd069a6ae52b323ca259fddac6c853d83862f765ca59321896ee267f14b1c
V000771,D00771,1,2025-03-02,U04,Enviado,Versión inicial,b7014e0eee96bcf61f039e2cb1c838fd9f003be83c378a1203d7c11af6b97942
V000772,D00772,1,2025-01-22,U05,Enviado,Versión inicial,60940d7b01fa252e476de6d6b39b2850f662eedc2df0d124945a98526c4ce09d
V000773,D00773,1,2025-03-13,U04,Enviado,Versión inicial,c43e5e6dff2ba6384b6273e6c872507c3fb1553043273ee1474af013a62af94f
V000774,D00774,1,2025-02-25,U08,Enviado,Versión inicial,39b5c3fa3dad109bc6a4b91ea86256a21110d28e96ba7e99d45d9db1971f494f
V000775,D00775,1,2024-12-12,U02,Enviado,Versión inicial,e904a8e5e2f11093b184b8079ff37167c87067470917448e154d642b1a4367bc
V000776,D00776,1,2025-01-30,U10,Enviado,Versión inicial,f804771e5baed0d9c0a978205f01179e474b2f223d0e5d16a995dd363525fe1e
V000777,D00777,1,2025-03-17,U05,Enviado,Versión inicial,426c351c8a8d8d8ae18e7bf2b988dc1ac56e310af3bfc9d8feed651c0715b8ee
V000778,D00778,1,2025-03-21,U02,Enviado,Versión inicial,611eefb06e762943b68f785f4c08afe0f5aece66f5bad7ab37af40ab0e3d4e71
V000779,D00779,1,2025-03-08,U05,Enviado,Versión inicial,6346606cb8987b5bd99078f0bb79d07dacbf6d752cc6e77f827342d81c998a88
V000780,D00780,1,2025-02-22,U10,Enviado,Versión inicial,0d3b137a42c1f5daecb9e1aa691159e58ed4f5b5eb024a16a9bcad5fac3ab038
V000781,D00781,1,2025-02-21,U09,Enviado,Versión inicial,09d13293284c90981986b7218e136feb5a38243491da5e36ec3cad52f11faade
V000782,D00782,1,2025-04-05,U05,Enviado,Versión inicial,a8ed4650f4dc3cc61c11c7768eeaae04b7f7b4cca99e3c0d4569268e71317a72
V000783,D00783,1,2025-04-03,U04,Enviado,Versión inicial,e943f424a6d668ee30026cec67d3c9de3451de20210346125acb604d7de09d10
V000784,D00784,1,2025-04-02,U02,Enviado,Versión inicial,afe11f7e5e9417b776a144ed19c5955ff0d3ac0791889cd650a4319476e9e505
V000785,D00785,1,2025-02-04,U08,Enviado,Versión inicial,7aac8a71ada7af44a626bfc743a0dc71bb6598a2e181db0551e9aac12aebeed1
V000786,D00786,1,2025-02-04,U08,Enviado,Versión inicial,06d682c127eabdca30105c878a62a9f06e83e9f4c6c998d7893d4deb4bbd76d2
V000787,D00787,1,2025-03-08,U08,Enviado,Versión inicial,4f280586aff410aa8bcc871baeb70bb437fb9985bf20899ebe8349acac5e4927
V000788,D00788,1,2025-02-14,U02,Enviado,Versión inicial,300dbf99cb1881b723350fe146e48b4bf5e4e2fa329f36f28a02db5ef4abedd2
V000789,D00789,1,2025-03-02,U09,Enviado,Versión inicial,693b712468e176b64819e6016347f22d6135066ea047ceb6b2f21fce2a10a143
V000790,D00790,1,2025-02-21,U02,Enviado,Versión inicial,b35c611febe0dfa75c91365bed3fb8102e578d40aaef63b9b6343ecbdcdc6744
V000791,D00791,1,2025-03-30,U04,Enviado,Versión inicial,dbd39f37966f4237c2f1c0ea0b1459ecd53e861fbcf880d70e9ac3f51ffa376a
V000792,D00792,1,2025-02-06,U03,Enviado,Versión inicial,6349e03e887a7f66361ea6dc325da29bef491fcbc0f7a7e16ae894d8a4f61f43
V000793,D00793,1,2025-03-03,U09,Enviado,Versión inicial,0e3a554f80349c44c8eda6e56863e8af81743cd3406dff0d5dccbf2131fec072
V000794,D00794,1,2025-02-04,U06,Enviado,Versión inicial,b9f3783e73c8584a4de665becab894696239b54308f9b2dfd7e2d14729b2becb
V000795,D00795,1,2025-04-12,U05,Enviado,Versión inicial,aefb903376f81c1755879402b9b22005c6d38b036ff3503ccbc53ac0437172c6
V000796,D00796,1,2025-02-17,U10,Enviado,Versión inicial,caf2427b8840c27b5040cc161ffd1560170245281619ceb2016c5671143b3886
V000797,D00797,1,2025-03-09,U10,Enviado,Versión inicial,5e24dcf78096d7fbd1ec590b666bc4b91af197e84e0f09a3ab1e41a265c1f82c
V000798,D00798,1,2025-03-06,U06,Enviado,Versión inicial,dee61caaa82b3b32669782b20ce70e694b0d1c78b605870bfa2f6a683ab67ac4
V000799,D00799,1,2025-02-25,U04,Enviado,Versión inicial,7e0aec19961dc85f373917b6ffdc70b9b54568598e7472567630bbe94e1e60c7
V000800,D00800,1,2025-04-12,U05,Enviado,Versión inicial,2c1e23abd88b5c7c604d548c8862696e6011782b20df367d6348bfcba60e5e5d
V000801,D00801,1,2025-03-12,U04,Enviado,Versión inicial,7b2798a98a620e0d3ff43d3750e2d5612a4adc42d4e5ce21d85c02c020ebc14c
V000802,D00802,1,2025-04-17,U14,Enviado,Versión inicial,38f2f4e2d57901c5fdaf7153c3bc273da68e9a44cbc6cdaf9bca0127874d25f8
V000803,D00803,1,2025-02-22,U14,Enviado,Versión inicial,59e5fedcc19ea00edd11ca850bc0064350099d527418b9fa6840301f5f58d1f2
V000804,D00804,1,2025-03-20,U10,Enviado,Versión inicial,87dac8a44e150373e6ea154a64493f628fbc3329801c60591813afcd9fada85c
V000805,D00805,1,2025-03-18,U02,Enviado,Versión inicial,a76e265a240d708372f47c643366baee330dbbe904056339bf9fd15f47aef49c
V000806,D00806,1,2025-03-17,U10,Enviado,Versión inicial,c9bbfe61c1da7c63593db7a39e688fa4c835bcdec2d210dc6b82c2b10e8fa6e3
V000807,D00807,1,2025-02-11,U03,Enviado,Versión inicial,dc20f763a220fd9b0df9f606ec05659ad884b09c114bc326161354508286dad6
V000808,D00808,1,2025-04-17,U03,Enviado,Versión inicial,131b06362eb75db927e60e541ae6130fc266a7bfa145aa1ffa8c6e038671c303
V000809,D00809,1,2025-04-27,U03,Enviado,Versión inicial,fc21c3640b92f95b3121c86e153dc96d18285f467793d777ca50e48d6a8d596e
V000810,D00810,1,2025-04-18,U09,Enviado,Versión inicial,0b095605f4fc634fdc7ad6a325d20b32e5768da75da491c210383c20b9ca5faf
V000811,D00811,1,2025-03-27,U06,Enviado,Versión inicial,00653aa02ef7d1ad7d6fc811bdbc23937306705926a2f33a7eeae3ebe5ca2c14
V000812,D00812,1,2025-02-26,U09,Enviado,Versión inicial,23bd369df4261138fa09940013174fc8195b8aeb0f2debfaeacb35810cdaed3d
V000813,D00813,1,2025-04-20,U03,Enviado,Versión inicial,f30fde0bfcd9be723e76f3cdedad27a78f5ca3b48f25c8375e2f90114031b775
V000814,D00814,1,2025-04-27,U08,Enviado,Versión inicial,6ff5dc8f415ba97984c5f559ebc6a6dfaa09e6c04088e033112aaed690aebf76
V000815,D00815,1,2025-03-21,U14,Enviado,Versión inicial,0426e8b65fac12bd645486e16e1c8952fbb8c9453c7b4a484a8eb461f56801be
V000816,D00816,1,2025-03-03,U02,Enviado,Versión inicial,d9dd236faf06f4829065129049703e852f932f42461097b020e072e1d080eca6
V000817,D00817,1,2025-04-02,U04,Enviado,Versión inicial,f3ea49c41840220dbff421b6ad153541ccd3b91d8b2fd61f06622c110b6a96dc
V000818,D00818,1,2025-04-01,U02,Enviado,Versión inicial,6b3714b2b87d06c092f7885677c6888df4bdc3d737bcf49f8251b291576bab94
V000819,D00819,1,2025-02-16,U03,Enviado,Versión inicial,6bdfdf0049f60eb2ba3fca817df17948b47866e5784d6345e78044afa5b79631
V000820,D00820,1,2025-04-26,U03,Enviado,Versión inicial,e401df1383739f476aa8676ac13c64cce45f9781398f75185097847fde59d625
V000821,D00821,1,2025-04-15,U10,Enviado,Versión inicial,fe0b1eca8c11e608ed66805c45717ca038ad6c313756caf052daa1f030462bfc
V000822,D00822,1,2025-02-07,U04,Enviado,Versión inicial,0b8e171cb4433ce9c5fd589e05c3801b782243263acfbc2efa30482616e12d3a
V000823,D00823,1,2025-03-29,U05,Enviado,Versión inicial,6684a86135cf0e752bce6e2fb63d8d497dd64d01cafade812c7813739e953f1e
V000824,D00824,1,2025-04-20,U05,Enviado,Versión inicial,cf7ebdfa650c8395be6087553729d791ca73c69368dc12a8737bb2ed6935132f
V000825,D00825,1,2025-03-04,U07,Enviado,Versión inicial,38a8bb655570b5cad5b037c426612d73dfaddd1f8697248bb7a3b5352eab1c94
V000826,D00826,1,2025-04-15,U10,Enviado,Versión inicial,a2eddb940666882c6967338b5d96f8d5176e0c7bd6fff8201f677836748cd4a3
V000827,D00827,1,2025-01-21,U09,Enviado,Versión inicial,5bc79fa1ab8b3be95710998fd11e111ec31761b9dfb8b74e8c042cd5dba53250
V000828,D00828,1,2025-03-26,U02,Enviado,Versión inicial,21d9c1492b7a6e186c43d7682173166a529d5236c26cc45d1e5e300e58744c96
V000829,D00829,1,2025-03-07,U05,Enviado,Versión inicial,9781b85687206d646a99f1002b8d1ad4833ffa8aea65ac4922219ec266f699dd
V000830,D00830,1,2025-05-15,U05,Enviado,Versión inicial,ba2b41ea7b25e1cc42fb261f44936b30209d6a76b7385961c2a0241114dbf7ce
V000831,D00831,1,2025-03-20,U09,Enviado,Versión inicial,7b943e51ede1733a7ba3a1f1641d7aa1ed8911272447fe5c768b92e84883a871
V000832,D00832,1,2025-04-29,U05,Enviado,Versión inicial,88fa306db08ea7c2266ac47c45060da4c5d10725e33e496922b395528caed6b5
V000833,D00833,1,2025-05-06,U08,Enviado,Versión inicial,566829bf12296af3f1584d4acf396996db5e167520ffac666514a0d25d243c95
V000834,D00834,1,2025-03-20,U14,Enviado,Versión inicial,48e12f2ee718c4e2904a1c34b55183b1fb16d7696cdeef4a0e647e46e792bfa5
V000835,D00835,1,2025-03-25,U08,Enviado,Versión inicial,7cd6682cec51cdbba599ae0a9074de2f0937cfc9fffc903e01d18415cc00d901
V000836,D00836,1,2025-03-18,U02,Enviado,Versión inicial,699348a6d984cb04d05e1697560f2b8d63f8abcb41c826eaacfc1411095a6aca
V000837,D00837,1,2025-03-11,U05,Enviado,Versión inicial,69e306049ffe1051bdba074c95d8fda199cd93df60fbcb7e93e663bd7a4ef1ae
V000838,D00838,1,2025-04-03,U05,Enviado,Versión inicial,3149442063d98edc4159da8fadba675a5dce86d9842958e96e3160312f01ab93
V000839,D00839,1,2025-02-18,U14,Enviado,Versión inicial,13fb493458181cd45b8bd34ba1490b187504f7e7daf22e80c5efe2471e6082ee
V000840,D00840,1,2025-02-19,U02,Enviado,Versión inicial,b65de96c9d87a532958e46ea00818119b2fcb02f19dddaf352eafe1a01d218ac
V000841,D00841,1,2025-04-08,U10,Enviado,Versión inicial,1be26fbae65026afcd3c4aa2bf5203429a33cd3ed188908fdfafa53013c581a5
V000842,D00842,1,2025-04-07,U02,Enviado,Versión inicial,b8c8eba9618f5bf8d494a4658d48c4e5edc1980acb1ceff2d62303fe663cbfa5
V000843,D00843,1,2025-04-17,U05,Enviado,Versión inicial,06e6a9772b7b152de7ea42d9910a72db07706ffa87941cd9421315dae06237be
V000844,D00844,1,2025-05-13,U02,Enviado,Versión inicial,783498e30c74421fd9f91fc97e64993d16a775d9aa0534be72121635816c9dfe
V000845,D00845,1,2025-04-20,U08,Enviado,Versión inicial,e9ed3b06aec03dd0fe0958892ed5df2869ac425ab14d8e3acea694ceb6a4a781
V000846,D00846,1,2025-05-05,U10,Enviado,Versión inicial,e59e5d94023033527f461fb633de7116927d0069fc509010a6bfb151a0def632
V000847,D00847,1,2025-04-22,U09,Enviado,Versión inicial,29d9bf6536dfabe72d3390288162e44dd5eb43e08d065a8aa406aa7a13090ace
V000848,D00848,1,2025-04-06,U07,Enviado,Versión inicial,87040e6f4ca9f05be077dfbc0bdb46f883d30ba791a4416a9012acabb39d7c58
V000849,D00849,1,2025-06-08,U04,Enviado,Versión inicial,ae1613130c967dc712d5c9f76f07bb6cea6733e265ec1e2c171145cb56b8f7e8
V000850,D00850,1,2025-03-10,U03,Enviado,Versión inicial,3567fa8ed99622b660d2a52ee6532a17a118f7329f5ce19c5a0e3572b8db3eb5
V000851,D00851,1,2025-03-15,U03,Enviado,Versión inicial,e45f6f446295c98ec8bd047d5395abf4526b43c210a244037a5234cb954e260f
V000852,D00852,1,2025-03-19,U10,Enviado,Versión inicial,69a1dbdd95fa29a39ca326bc278e2b99b9b81f5eafa863047fcae49106715401
V000853,D00853,1,2025-05-29,U02,Enviado,Versión inicial,d474488f9c7754dc5c045fbbcc3d056a4c739f418717766ccc427dfdb9f91f09
V000854,D00854,1,2025-05-18,U10,Enviado,Versión inicial,a503337a6602525e2af817c1d5eb0fe8a163a0fa630675734f5dd2e8043817f9
V000855,D00855,1,2025-04-28,U14,Enviado,Versión inicial,eca929fcf0bc0cac034f0974147064e49b5d5e0af78f06c6f2692460f5cb91d6
V000856,D00856,1,2025-05-31,U02,Enviado,Versión inicial,2252509324259a784791e9a6edb54a2ef7f18c74cef31eb5d8620acc55750cbd
V000857,D00857,1,2025-04-26,U05,Enviado,Versión inicial,e02118dbf867bd10e13869659d339b02f04587b9f338fecf9300fa63d0db10a6
V000858,D00858,1,2025-04-24,U04,Enviado,Versión inicial,900bb10c2e3b7454cc48ec874f0509fcd6bcfae2b4f707ea23a926322ddbb3c6
V000859,D00859,1,2025-04-21,U05,Enviado,Versión inicial,7fc868ff197a0050d6f9d0d09f01a7f833817a4a656e47e3567f3922722c8dbc
V000860,D00860,1,2025-05-19,U03,Enviado,Versión inicial,59932df6f1c16adccfad263fa22d0e4df098f0b5e88760dc98147afa9c5eafdc
V000861,D00861,1,2025-05-14,U04,Enviado,Versión inicial,53267adf6c1b2ae5dc6ea7cf7eedec2fa9bbd87e2a6a5fa463e9e0174f6acbf7
V000862,D00862,1,2025-04-24,U03,Enviado,Versión inicial,55bf648868cfb4d9283aebdf857c192cc8196e89dc6b9496283b72965a935137
V000863,D00863,1,2025-04-28,U04,Enviado,Versión inicial,7da26f7b3798ccc5865da04426ee38248ac63a8de8bdc935c345ad81f94a2da1
V000864,D00864,1,2025-05-06,U02,Enviado,Versión inicial,c6f567de88bd930ad98eaaaf13905115b354c2fd3da0f1d73a5e6513eb0d5c17
V000865,D00865,1,2025-06-02,U13,Enviado,Versión inicial,03e9f37ed609563a0e5023fc05d81f5119fd27ebb708801e1178a14d5305da22
V000866,D00866,1,2025-05-27,U06,Enviado,Versión inicial,d193dd01f1fb3b0031eb2bc44c1b553e29e1a2c1fd088f3022e69d8410152d96
V000867,D00867,1,2025-06-10,U08,Enviado,Versión inicial,c5a600936f2bdd47c73d580bd40efd0773b3dca2a939361b73376797473c9f60
V000868,D00868,1,2025-06-09,U10,Enviado,Versión inicial,63ee6596842224912d0c048caf3fad91cfb302263fbf8cd11836fa3e2f47fdf7
V000869,D00869,1,2025-04-19,U09,Enviado,Versión inicial,a5af752e2369ab6b4031157b060b3103a07368fa8c6cdcc201eed04264a2d604
V000870,D00870,1,2025-06-07,U09,Enviado,Versión inicial,a7e9d445a68dadb3e04a09485d74eec22a425fd993e5696284f60850beab9a7c
V000871,D00871,1,2025-04-22,U06,Enviado,Versión inicial,830b81986baa859cfabf794e2cc0d0ad34d66ed7e169600cb52ef633dc1c269d
V000872,D00872,1,2025-05-09,U10,Enviado,Versión inicial,b7e7844f8b988e115e2b4e0bf858f3d8ef158e28b7bfaacc682e1c3124e811b8
V000873,D00873,1,2025-04-17,U09,Enviado,Versión inicial,64a9c9a452f651790ec211d5e1f4d004a1d0e7eae92ccc1a36f192be61995c33
V000874,D00874,1,2025-04-15,U06,Enviado,Versión inicial,f1f6abafbd07f4f284402b4a1a243ed53dd398cf2ef853f2de1ccd4a139ec1a0
V000875,D00875,1,2025-06-13,U06,Enviado,Versión inicial,31866afa16c1b7886b8160c69b3bcb1e0ce34aa67f16ca8876330535c8624efd
V000876,D00876,1,2025-05-20,U07,Enviado,Versión inicial,c948ab7b7ec0685a36d0d719a45a7afc59633838a10b5d4cf411c53222ad23c6
V000877,D00877,1,2025-04-16,U08,Enviado,Versión inicial,3779696992dffdc58d461e8f1fe47706c7dc1fa50d42291b0d890cf67ebb7d31
V000878,D00878,1,2025-05-10,U09,Enviado,Versión inicial,00889989ae556a6742ca421260c68999f9c71c2434ee5505e16fab43ddf421d6
V000879,D00879,1,2025-04-18,U10,Enviado,Versión inicial,a7ad4d96771eebb57c0932989af49779b212b2f0e25b7e8290450ff645472d8b
V000880,D00880,1,2025-05-24,U12,Enviado,Versión inicial,1d674c3fea19214292c7e4583fec780e2fa93f6bc503854d2def65b625f3e72f
V000881,D00881,1,2025-06-11,U09,Enviado,Versión inicial,5fef0fa9f0754eca6792f202ca1feff1f582ba57ff78ce712bc8167b876c2374
V000882,D00882,1,2025-04-27,U12,Enviado,Versión inicial,20b2e0211ae605bcee3643bdb3ed34109030dc3d36f3340b435e50657deef584
V000883,D00883,1,2025-03-09,U05,Enviado,Versión inicial,8f30f0492a2fbcdebf06d9c89afc121d298be64ad995efe298a90c0b5ae37d87
V000884,D00884,1,2025-06-12,U04,Enviado,Versión inicial,dd5bd9cd9b031463a56572f4deac0ffdd08029403c16407c0dd0c403e41fa932
V000885,D00885,1,2025-04-18,U02,Enviado,Versión inicial,65e1d04a5c800e4d11be5464e8065db07fefc8d6c5ce58cbb95576d9ad4c3209
V000886,D00886,1,2025-04-30,U06,Enviado,Versión inicial,a36f9361ed76a90c361f473a53a15d9f4fc014a8f2c6c720f755fea32ea0f676
V000887,D00887,1,2025-03-18,U07,Enviado,Versión inicial,b3de3e3e8ba080867996113e87a9b70bb40b3b24e1594e932db8301e18460f82
V000888,D00888,1,2025-03-19,U10,Enviado,Versión inicial,7dfbb86dd7d192b9074816599fb0bb404f4b92542aa9c68682234d95d30e618a
V000889,D00889,1,2025-03-08,U04,Enviado,Versión inicial,47b2b2a9fce98b05d4d163ff899605593cef4f8c4c0b404c90328bbc51983150
V000890,D00890,1,2025-03-08,U10,Enviado,Versión inicial,2396068561c0398eb6eb6e7d585a6dad6036b8a41dd4b4873b45b57c6ecc0d3a
V000891,D00891,1,2025-04-06,U05,Enviado,Versión inicial,1d5da3f93d6a6fba082eb063b7058be7c3768dd068fc962bd3d935cb7703ed32
V000892,D00892,1,2025-05-23,U02,Enviado,Versión inicial,9a0fdfaa91d038a154ca5cc5fb5da2e8015bcfacda42330d33e03601eed06646
V000893,D00893,1,2025-05-09,U05,Enviado,Versión inicial,e8670dee67ef6040f437dcf4725946e5d6434369ddd638b751702c4dfcc47d10
V000894,D00894,1,2025-05-31,U05,Enviado,Versión inicial,da82b49ce982c69c8623db7bc3ec11b0ad614cf06acc72c9fc5ca12e3ba9763b
V000895,D00895,1,2025-06-14,U03,Enviado,Versión inicial,0857dbf7b82b8cf82f374f6ab2e168463fc4e0936af1e075e277999519678ea4
V000896,D00896,1,2025-05-26,U06,Enviado,Versión inicial,aede14a3257ed7135b4eb12addecb48ae5a6c03af13544cb2d9f5b9788320f84
V000897,D00897,1,2025-05-27,U14,Enviado,Versión inicial,15bba51a7a3ea7ef736e5f56c6b7e44f85cd41a2229c85cedf653b13b3237cd1
V000898,D00898,1,2025-06-08,U02,Enviado,Versión inicial,beb946419b92239fac239737321f03fdb4fe20d4a977cd8f46802d9ea4075a19
V000899,D00899,1,2025-05-21,U07,Enviado,Versión inicial,3d7b4a3909f725b5e063aec135476fcc8eb6c07b5872e230ea09214da83199f9
V000900,D00900,1,2025-05-16,U09,Enviado,Versión inicial,6f675d52c8a176db6eaa9506165af68537afd690f996567a7f76613fe9f3d3f4
V000901,D00901,1,2025-03-25,U03,Enviado,Versión inicial,f4e897156a5c9e96c56fd2ac876bb44b7c21ead0b1bdd26be2ad995b31fe7c75
V000902,D00902,1,2025-05-24,U04,Enviado,Versión inicial,16c7690bcc43a849087d2ba7a72de4089e60c68f9096383aaba9397c5bb376d2
V000903,D00903,1,2025-03-26,U04,Enviado,Versión inicial,6bf506a12ff2142266276318a5c9dcee3198510e88d72f8938b98e15205b2068
V000904,D00904,1,2025-05-25,U07,Enviado,Versión inicial,bee1323c09d2e7a943f3f00aa2514d7c34d091d67ce3d724c32f417fb217a573
V000905,D00905,1,2025-03-09,U10,Enviado,Versión inicial,4654bde90c7e3a1f4d88f74d57a8a6301de35eb189f45de4518db88d62b03696
V000906,D00906,1,2025-06-20,U04,Enviado,Versión inicial,45cf795769393b3279ecda0f33f46ada8391209db5ab764c9fcd6215414c147b
V000907,D00907,1,2025-05-18,U04,Enviado,Versión inicial,0d3e0517c4629990be7039a48a4f11e352bd661acb6a57e52e7646e5a52e74f1
V000908,D00908,1,2025-04-17,U09,Enviado,Versión inicial,9522f784c8e4bc74bbf3db24e7e774ab48accd9d67b1d87d33dc18d56cd19131
V000909,D00909,1,2025-05-21,U03,Enviado,Versión inicial,1ab24e9502693d327ed7b488561eebbbb483b985d0135da3604c9866fbdda8e2
V000910,D00910,1,2025-05-05,U02,Enviado,Versión inicial,31c1d4ae7e0341e1c67c2faa29309209e75768ffa425728a170d294296e16ddf
V000911,D00911,1,2025-05-18,U04,Enviado,Versión inicial,75bc997cb70287d66b87deffabe480cdea7d3c3df675218464265796f15830de
V000912,D00912,1,2025-06-07,U04,Enviado,Versión inicial,a00f569874cb3596919be6cb13de21821808e52408b4ef66a33cf1934d5ea807
V000913,D00913,1,2025-04-10,U05,Enviado,Versión inicial,740a173497fd8ac052d9d9de370ceafc0e7010f6fc6f7da6461a981a622451eb
V000914,D00914,1,2025-06-04,U06,Enviado,Versión inicial,f4c6ed1c16e2c8a22e6b18f7e15c85edea7632f5363fc5102a1275ab644113d5
V000915,D00915,1,2025-05-12,U10,Enviado,Versión inicial,0dc99d07c7aa7af316781d933227f995b74453890f9bbce774748a53f3bcc167
V000916,D00916,1,2025-06-23,U09,Enviado,Versión inicial,f7466eb27a852c96282f62f148792c061cd0e4a137b963304a36f56c9431df98
V000917,D00917,1,2025-04-28,U02,Enviado,Versión inicial,f962efcf64c7a07bfdce348f85088060b0d48019146650aa240e0ed2a57f55c4
V000918,D00918,1,2025-06-11,U02,Enviado,Versión inicial,eee7c84accc7803b2de341d51bbc6ee8410e77e307a784a1547669a8662e1a48
V000919,D00919,1,2025-06-28,U05,Enviado,Versión inicial,d6aaffd4463ae242c260aabb6b5ae3104505b07fd0f41d3a0b17b8764410ef85
V000920,D00920,1,2025-05-21,U06,Enviado,Versión inicial,dec3997e9f44c6db3aaeb8e90ec540ed639c8d62e17150bcb319bc8dff80f387
V000921,D00921,1,2025-05-27,U09,Enviado,Versión inicial,82f83bba937cb957880a19cc52699e6d8818c88182edb0cba2524d4cb64b663f
V000922,D00922,1,2025-06-26,U10,Enviado,Versión inicial,3ec55397374a50cef3ef409f645e44603775786b023fb3ab4e81a164f602cc1d
V000923,D00923,1,2025-04-28,U07,Enviado,Versión inicial,a5f3980eb8fded8923afba2244db037ea27e93ccb22d90e08e3447d8fb61ff2f
V000924,D00924,1,2025-06-26,U04,Enviado,Versión inicial,163e8483235779688a26555a204d12ad7cfb55a558461fd8de42470343637263
V000925,D00925,1,2025-06-07,U04,Enviado,Versión inicial,62d5fede0264c81baaa9c37f0616fc053d7f3be02541446b98abcec71a702a04
V000926,D00926,1,2025-05-27,U03,Enviado,Versión inicial,aadac5e4b414f4fd17cb01d7cda541cd309e1b319f0c7b5e3a1521971927e92c
V000927,D00927,1,2025-05-24,U07,Enviado,Versión inicial,851b29d4d24dd585a552811eabc15c7207a8cb4a578d8595e36269e35074e61a
V000928,D00928,1,2025-06-28,U09,Enviado,Versión inicial,25097f76c68e8a6d3d086cd04dc448f62372244148528c2cf6b0c7ec0cdfa443
V000929,D00929,1,2025-03-26,U09,Enviado,Versión inicial,6d93e7730f3b09796e76c8f2dea55cef5493604d64ece58a2a164630c5235b1d
V000930,D00930,1,2025-06-16,U03,Enviado,Versión inicial,a3da22e10d76fd17d263e156b09bf96013896c16a25efaa13840176d56a99de0
V000931,D00931,1,2025-05-22,U03,Enviado,Versión inicial,cf2ca04849dadceba7a32f14949a47dc082ae33f0a9433b6e8c3e6901dc0370c
V000932,D00932,1,2025-06-24,U04,Enviado,Versión inicial,6d9626366a80a489ff029c7540add57d293a3fc0418e40f4ae552df9d74fffb1
V000933,D00933,1,2025-06-17,U05,Enviado,Versión inicial,fc6c45440fc66d5e2324da1dbe1dfb528c6ce5ad5e35240dfcc53ee201ad1173
V000934,D00934,1,2025-07-24,U03,Enviado,Versión inicial,9799379bd4cdbbc8bfd5b5802af8d6562c85e2d3595de1400d2bb838fa917a4c
V000935,D00935,1,2025-06-14,U08,Enviado,Versión inicial,5599d438589e683cf9bf0722431398d0e612df4cecdadc7515adb718465ac8e1
V000936,D00936,1,2025-07-09,U09,Enviado,Versión inicial,17f3ad838fe87331bf9ad14cd5b50be9998b36135c5ed4d61c53c7a722445f4f
V000937,D00937,1,2025-07-08,U07,Enviado,Versión inicial,2745391c63a4af77ac3dfdbdd29b288cd523bfb8ac1b1964be0d302086bc8c44
V000938,D00938,1,2025-05-20,U07,Enviado,Versión inicial,fc40181ffc1baaacaa5efc459a4bcb2558b6d7075003d2aea1117236f7bf4441
V000939,D00939,1,2025-06-08,U10,Enviado,Versión inicial,bbd640db2a7c2d44127ae98e112f0aec6b994f802cff5e25cf05454e8e086b4a
V000940,D00940,1,2025-06-26,U04,Enviado,Versión inicial,26d1378778be7e0c36419e1342d8ae262824ae20eaf9406f05e19f1372cf2bde
V000941,D00941,1,2025-07-09,U04,Enviado,Versión inicial,336b61ebdad09151b4caaeba187ee432b518e7c937ac0eda583b705b042f0d37
V000942,D00942,1,2025-07-06,U02,Enviado,Versión inicial,aa9e24c45f350f4e9af7b3a0bfae24479301ee5963de83e3233c3ceecf4ce523
V000943,D00943,1,2025-07-25,U07,Enviado,Versión inicial,710c9715cd86c34de726657c8cb55afb27202e7b2749b0e79f36ed7e09df5565
V000944,D00944,1,2025-06-30,U02,Enviado,Versión inicial,10ee7c47db5cd5593481328ed2864fa19018c48bbb00feac5d11622e0a133577
V000945,D00945,1,2025-07-05,U05,Enviado,Versión inicial,a2d346420d32863318812a8e42bbcc9285307c221b74aba5996c39230f5e1992
V000946,D00946,1,2025-07-08,U09,Enviado,Versión inicial,ed65ed53c54e2573df6d86c79bfafd71850ff86bbf0bb8d44242ed2174483621
V000947,D00947,1,2025-07-18,U08,Enviado,Versión inicial,5391ed11ecc3498ced863d37bfe501ad2e23578af209ef9a5c401f55778a5dc9
V000948,D00948,1,2025-06-14,U04,Enviado,Versión inicial,296592f758b16db180d03bd79db7380b7fa551e71bf6465e294fb84210570ec5
V000949,D00949,1,2025-06-19,U02,Enviado,Versión inicial,f68a6a738d8f2df0183981807a2acce8a39f90c54b71e8db8b0c7cfaa016caf1
V000950,D00950,1,2025-07-16,U05,Enviado,Versión inicial,cf8c345a1daefb0a27a8df994ea77c1399e4a458f1160ff78d4987cb00ee370f
V000951,D00951,1,2025-06-11,U05,Enviado,Versión inicial,75ee54314e6a00d4eb1fff4f1a6502596941c06a877b83367bcb3f5f1616a529
V000952,D00952,1,2025-07-24,U07,Enviado,Versión inicial,83aed5a520932da1fc72e9572bdb6b103a1f807647f899a985559255dcef7c4c
V000953,D00953,1,2025-07-22,U09,Enviado,Versión inicial,c5fdb160507c1a4a489432d44b113688e8aef690fca5ab301b268c18320c46bf
V000954,D00954,1,2025-06-17,U09,Enviado,Versión inicial,782a6f67fb748863d12184cbfdce531f4f1046bd07c5a070fbdf69a8ca1ef8c8
V000955,D00955,1,2025-07-10,U14,Enviado,Versión inicial,518b17c6443ddc6a5bef8ef613c168cd163fd33f61c16e75cc402ba0ef0668ce
V000956,D00956,1,2025-04-26,U02,Enviado,Versión inicial,4310a8189e22a9231d09693e8eb6aa90259f6d04a7eb71bb886484f8d75e5a7d
V000957,D00957,1,2025-07-13,U04,Enviado,Versión inicial,84bcb6e20ec75c6b958b20fb3951e0066ff0b9c43b53888f1b95a7af867d9d87
V000958,D00958,1,2025-04-03,U03,Enviado,Versión inicial,1eb2deb73d6696470c72775e8b40785ca1bdfc0b23c23f584d3b14610fe76c9a
V000959,D00959,1,2025-04-04,U08,Enviado,Versión inicial,79168a4d98304b705c00bfb122efbbf300a9ab05894a7c0960a6c76d3d7bdf3e
V000960,D00960,1,2025-06-05,U07,Enviado,Versión inicial,2def84a9fad3c22a208d5edfa70484f036b5da9a88b3ef56e13b66f0a7129e0c
V000961,D00961,1,2025-07-23,U08,Enviado,Versión inicial,bbc3226c67d54311f025eaaa147af16957ff2c45151fec3bc1b5d2cb6e6e5f4a
V000962,D00962,1,2025-07-18,U03,Enviado,Versión inicial,6e8291f856b8b2b199077a651fc6e433bfa2e213dd2f434263b63dbb7806a66a
V000963,D00963,1,2025-04-11,U05,Enviado,Versión inicial,49a5b46d85543f7088dd15977248350be9365a6ad6ec4a84ba4ef9ec935f9f1b
V000964,D00964,1,2025-05-13,U03,Enviado,Versión inicial,dc54b43b3954d011be4847938ce890bd91c2e2546a0aa2b1d8138d41a3dd2de6
V000965,D00965,1,2025-07-29,U04,Enviado,Versión inicial,d24b80fb88bb9c531c6be583037c80219ff8c788b5b18e13b6a402a8a324f4c9
V000966,D00966,1,2025-05-22,U07,Enviado,Versión inicial,5919b72d42753ca33df79250fb6490cb3db33c76597edb3af7c8d8bee63405ba
V000967,D00967,1,2025-07-07,U14,Enviado,Versión inicial,d190c3feac5c6866dc733e400fb617d864ef73b5812146d1ec8bd4bbc823baf3
V000968,D00968,1,2025-04-25,U06,Enviado,Versión inicial,5b7af1276ada38f5b43a2833e797af546b43544980f191b10c45ffea1af9f969
V000969,D00969,1,2025-04-13,U10,Enviado,Versión inicial,55c546d9dd3ed5d932e5e3d3e164a5a9314a9798d2bab7edf1a17c0c0a747d8b
V000970,D00970,1,2025-07-16,U03,Enviado,Versión inicial,e83a7fdecfdad289ab5a2a87f478a14bb4bc649f6c751c80e1d0c429d3be910d
V000971,D00971,1,2025-08-01,U04,Enviado,Versión inicial,78d265ff2ca6af7002edb344585e864d062fa65da7a5ca404b5af35e7f7c4666
V000972,D00972,1,2025-07-19,U04,Enviado,Versión inicial,678e976f301488a4042e91c029af7cc2ba666ac5bc33c2f96bd70b380e512a3a
V000973,D00973,1,2025-06-21,U07,Enviado,Versión inicial,7b20e4e48d0970c7f320e63e3521b85a5f8bcf4cde018cd851afd7c721bca9fd
V000974,D00974,1,2025-08-03,U03,Enviado,Versión inicial,f30ef6640388f74eaced62c674435c33562662cae68f73b243f69a21f6fd0b82
V000975,D00975,1,2025-07-15,U10,Enviado,Versión inicial,4ae741a07a767437fe6bc3895a715f439a03741e96553d10932cc73eae41d761
V000976,D00976,1,2025-07-17,U05,Enviado,Versión inicial,41756c65f7584e6bbed3fef53b6b485a64e3f3adaab9a1bf2fe50c8ef6cbbe57
V000977,D00977,1,2025-07-05,U09,Enviado,Versión inicial,b1cbb9387e6bc7f6ffffcd0d38d851edf47e226af792355fdfdbd47f844985d3
V000978,D00978,1,2025-08-08,U08,Enviado,Versión inicial,c783e850cb6384841fb58239251e8e505f32202aa6e5516e97f49a71057d7edf
V000979,D00979,1,2025-08-05,U04,Enviado,Versión inicial,9dcffb25a3113cefdab670f615f9a5dddc0b8ae40363e90ac4f16558e17c3744
V000980,D00980,1,2025-08-05,U02,Enviado,Versión inicial,a28e32b241d30a1a217e9b44ab0b911e0fc33e9cc51b4ff6f30df57c874b8a6f
V000981,D00981,1,2025-06-08,U04,Enviado,Versión inicial,cbfd5e6a7f4fb8f2e745649fea3a31e53b91c66fc7f79d44cead3b73b1805527
V000982,D00982,1,2025-06-01,U04,Enviado,Versión inicial,b5c9b900fb05b15b1dcd6b03c28edb0cfe4b130f55eb3b3a2950b5e1f7ac9fc7
V000983,D00983,1,2025-07-01,U07,Enviado,Versión inicial,e00bbf019c35db4b04176bd84abcc0ed1bae009c9de708b3988b61841d6eea08
V000984,D00984,1,2025-06-29,U10,Enviado,Versión inicial,2f23fee87040abd3aa1b5e49591fbeeea9ffcdbd41d52a7f390e89410ec242ba
V000985,D00985,1,2025-07-09,U10,Enviado,Versión inicial,6c3429edf4f99d75732113e890b75ed2cb9c1e8c55db811eba1aff5de63cbcf0
V000986,D00986,1,2025-06-09,U02,Enviado,Versión inicial,4543a5d807e648ef2662e72006a276efefd89be6b27af2c1a16155a9818e17b3
V000987,D00987,1,2025-06-01,U05,Enviado,Versión inicial,2f475d819f0e3019b67899164cf51df28d3f079d66e4eb40763ac91865675d59
V000988,D00988,1,2025-06-14,U03,Enviado,Versión inicial,4cfe3529a9834f27e039161ad563093d10e93e397dcb77a00a06709d74f7d3ce
V000989,D00989,1,2025-07-30,U08,Enviado,Versión inicial,372be3e852fca4d0df1b48e21ebb0d8f637f01016967f33c259b72c3384ac61b
V000990,D00990,1,2025-06-04,U09,Enviado,Versión inicial,8b1b55aa73fa2cbd82b10fa937304eb4619c566f1182166ac8cda9c8a2e3685b
V000991,D00991,1,2025-07-17,U02,Enviado,Versión inicial,fc42dc06b1d50b62192dd5e2ec16476881b8a96b0b6329fcc2c11062500b11c0
V000992,D00992,1,2025-06-13,U05,Enviado,Versión inicial,bc5b9f400ca55884fc76092c25d34ce17615baac289352e75d7b9e7d683ff569
V000993,D00993,1,2025-06-04,U09,Enviado,Versión inicial,77b776aa16dbcc3d0736da1e3e10ee6df5c0532168d89dd19e97c0d8746be601
V000994,D00994,1,2025-07-06,U08,Enviado,Versión inicial,ee6467f2803746b5cbe3ffee9cd69f9c063d18054434310b134ffc674f86425e
V000995,D00995,1,2025-06-16,U03,Enviado,Versión inicial,ef8b0a52940dd4a389067c0975589393328c80763b3f55e780e10329582aced4
V000996,D00996,1,2025-07-19,U03,Enviado,Versión inicial,363d279725fb77d73879835c34802f43af725f60a183c0520a3c1445cded6e51
V000997,D00997,1,2025-06-28,U04,Enviado,Versión inicial,6f4a7226ccf9100d63e2b8af0dd565b8f7e2185c5c7665ad9c33c0ff102a82ec
V000998,D00998,1,2025-07-25,U07,Enviado,Versión inicial,97dee08d026f6a6886898e78ee1c73f0661779c3a6ac51c0e39544b7c99c1639
V000999,D00999,1,2025-08-05,U03,Enviado,Versión inicial,ba03d73f946f248bcae8dfec795a0999e04e67ef36008e4ffd3e8a47d99be480
V001000,D01000,1,2025-07-29,U02,Enviado,Versión inicial,c96ab9368fea7ef24d23963e2c99253cc8cc2d345305646c0a346883c5224e81
V001001,D01001,1,2025-08-25,U03,Enviado,Versión inicial,30d6978a06152c556fa4b0c0afa9d1aaf2d5e796c306370a9ebff8c4473e0ced
V001002,D01002,1,2025-08-15,U05,Enviado,Versión inicial,69370995e164e876566bf11a323b2702f31d5886453b58ff483b320dcb92ea9b
V001003,D01003,1,2025-08-14,U05,Enviado,Versión inicial,977b390d5413d45d2378af73e8b850be7a8d0be06a5cd02ab1aa61505c5f9e44
V001004,D01004,1,2025-07-24,U05,Enviado,Versión inicial,420fe72ee5d90cff016f732a24947bcefb9321ce9cb0e72eb38560121d82d53a
V001005,D01005,1,2025-07-20,U05,Enviado,Versión inicial,c52697bddea972c76a4d1dd63dc13e9fdafc2ca1fefcac6853d4df5970abd720
V001006,D01006,1,2025-08-25,U04,Enviado,Versión inicial,bbe2074d86002efc291323745c7a261677ad9cd61a60d87c755b3e405e0cf646
V001007,D01007,1,2025-08-09,U04,Enviado,Versión inicial,5be545c29025bacf6a5a1034b2fcc1b3bf23cc1475ae08d14d4f48356449a198
V001008,D01008,1,2025-08-09,U05,Enviado,Versión inicial,951eca36750c514a43dfa047b95b92c1936bef854daf58b9bbbf5d0474940ff3
V001009,D01009,1,2025-08-28,U13,Enviado,Versión inicial,d622e9d5a6b3a75a421973a5b4792ae835b354cb236b925956dc8f71f680bccf
V001010,D01010,1,2025-07-29,U06,Enviado,Versión inicial,fae9d5fe6039835ffbc83561557f3e2a55db48a9958d1057388c22ca5df37027
V001011,D01011,1,2025-08-26,U07,Enviado,Versión inicial,6da4be4313cef2f97d6b2240d2915f965aa609af74c68e0d6f373eb84aa29803
V001012,D01012,1,2025-08-07,U09,Enviado,Versión inicial,a9b0efba9e86bca5ccf19334a695fb5bed57014926147cd4314bbd26dcc30ee3
V001013,D01013,1,2025-08-18,U09,Enviado,Versión inicial,af66ec8ab13355a4923ffbd426a5846c6fd7a12e74bec88bde524efd427abba8
V001014,D01014,1,2025-08-22,U10,Enviado,Versión inicial,2fd1b7f98ff791e6535980514adad65689415d70f2bf6ca6a18c50ac55b78322
V001015,D01015,1,2025-07-29,U07,Enviado,Versión inicial,ede517db336829451213439a1ff9ffc3f4e2c695b91ece2ec6a7b7458c554d42
V001016,D01016,1,2025-07-24,U10,Enviado,Versión inicial,6d611d1422f7958b0c2eda64426bd140e7a79eac7384052ac34653535dcade4b
V001017,D01017,1,2025-08-20,U10,Enviado,Versión inicial,44202def37da681987e1934b0396c09e3f6b42b4d0cbf4509743699bfa0ee717
V001018,D01018,1,2025-08-22,U07,Enviado,Versión inicial,ce339a240206c80aa988b5d3ed91c3322e9f883f6cb52425e392664f0cbf7cbd
V001019,D01019,1,2025-08-20,U06,Enviado,Versión inicial,e26219d4b6b81643e17c0d51a2778bc1b656a3cd8520d8496ca7886971f9c36a
V001020,D01020,1,2025-08-20,U07,Enviado,Versión inicial,da232b4a31795ae561196e41354944be9193a6ab81834ae957273930ed2cf1a9
V001021,D01021,1,2025-08-25,U14,Enviado,Versión inicial,35f86d41b49a8dac3873c73923563b17bd4f38febeb3b8699d35ec801bf2b4e4
V001022,D01022,1,2025-08-23,U10,Enviado,Versión inicial,42b118f7846b6a3462c177b1bf348a1b243dcb272d2739882ce23280d570fd2b
V001023,D01023,1,2025-07-17,U10,Enviado,Versión inicial,c07c835049161c5777e41d4f60ed7749267cfb5b738da5015cad6402d8a2e9cd
V001024,D01024,1,2025-07-26,U11,Enviado,Versión inicial,b05db7fe10a230c0a9206e99c81254dcb291faca4dcb5d2855c1e90c24abbec9
V001025,D01025,1,2025-08-26,U10,Enviado,Versión inicial,a7a438ddcc7c1f0f9397839b2231d1bf7fe3fbca9b7bc738ffaef8f4a753eb7b
V001026,D01026,1,2025-07-23,U11,Enviado,Versión inicial,2fd12c7a537d0b597cc9f2c655267ff03812758533e08bc28c26140b269f6c29
V001027,D01027,1,2025-08-06,U05,Enviado,Versión inicial,3128ad5ccbe0eaa3bd79b47edc5c917a538fcaa1761c506d1badda4f4c76cf86
V001028,D01028,1,2025-08-31,U03,Enviado,Versión inicial,7c31f6760f123daf03bc4604ff836a6008f40d6140211704f7b541af2cac478d
V001029,D01029,1,2025-07-28,U04,Enviado,Versión inicial,c1ae66184ee45a04d332fcc301112b4b86a278d286af07c3bc2b2e30abd1880d
V001030,D01030,1,2025-08-16,U10,Enviado,Versión inicial,50f9b973299e1a050ae84cf499a4ae181d9008864188bb6b811a11b68f50fa15
V001031,D01031,1,2025-08-12,U09,Enviado,Versión inicial,898603e6a8a70bca225e0618ae0d96f26ff933a9061814fbf3827793b8ffc4e7
V001032,D01032,1,2025-08-10,U05,Enviado,Versión inicial,f54193a8ff836691e64a6b62bef982f660865622971badc12722d05126ea1dc2
V001033,D01033,1,2025-08-05,U04,Enviado,Versión inicial,8b032b881939da03a9a46d467daf59ee450896d20f5408412d144fd2af3fa900
V001034,D01034,1,2025-08-22,U04,Enviado,Versión inicial,9667f460cb02e402c0b310fc005685098d69f2197362319c323c6d04632e746e
V001035,D01035,1,2025-08-17,U10,Enviado,Versión inicial,b63efc6c8e81cccf4f9d2b58beed856700b56bdc595aac23c5f8ae31879e7079
V001036,D01036,1,2025-07-24,U08,Enviado,Versión inicial,3ce6be99827be69983184185547fbd492f839580b5491fa610fa9a0ee0e48a49
V001037,D01037,1,2025-08-09,U14,Enviado,Versión inicial,f98faf901e0e8555986e82527df809dfe94083f53b92771cf9e182e879e8db8a
V001038,D01038,1,2025-07-04,U04,Enviado,Versión inicial,567d8d6226f357f70a18b5197d0517a2dab6da0967d3d31d490001af653e2305
V001039,D01039,1,2025-08-11,U02,Enviado,Versión inicial,7aa603a6a687b818260a130905ae7be7a27e4f18e9361a70af381d01938299f1
V001040,D01040,1,2025-07-30,U04,Enviado,Versión inicial,7efc00fa96b64f7cd961a99fd9d4c5dcd833bf2646176ffe914d3f6fa59664a6
V001041,D01041,1,2025-09-07,U10,Enviado,Versión inicial,034a9115cf64594000b063e2ac7f6b14dcc81fa3a24af85aa2919d5ea5a3803a
V001042,D01042,1,2025-07-10,U03,Enviado,Versión inicial,ef7fe9f84dd1271a84434693a3855d365ae2936541a89ec8a7929ce58b634cef
V001043,D01043,1,2025-08-04,U07,Enviado,Versión inicial,8891b0bb55883be7c8e2d4a9e5163c8948df404d611c1e37f0e83c05d0506dc6
V001044,D01044,1,2025-07-02,U08,Enviado,Versión inicial,207c84b5ea2f27caf79f9e1e1dfe087c0fc17c3e14d60c76773e5cb0969ca8bb
V001045,D01045,1,2025-08-12,U03,Enviado,Versión inicial,eec777d41881225fd421a13a873bbf01877aa8233339039a457a7d482cc943fa
V001046,D01046,1,2025-08-03,U09,Enviado,Versión inicial,5f685e0d023885c296f70fcb885cd552041f4ecced2987f050612d1e9ec51b30
V001047,D01047,1,2025-09-10,U04,Enviado,Versión inicial,5879cc9bb832ecb2a5e25d1ccaf8e583588dcfdcf58cf5d86ee541808566fbb7
V001048,D01048,1,2025-09-10,U04,Enviado,Versión inicial,ee9ec084cdb22d9f029577516ca74821ffd02a5579e4234371d0239c705a3c6a
V001049,D01049,1,2025-08-10,U03,Enviado,Versión inicial,99195e5430377b529f18b22c3e0301c02675b9e3401487937df83a74d978cf7d
V001050,D01050,1,2025-09-14,U02,Enviado,Versión inicial,755aa94205f182f909c2e8e799e39411537579c92f81c119b726cf585d0a2c39
V001051,D01051,1,2025-09-07,U06,Enviado,Versión inicial,f7f34d061d10d2bef84cf6b75a6cfec4cf6e6919b12115bdc60e973d34456744
V001052,D01052,1,2025-07-24,U10,Enviado,Versión inicial,fe73f0337068ea71c6f2f14c38253b4be791ee27cf600cd465b90aa225a81344
V001053,D01053,1,2025-07-29,U09,Enviado,Versión inicial,d416685a94079970d5345ba3ada5c40acbf71ed46be6fbc20f03faa6b3af4f15
V001054,D01054,1,2025-08-21,U03,Enviado,Versión inicial,8d2284eb69f8607a68f085ab256952e39295d9bebed6eec4311c04cf2a155bf4
V001055,D01055,1,2025-09-15,U05,Enviado,Versión inicial,b2b533a3797066a1af5688178b186239e96944701414264c1ca6a9679d75ecb3
V001056,D01056,1,2025-08-04,U05,Enviado,Versión inicial,528884863744d80b9a56b314fc19bd29cc868050d125548e0d1b71c526daea6b
V001057,D01057,1,2025-09-10,U04,Enviado,Versión inicial,84bc043fb74f48bd411089482f918eb99a6256fb6ec96439a3c05282b1bbcff3
V001058,D01058,1,2025-09-04,U10,Enviado,Versión inicial,798fb93c1e7568f018b2dd417dc493ce81e03aa11eb316c4ea502cc1233e17a4
V001059,D01059,1,2025-08-29,U09,Enviado,Versión inicial,8d1e7d1723c54cfa940911b9e7069e4765192b293ecda70d64c161c592697a44
V001060,D01060,1,2025-08-31,U06,Enviado,Versión inicial,73d9bf1a8ae748394ae277e8763926d96681723365a09d7d3153919c36f9b876
V001061,D01061,1,2025-07-24,U07,Enviado,Versión inicial,809ec1bb9921f4e4765f457ff97d96f16bf2f168ef088b6c5eadb4eabf95754a
V001062,D01062,1,2025-07-28,U07,Enviado,Versión inicial,aac4afbf31ada7839daa03185f8cc345cd7880779dd9b402ddb8d225f98ddcab
V001063,D01063,1,2025-08-08,U05,Enviado,Versión inicial,2569341d0aaa0508992d1338c8e64e391db20b3ce86678c62942db655f6c589e
V001064,D01064,1,2025-08-09,U04,Enviado,Versión inicial,74357f76720db6001287b360bf51c8c786859fd0dd8ba723620a11a3dedaf4de
V001065,D01065,1,2025-08-03,U03,Enviado,Versión inicial,9027cb63a05b51375dc64643e1dc3c1be66b76fcd0928dbf79ae9506ee913ed7
V001066,D01066,1,2025-07-26,U10,Enviado,Versión inicial,59d83dff522f8d794bc2f9f7dd561d309f3baa4543c8e74a858e1b32a75a8b6e
V001067,D01067,1,2025-09-19,U14,Enviado,Versión inicial,0a3221aac470bab01aad1ca6d7ee2546aaf4872fb46561ef7b83246ea26708c3
V001068,D01068,1,2025-06-15,U04,Enviado,Versión inicial,3621a4e2c162245ca4fc73fcdd8f761a70943e4d7eaf72958f78c55d0754c2de
V001069,D01069,1,2025-06-16,U07,Enviado,Versión inicial,9f6b961f1614618c714e88a49fb30e0252bd3f5d18a6ab186480e2cb850d46c9
V001070,D01070,1,2025-08-31,U10,Enviado,Versión inicial,a11332b203b9284baec457e1dac5e1c9cea4b0c1c8597952e6ffe9168a2699dc
V001071,D01071,1,2025-07-31,U04,Enviado,Versión inicial,308322e076bdba156738492437ab9c5951cffd9bfd2dc8a314c3c7e7a55af4be
V001072,D01072,1,2025-07-04,U05,Enviado,Versión inicial,cf87e184f7aa2d1aa8e48ba38dbb3e1a30387f700c86191ce726e7bfb6fd896a
V001073,D01073,1,2025-07-09,U02,Enviado,Versión inicial,d0527cb3d71a919a102e8ea5651b9ca2c486f8365594e3d8d317bc97db25d0d7
V001074,D01074,1,2025-09-15,U05,Enviado,Versión inicial,d04cdae7c62cbf155b00876de87fdf5f2b9c4bbc81e0831310f846f4ffd1f032
V001075,D01075,1,2025-09-07,U07,Enviado,Versión inicial,f846559bfc0d506051d6d5657b5a5239dab01f5745c533a5565050e36487150a
V001076,D01076,1,2025-09-19,U09,Enviado,Versión inicial,1d65abe242ff20711fb908ce6864f109ce432d071ad3be1b10c32be0c12da956
V001077,D01077,1,2025-08-15,U09,Enviado,Versión inicial,82f453ad051ae92b7ba503b24c18cb6b1f23bf34236ae10994e20bc23ff88d8e
V001078,D01078,1,2025-08-22,U04,Enviado,Versión inicial,80ca0ce469c73840a6eb2e437fc0f02913ff7cbbd731f3554ab27899620332ff
V001079,D01079,1,2025-09-10,U06,Enviado,Versión inicial,e34ef871f3964945b5764817e61a92fa16211e8b044b64380e6bc2d89612c3dc
V001080,D01080,1,2025-08-19,U09,Enviado,Versión inicial,5b6086627429ccc69d68d05a34fab8b0239ff65d0110178649985683fc9c3cd0
V001081,D01081,1,2025-07-20,U04,Enviado,Versión inicial,579264c7ef950e6dea512d1311ae6816a7641a661499b7effe4f97d287495f2a
V001082,D01082,1,2025-08-27,U04,Enviado,Versión inicial,582c7b81523ab6792796c362ebfea4d90f6ce76c23e61fcbea9d4a2c75733b78
V001083,D01083,1,2025-09-19,U04,Enviado,Versión inicial,7d46aec1696baf6cef03a30ff06c3f627928ded0119204ecbf82825897699db9
V001084,D01084,1,2025-08-26,U05,Enviado,Versión inicial,3bfe4940f7e4ad7187f2fe1cc8a8e2a386422bb4efc37a2c16a8ef5bc666931c
V001085,D01085,1,2025-09-01,U10,Enviado,Versión inicial,9029cf49913c5a0b6e0d4bc4ec7d8f778350c97b650fcf2a54779f27e3e05f28
V001086,D01086,1,2025-09-02,U08,Enviado,Versión inicial,2f1f10b89ab95d733b0f4033c6d2a067052a8357caa4267f08cd635a3bd50b0f
V001087,D01087,1,2025-08-24,U08,Enviado,Versión inicial,89b5ac860cd42225afac44a7c8cd380cf436a6bf1132ad155c218cde150e76ed
V001088,D01088,1,2025-08-28,U09,Enviado,Versión inicial,4b54c44472c29d6e3c7ad887ca4caf30d007f2406f201bb153f3cc7199bf7b97
V001089,D01089,1,2025-09-27,U04,Enviado,Versión inicial,64a889efd8e702d27f04f8dcc9a26248ecfe843072a53ad9ea103470ff1c7da8
V001090,D01090,1,2025-09-16,U03,Enviado,Versión inicial,255568ec4b9f9358e4e8f8eb6d7fe83cdc1cdba2832c3fb6c291c718d7e07cc9
V001091,D01091,1,2025-09-25,U03,Enviado,Versión inicial,3d398768886cf3b360e276fd641b57ff0da4276b9390a6ddd1e1a7bf72d3f511
V001092,D01092,1,2025-07-20,U08,Enviado,Versión inicial,dc86999f483bad90266c9c0e191e52c061a06ed54a141fbd3091a72213244637
V001093,D01093,1,2025-09-02,U06,Enviado,Versión inicial,8d39e30258b2a9db03490dd6273bfdd0bc022044d30174aee78ef154562db6df
V001094,D01094,1,2025-09-12,U02,Enviado,Versión inicial,3eecc588c740398558432ad0c20b4e7be804ecb1cc1b442d70ace2c1075e6ff8
V001095,D01095,1,2025-10-17,U04,Enviado,Versión inicial,b7e9bb230d031ba96495749578dea01fbe3ebac8da69e804cf505154f0ff5808
V001096,D01096,1,2025-09-27,U03,Enviado,Versión inicial,53ee591d8f594eb386b3f39d3cc60794d5c271c7ff0d54d17746ef04b38a3714
V001097,D01097,1,2025-10-13,U07,Enviado,Versión inicial,cae06b5da24a7aa665c8da6c78b43d72c442fe613c8a5ba6101fba62574ad858
V001098,D01098,1,2025-09-10,U10,Enviado,Versión inicial,bc532ecdc6eb51ae116b64cea7028c09d9a43920852380efe39b21e26146114b
V001099,D01099,1,2025-09-19,U05,Enviado,Versión inicial,29208093e1c182de120cb7903114801904ed9d9de8712c6f71848efe01da0efe
V001100,D01100,1,2025-10-20,U05,Enviado,Versión inicial,e5aa57e8e3d55d76b6bcaf98fc98902c1c3474784808995174e2d59dad119a77
V001101,D01101,1,2025-10-23,U04,Enviado,Versión inicial,c9943ad95c2f4c1aec8d8a14c4a8b669d72281855f5d0989c3ecdded0c9dd9af
V001102,D01102,1,2025-10-13,U09,Enviado,Versión inicial,af3266600cb74ab695064ff7f60fac5da87984de78cea3e7223208e42be62d0d
V001103,D01103,1,2025-10-21,U04,Enviado,Versión inicial,9693b60683ff7acbb05d5cd0f01d54c5eb5ee80f25f0152af0ec77fc6241dace
V001104,D01104,1,2025-09-19,U06,Enviado,Versión inicial,99af8457282bb29817e2075f69104f1d556292198ba14bf3be8e1cfc214edd75
V001105,D01105,1,2025-10-20,U05,Enviado,Versión inicial,1123d07b719b25c6deee5009af1996f98c6454e61b88ea6eb7f7d428f175e330
V001106,D01106,1,2025-09-21,U08,Enviado,Versión inicial,0643b59df73c74b3913f59fe5105ff677e49be4e7d78c54d0c2b2663193a1cc4
V001107,D01107,1,2025-09-29,U04,Enviado,Versión inicial,bb1aa56530583f73ab9439cd47f99c167eee3093ede1cc1856df0d0a3fabcfcc
V001108,D01108,1,2025-10-31,U03,Enviado,Versión inicial,a099c1561e610cf05a5dae0a909067274ee0f347e27a350b0c61f6e57b9aab0e
V001109,D01109,1,2025-10-03,U05,Enviado,Versión inicial,197a311d36eeb4d2536d8f2077d8ba2c08ab0ed838d9759fbf2111653d3a5688
V001110,D01110,1,2025-11-02,U09,Enviado,Versión inicial,a55f0768404b044f57034087af5cab4faa55278ce816fe4096a93866e0307038
V001111,D01111,1,2025-09-21,U08,Enviado,Versión inicial,061295a7692682b6ef01a1194a9881bb1fa6fe4d64b2892be3023703048b8238
V001112,D01112,1,2025-10-22,U02,Enviado,Versión inicial,4a72b9e15fd80644aa29cbfd07e1b428f53f50b66eab019ca9d8d95166344adb
V001113,D01113,1,2025-10-10,U03,Enviado,Versión inicial,a239db1a6c3ab90bfa391e5032b0aef91deb11a30b33ead8fa3a121a60df556f
V001114,D01114,1,2025-10-04,U02,Enviado,Versión inicial,8db633b78a7eaca72f6a818d9a00e3dbccfc5f19f60ac319205157e45656a584
V001115,D01115,1,2025-10-23,U10,Enviado,Versión inicial,d84501c6fc69a08d9febf4dcea1c8cd73adc665e8afebcfb877a50d495b3d4b7
V001116,D01116,1,2025-09-28,U09,Enviado,Versión inicial,5a2f4f46659e776822c0d710bb4835a01932c0786da16c49c4deb9133ad71344
V001117,D01117,1,2025-10-12,U10,Enviado,Versión inicial,6bd18cb6729b9aa52d617232786521b5483399b6b547f717ed2efbd985d76b11
V001118,D01118,1,2025-10-05,U08,Enviado,Versión inicial,851339021e217b01f36adb2f0c07cfcd417595882d90a783446b6ca1ab69ccd0
V001119,D01119,1,2025-10-03,U08,Enviado,Versión inicial,4af89e988a5d43a8e7d2b30b1016ce89a8c72239cb885e337c5f23246d5fe105
V001120,D01120,1,2025-09-28,U08,Enviado,Versión inicial,d9291f07137fe86f9180585a786188bb4bb076e66c5fda9083666a9ef91cfa42
V001121,D01121,1,2025-10-31,U03,Enviado,Versión inicial,c838ec3cfdcc1871924c11d2e22a3fc6be5d2bd15568ba8a8a159901c878e3f6
V001122,D01122,1,2025-11-14,U05,Enviado,Versión inicial,1d135192a5f5952beeeb89b4037751adf9904f519784f489b733defb2aa49449
V001123,D01123,1,2025-10-30,U03,Enviado,Versión inicial,66105f318bbf0c516c60cd719cce8c8002ff58847ab44ad5db97d87a994fd295
V001124,D01124,1,2025-10-08,U10,Enviado,Versión inicial,ae62f53a9cdd1c6d7541dd052e5da9ddf4bc30b47700f8353b1f420d42ce8ace
V001125,D01125,1,2025-10-11,U09,Enviado,Versión inicial,87547280e6773517b89875108fd72a771c8739fc7c239ab6ec024e19f0770673
V001126,D01126,1,2025-10-07,U04,Enviado,Versión inicial,6dac7333f336cee7c96ddd19b6bb022be1aa264e37420ebaafb1ecde6f3671d8
V001127,D01127,1,2025-10-06,U06,Enviado,Versión inicial,faf36441d9463587a005483289d092c8774e7e0de53fa70da0ca3f33698b9de0
V001128,D01128,1,2025-11-03,U08,Enviado,Versión inicial,f4f6cc4e2aea9c2e8e831a2f8329018f58af3633d9ad6b0dbfa42695440e5db3
V001129,D01129,1,2025-11-20,U02,Enviado,Versión inicial,7920124e66e2102bdf8921c64ac4f5fe327e39d9c4b1191c8f4f1c08ef876cd2
V001130,D01130,1,2025-10-28,U04,Enviado,Versión inicial,1567f67092794a3bffacc76b6f8a5f692f419a09524085d9a70881e34a4ea513
V001131,D01131,1,2025-10-30,U02,Enviado,Versión inicial,90c904245f161e4addbf912423a79a162928c96e0fbcdb48d095e8658cf9ab41
V001132,D01132,1,2025-11-17,U10,Enviado,Versión inicial,b8cbe5dc15b5441f1e6cacb4307dd9754e90243c7942601ed32ec4ffc151d251
V001133,D01133,1,2025-11-23,U07,Enviado,Versión inicial,6439595bc6d537c9672bc05ffe8c3ff206e615d009d49b09b18ebd325dd26567
V001134,D01134,1,2025-10-28,U05,Enviado,Versión inicial,9058f238b53108812decfa4648623f3d0320d0d8334541df2542897f1eeac777
V001135,D01135,1,2025-11-25,U05,Enviado,Versión inicial,a454b7dd08a506d115866a03aefc06843ed4dd01203794b7c2f5327c4c02b70f
V001136,D01136,1,2025-11-26,U10,Enviado,Versión inicial,c9a7bc359bdb20993202c58be4e082fcfd6403de6b4ee1e5ba2d8cea59f46a2d
V001137,D01137,1,2025-11-01,U02,Enviado,Versión inicial,9e959358c243ad6654e65f6f713e6dbd1b2af7ac4ccb9040f9ab4f08ce933e3a
V001138,D01138,1,2025-09-09,U05,Enviado,Versión inicial,6a3512fec2e585df53335644f2cfe49a0eb9b0267957b78a94bd1fde2824ed68
V001139,D01139,1,2025-10-05,U05,Enviado,Versión inicial,67fa448dafb0337934bd9c6a3dde1ba58f5310802ae3c3cf3e963623ef8c5c90
V001140,D01140,1,2025-10-18,U14,Enviado,Versión inicial,85496807257348ae1ad37ced488700385e738627fbe9cb2e7b9c0af161b5e2ce
V001141,D01141,1,2025-10-17,U07,Enviado,Versión inicial,c85b3cbf3f70b5ae6e0010e33148b04e58e33f0c5dbf468725c9d3f144e2c061
V001142,D01142,1,2025-11-23,U09,Enviado,Versión inicial,9fcb0acff356a92f3cb8367180c51345b2e17cf9d022f41f3ca00f00359a10f0
V001143,D01143,1,2025-10-28,U03,Enviado,Versión inicial,c4742039fd73347ee3ba4243345fed9f9c5f1b16f804f8b5601a542550e7873f
V001144,D01144,1,2025-09-21,U02,Enviado,Versión inicial,d29e47b4493fd0ae575e73242a81e8e349b54f5e13088f66d8a68197f20b0a7e
V001145,D01145,1,2025-09-10,U02,Enviado,Versión inicial,cc3616f4e27acb2b3ff43f02211602158bf5b9fbe4e8fb6a32afb10bd3b5b486
V001146,D01146,1,2025-11-10,U09,Enviado,Versión inicial,5c4738da8589fc340edb4d028c0b67ecbfe1e8891b42a27572843d30292eda42
V001147,D01147,1,2025-11-24,U03,Enviado,Versión inicial,27be31a051bad5495b257152ce76a6baa69d3e3563a9640a1dac0a1dd979b0c2
V001148,D01148,1,2025-10-28,U08,Enviado,Versión inicial,00fc4741eeb8970dc97678fc81e637851116dc3b79eb09fd9852d5f6a623b9ba
V001149,D01149,1,2025-10-12,U05,Enviado,Versión inicial,c98b2e5619c2e6f65d89a280be17dd5fef308aa2d21088efb5103cfdb6eee64b
V001150,D01150,1,2025-11-23,U05,Enviado,Versión inicial,e18407436ffb5df323258af66334c0e779bf2e5866826b3b062703af0b187591
V001151,D01151,1,2025-11-03,U02,Enviado,Versión inicial,4c953624998a4aba81235b5da5d8e8f6420496ff4f30562a4c7ba940fe663805
V001152,D01152,1,2025-11-28,U05,Enviado,Versión inicial,4c2313849b1870afba926987806bc612317bd3896a863d6c1e6911128899ac8a
V001153,D01153,1,2025-11-20,U09,Enviado,Versión inicial,71a252bebc94e26501dbdf84ea32bc4e30dcfd1ce17d74232d63dd017831ae74
V001154,D01154,1,2025-10-23,U03,Enviado,Versión inicial,dd6cc4d601363df43dc998669e3bc1031ab470eb28da86494ef1e8ae5a17b45a
V001155,D01155,1,2025-10-16,U10,Enviado,Versión inicial,988224fad95151ff97566c6a02903bef004b5fad643894455ef4a5c307d8d0ef
V001156,D01156,1,2025-11-23,U05,Enviado,Versión inicial,6c22e89646abc904be3bc7164ffe65b6185b006c62edded72adbce3830212d97
V001157,D01157,1,2025-12-13,U02,Enviado,Versión inicial,e2e6e8f487ea270360a9f3b49db6d8f922b37cf9983d3a74d6552146015507e0
V001158,D01158,1,2025-11-24,U04,Enviado,Versión inicial,611c8deee016d40b71c667e43a53c0ec2c08075788163edf4e2b2e08cf32d097
V001159,D01159,1,2025-12-29,U05,Enviado,Versión inicial,ea689763ebd2711c44ae42e156a3b847c1ea2477d8b4743fe798261ee6f057ee
V001160,D01160,1,2025-11-06,U10,Enviado,Versión inicial,6ff94357559898928c1cb545e36fa492fa06403efef2c683a8998ec3c9fafef4
V001161,D01161,1,2025-12-15,U05,Enviado,Versión inicial,4fca7cc26f4da92eab2fde8c7ee0785a5028f8c6f110e79a74f9e9a36be12cff
V001162,D01162,1,2025-12-21,U10,Enviado,Versión inicial,08a520b7fb90dac8d02f3c3d3d3dd59c3db2caf0d4c459d2ec19ca515bc19a50
V001163,D01163,1,2025-10-12,U03,Enviado,Versión inicial,c6da051f79e42ad3913a8d4b0c532611895305ceba7afa82b678381bce0736b1
V001164,D01164,1,2025-10-07,U05,Enviado,Versión inicial,f1a6337d58433c0511b8a727ad14ce0ef0ad175ccef0061b0b3b3504e2fef7cb
V001165,D01165,1,2025-11-05,U05,Enviado,Versión inicial,46f683e96865ea2910439f4488e5846d0bdb8b871030576fa16ea161b3e8ad3e
V001166,D01166,1,2025-10-08,U03,Enviado,Versión inicial,76060fc19ef81dee437cc1d1ee9fea77c7ab42638e21c6daea7ac19065656ba5
V001167,D01167,1,2025-10-27,U10,Enviado,Versión inicial,1866752213acf754ded2d958113dc19f72bf4e22d1e81db3551c9918abf20999
V001168,D01168,1,2025-11-20,U09,Enviado,Versión inicial,45b5c574092565811cf2987a8fb999a74dd8997ce940c9e20173d2a8a67513b7
V001169,D01169,1,2025-11-05,U07,Enviado,Versión inicial,30c7062d78840c5fd76e37adab309e7f92b691b8de38b1f55820a52cc612c887
V001170,D01170,1,2025-10-23,U04,Enviado,Versión inicial,07d64a18cb43cb257d3739991b22749627e0956ed484a6da56d9d16c246438b7
V001171,D01171,1,2025-11-29,U02,Enviado,Versión inicial,c8f93dc2522a896f4b0be63d4b7671e89479e7a4343fe7831433db5aef0c9afa
V001172,D01172,1,2025-12-27,U02,Enviado,Versión inicial,cfa5e27a17f4977b8f23a6836ebc5a5e6fd4e33358d03b3f50b6c001d4e07f8e
V001173,D01173,1,2025-11-20,U09,Enviado,Versión inicial,3e6b7abbfb2a2d1e28885e8003da475eacf093e576b089c475ccbaba1635e80a
V001174,D01174,1,2025-12-18,U10,Enviado,Versión inicial,3fe0d690160f661872f9f96c810746a3273364b97327d598fda6a266966dfa9e
V001175,D01175,1,2025-10-26,U02,Enviado,Versión inicial,3f5016afeeb98a3cfb774470d64ed255a627ec2f039f28b8ece2b9787fb62f6a
V001176,D01176,1,2025-11-10,U09,Enviado,Versión inicial,62c23bbc23e6d19faeab103df81d444fe7f95c26385a36cd7844cc33795f69e8
V001177,D01177,1,2025-11-22,U07,Enviado,Versión inicial,c98a71c6d3844f6f6028455d82e83fdd242a5629fbca06053b983d46c4e88ad4
V001178,D01178,1,2025-11-25,U04,Enviado,Versión inicial,dbe113273a535897569b6a359f2f9829626f13b6e125616584f46d2934793051
V001179,D01179,1,2025-12-21,U02,Enviado,Versión inicial,02f45ae4ef9728d097b754a6dab0c14501efcdbf4b8849303200ae52aec7bca1
V001180,D01180,1,2026-01-01,U05,Enviado,Versión inicial,86ab276b11e7f17595143f3fec9bdb3ed390491da40a6854ce7c3139ff40daec
V001181,D01181,1,2025-11-13,U03,Enviado,Versión inicial,7aa8ee69c465a36dd5764db3590a8ae38568b4de11afe758df9fd619d80ebf71
V001182,D01182,1,2025-11-10,U09,Enviado,Versión inicial,ea25581946e57ab9f7745dfd14db11881f376555605943e34e9d4b65940a76f4
V001183,D01183,1,2025-12-28,U14,Enviado,Versión inicial,89db6459b61cb65532d8d7f2f58388d05334cdb76153c66dbcdbb2fa65d39c29
V001184,D01184,1,2025-12-24,U08,Enviado,Versión inicial,97f6fc84b6941e8c910c9c65676ad6633fa2619c5d40655b3691d06e038a45e8
V001185,D01185,1,2025-10-25,U10,Enviado,Versión inicial,085c1915fcfef4dd2dbba8e8e518d38b4dc1427242ff47c94b1fb9b9dc94c2bd
V001186,D01186,1,2025-12-03,U04,Enviado,Versión inicial,6e8dd22ab2010319a68782974b58b283788a31b6825b580606931d9703fc0a06
V001187,D01187,1,2025-11-29,U04,Enviado,Versión inicial,4592de066415ad7088935c929530d791fd01699ee2841aa05ac909b11138c9bd
V001188,D01188,1,2025-12-04,U04,Enviado,Versión inicial,e52e6b5ccc0b3958c83fec850429494d427b02f48f8faf09e522ba4dd05eaccd
V001189,D01189,1,2025-12-30,U02,Enviado,Versión inicial,abf79315206dde9d42645fbb0ed9051db3548a6f7ed702cbb2073d24906756a1
V001190,D01190,1,2025-12-29,U05,Enviado,Versión inicial,25a1ef7f0a8da66ea75a2c2f95eb1e80a8e976b2e82329e1f09962b53b04ce6b
V001191,D01191,1,2025-12-23,U09,Enviado,Versión inicial,2cb97423d8c18ac2a07f1e5eb057dde83bbc85c00c5cdeedc8d0cb6cc5f32552
V001192,D01192,1,2026-01-09,U07,Enviado,Versión inicial,024bebf563e67fe1771fac7ea85ff36df78c6b9b433a6c4370b8539fce584da9
V001193,D01193,1,2025-12-30,U03,Enviado,Versión inicial,38282d997148c64b63a2d956f0e18979fc13dffcb65f271ebdcf14a22c398e54
V001194,D01194,1,2025-12-25,U05,Enviado,Versión inicial,97d9164e806d213bc521d3eb69b3d4d19fd176828836bf54cbaac7736d7f8ce5
V001195,D01195,1,2025-10-14,U02,Enviado,Versión inicial,a8a6380c6946eab891096803021372d47381682c3ecc601ac103cc24bf178758
V001196,D01196,1,2025-10-17,U08,Enviado,Versión inicial,f6d8cddb86c5f2dbba1260fc81224c90282581d1ae43af6d6c2c5304534eb020
V001197,D01197,1,2025-12-16,U06,Enviado,Versión inicial,b09f1da51305c2d84045e297f742ff99d314308060c54e92bb0bc80c82272f86
V001198,D01198,1,2025-11-27,U04,Enviado,Versión inicial,2b2ce595bd62d0049e8d4b9f94042028f864a98203efc15c1312d33a6a7ecfd5
V001199,D01199,1,2025-12-21,U09,Enviado,Versión inicial,41373a9003217d5f8ee5041ac7337a9c066e2dbe43c419a4f30aaa81e904f07c
V001200,D01200,1,2026-01-02,U09,Enviado,Versión inicial,82499b4e0a10a15a2a29289c22ee2353fa48134f0af832644f0928141282ed6c
V001201,D01201,1,2025-10-18,U09,Enviado,Versión inicial,ec04824364f7d4c73337c8c425253c22b71e2b1b9e9bafeae86dcc938e90a5fd
V001202,D01202,1,2025-12-05,U02,Enviado,Versión inicial,4c510fe58d79dec3430e5687a0ae486206280aaed75e4425cacb39b4e70f7edb
V001203,D01203,1,2025-10-19,U05,Enviado,Versión inicial,3448e31344cbf2a4370729d031b014edfaac49c73c6e89055e51d4ee4e539064
V001204,D01204,1,2025-10-14,U05,Enviado,Versión inicial,5b9ecd3c06bc7b1f5f7bcbd616f55a9174e2a44275b23a5b2c01206edced4020
V001205,D01205,1,2025-12-03,U06,Enviado,Versión inicial,8d6126313082b66c8fe2e49699f995772a8a69cd56398e4a01fd97d27489efa7
V001206,D01206,1,2025-12-22,U05,Enviado,Versión inicial,91c76ef71de106d96c9c96bad1eb113de6556664749dd037379bc1b4b6879a5b
V001207,D01207,1,2025-10-22,U10,Enviado,Versión inicial,06a85fd0c061241c6f8445061849d0f84bf0264a6932bf80d4d59561e51e96e7
V001208,D01208,1,2025-10-31,U08,Enviado,Versión inicial,84b63f8e4a34e31ed017e54aab8aeaee1a3af9dd480f0d945466a2310d207792
V001209,D01209,1,2025-11-05,U09,Enviado,Versión inicial,61b6fcf05bf371d591f6d3ea074fe1fb162d281d49f8513aeb006f610a56df64
V001210,D01210,1,2026-01-13,U04,Enviado,Versión inicial,f8e52cfcf8d7336c62e7d74b5acefd4233d63687220f160b3438619ca20ed462
V001211,D01211,1,2026-01-12,U05,Enviado,Versión inicial,ccccbfec80604fb5a44f354cb057ae85c116be9a7929d9226500f406d22a08b8
V001212,D01212,1,2026-02-11,U05,Enviado,Versión inicial,be7dbf23de204a7a6153188d0509f47894839674f458e6682579012a28d4562c
V001213,D01213,1,2026-01-21,U08,Enviado,Versión inicial,2916ee1f7792a7a07d0657f64568d3d31f7ef49e70ec2e4305a1bfab430b6932
V001214,D01214,1,2026-02-13,U06,Enviado,Versión inicial,a3d721634eb1a5843ef50686d54ea151fcadafe89e24120d3bc4a19c4bc8b25c
V001215,D01215,1,2026-01-23,U10,Enviado,Versión inicial,25df453a66c003157ecda9d4a27bd06a3e0be484c6dc0cde12d4c8e5cfa3a5ab
V001216,D01216,1,2025-12-27,U02,Enviado,Versión inicial,713e05cbbde53c92d5c51365190512c1967855e68cfe4171daec865af03d18bb
V001217,D01217,1,2025-11-09,U05,Enviado,Versión inicial,494ab667667b4bd6c5bb97d72a247937d511f04a167e4d3a4b8b256ec3a9c67f
V001218,D01218,1,2026-01-15,U05,Enviado,Versión inicial,c26d9b44fae029876497eb11f131c17eefd4258d131575ea0ec2c3726bb80e0d
V001219,D01219,1,2025-11-07,U07,Enviado,Versión inicial,97f00517945a7bc6bd95f3d4279bc1c902579ea64f5ccb35d55d5bf11ff5438e
V001220,D01220,1,2025-10-28,U09,Enviado,Versión inicial,8cd17e11c0322ce46b5c633990d5f62aca1f99c8b3463b26b2e56e02ccac6fc7
V001221,D01221,1,2026-02-19,U04,Enviado,Versión inicial,eafadaaf52cb71067dad08fb9a456642934cf90c29c833f69793e4a46f3e1372
V001222,D01222,1,2026-01-30,U03,Enviado,Versión inicial,bfb3ed277c08e294d5302af34963777378ebf5eb29ecfaa2eb97052ad71975d9
V001223,D01223,1,2026-01-26,U03,Enviado,Versión inicial,217b4cc9d9e3a143b5f3dcbbf7c9cfc9475a8bf677a44c5bfc4e4053a3a189bb
V001224,D01224,1,2026-02-18,U02,Enviado,Versión inicial,cd266d78570db72f21515c42926edc8dcd271beb4dc3cfa4ad1f29ed1622c98a
V001225,D01225,1,2026-02-02,U10,Enviado,Versión inicial,36d12929c0ffe268209d9280f428c138719b72b491de8f16d936490b610a166a
V001226,D01226,1,2026-07-01,U03,Aprobado,Versión inicial,f6791e6b454ec62c0ecc84c8605fe2aef6390e18b7f93a7ca0a3870b667822eb
V001227,D01228,1,2026-07-30,U05,Borrador,Versión inicial,5c4238eb5629e03a44665650b2ba4ec8fa10760791d80c3e2ae4008fb837bae7
V001228,D01229,1,2026-05-17,U05,En revisión,Versión inicial,5887adc24a8ab332e3fcb34a8c3d48c9c2c58d62af1f4f1594db3be0e8090233
V001229,D01230,1,2026-05-10,U03,En revisión,Versión inicial,34a4c73e9747e184a654fbc77813723ad4a63b7a9b12dc6fdd69bd1bcab95d8d
V001230,D01231,1,2026-07-05,U04,Aprobado,Versión inicial,de09b4cf8dc0e0ceb15cb60d0d03af0f36224c9d5854c5f7161d46edecea8568
V001231,D01232,1,2026-08-19,U02,Borrador,Versión inicial,671dedd236e357c4d07c0bc657c9d3337134d299497d6128d487b56b5628fd8e
V001232,D01234,1,2026-04-07,U04,En revisión,Versión inicial,ee9d3cc9cf6efa4fea62bfa8bdc006d34e8f6aa333950e099ba8d0960b1da3d0
V001233,D01235,1,2026-06-27,U13,Aprobado,Versión inicial,239924af38b392bc14eeb9ff79fcb06ceb60cd2baf96cae8c62c841ab529017b
V001234,D01236,1,2026-04-30,U14,Aprobado,Versión inicial,be877f3d98c98047e975fba37475fc47d0930b895752367b720d31f7ff7ea0ec
V001235,D01237,1,2026-06-18,U08,Aprobado,Versión inicial,ccd4e048ec94c1837581052034a1b8aebaeae0974676d8197c88d5d016e56042
V001236,D01238,1,2026-04-08,U10,Aprobado,Versión inicial,e0d64035dd4b4c1676b534fb976be7c0327ea352d96ed6e411367c033ba9371f
V001237,D01239,1,2026-03-02,U11,Aprobado,Versión inicial,fcda53738a62aef2a70fb696e02c4ab119a5b53844dc54567a0dc20ab6b77213
V001238,D01241,1,2026-09-14,U10,Borrador,Versión inicial,8098c14708ebeed770aaa377127a2436c939509df4b6b88591307e3b0196d287
V001239,D01243,1,2026-09-02,U08,Aprobado,Versión inicial,482ab9ad145e075d2707c57da457cf6bac5985d33dd92f0ba48d925ca6c51abe
V001240,D01244,1,2026-05-19,U09,Aprobado,Versión inicial,d3714c1c8f09846ddf2de30d2702938f8d8b962ef8a92ae00230844b8d30c45c
V001241,D01246,1,2026-06-03,U07,Aprobado,Versión inicial,c4c87a7b3db6a759626a900aa47130010fa95b8cf141859aadfba202913daffe
V001242,D01247,1,2026-06-29,U14,Aprobado,Versión inicial,2a5649277a5f0ea0d8f7e0193f290dd9fe3006fe227ac95c7c40b28575a740a9
V001243,D01248,1,2026-05-15,U14,Aprobado,Versión inicial,8da389972e67ecd7fcf89a8a83bf8959fac12b8e56d2a3c8fa638a2665f40097
V001244,D01249,1,2026-08-12,U09,Borrador,Versión inicial,8ef8d6c749a9a42ffeb6fcfebbd22557c43db96c0bafae531a755074c7e49ed4
V001245,D01251,1,2026-07-23,U11,Aprobado,Versión inicial,1cd9f0e061ba4064f7d42fc49e7a35c9e4619619493f22c3fc6aff411429bd0c
V001246,D01252,1,2026-07-21,U12,Aprobado,Versión inicial,e79f559c31d77673a9585615b2e76fb1bf40a1e0b5a9de306982621feab9e27e
V001247,D01253,1,2026-05-22,U12,En revisión,Versión inicial,e0bb01f2bb5b1117d33616a39f50ccacc73cc3dcc1c68fc54ab61792c81c273d
V001248,D01254,1,2026-08-16,U02,En revisión,Versión inicial,b8db556ffd8ac2ed58ce78a0edee93974a5ead0849258e11a32693dafffe46a9
V001249,D01255,1,2025-12-19,U03,Enviado,Versión inicial,f90614b33a3fde6020f7947425b42891a222638bd9c5d0d38a7e1781dad16e84
V001250,D01256,1,2026-02-21,U03,Enviado,Versión inicial,c7519d1b88be16189c390e7d3da9303aa7686c38e801e5de850eba6f52c3ee35
V001251,D01257,1,2026-03-01,U02,Enviado,Versión inicial,ea14a6f3b03e8e18e4dab03ee5ebf511bb37a3e89cd6da69d68c286e7f3c79c2
V001252,D01258,1,2026-02-27,U08,Enviado,Versión inicial,4286f937d94d01dca724eadf2c1377491febf93b643076382b03de5bb3724f61
V001253,D01259,1,2025-12-30,U10,Enviado,Versión inicial,d9f6ce8e70201b0adbd2107a554614f5cbe9308959eea015b4c2c91c5ced2ffe
V001254,D01260,1,2026-02-10,U03,Enviado,Versión inicial,ac7202e1b4f12513211191d1d630caddc3c995a142dbc227da04f8847945ae1d
V001255,D01261,1,2026-01-08,U09,Enviado,Versión inicial,22137666ec768ad420439e2ca18416f15efb23d266e9f59ad41e117c0aea33f7
V001256,D01262,1,2026-03-06,U04,Enviado,Versión inicial,c726cad92cb65346aa2e97917488c66c82b4b68f1f88667f9fcbd8c9ede54b0a
V001257,D01263,1,2026-02-16,U04,Enviado,Versión inicial,1a0760b84f5705569d88f6661e6a21bab4ac3931fcb08e7da6796762382b4c1c
V001258,D01264,1,2026-02-07,U02,Enviado,Versión inicial,ce049a9c6cd1c0b5b80607e621cf8ffc3213a46a32117e85aaffa07a3164e2fd
V001259,D01265,1,2026-02-07,U06,Enviado,Versión inicial,b503de518151368fc25a09114c385510a798d271ee27bacaaf8f1897302ab762
V001260,D01266,1,2026-01-19,U09,Enviado,Versión inicial,dd8f7d7c3f05058eb012de08f9c9100653446178e6de857c3d87130639505c0d
V001261,D01267,1,2026-03-10,U10,Enviado,Versión inicial,cc5526067c5171b22c9416522911652a11925ac1d7be1610db4acfd04fceca96
V001262,D01268,1,2026-02-18,U02,Enviado,Versión inicial,85a071cd066fcbfb56f8d94145a5f50b92a9729e000fd568d26178ff64b51f7b
V001263,D01269,1,2026-03-17,U02,Enviado,Versión inicial,c747dfb2e173dde099348c23f1ad8c5cfe94f9234320ecbfd0f33cd25f0bcd43
V001264,D01270,1,2026-03-20,U02,Enviado,Versión inicial,0c00a647eb41ac0c03d5fc52bccd2a627b5971435f6d3a3ed9458c25d58854a5
V001265,D01271,1,2026-03-31,U10,Enviado,Versión inicial,28e3a42026cfac391530b250b8bc3b409b388f93a737cdfd63d3327a4eb85c73
V001266,D01272,1,2026-01-30,U09,Enviado,Versión inicial,e21584e2d4f4178d03561e6b6cc82b2db8693308286771006a8aebff364994eb
V001267,D01273,1,2026-03-24,U14,Enviado,Versión inicial,949818a70f78c9a42dc4726d0e29776c1a565a7bf06dd657fbf8932b0c67ceea
V001268,D01274,1,2026-02-16,U10,Enviado,Versión inicial,1353cfb3706fd22197767f959dd7303bf979ac91e4e5b7397a1fe05ae1284c4d
V001269,D01275,1,2026-02-25,U03,Enviado,Versión inicial,181693e3b5489dad7d626b4ec38356aa5235d9ee8f22f4d405e890227831a5ad
V001270,D01276,1,2026-03-30,U07,Enviado,Versión inicial,7ad38d1bf78ccfab5146fffa41587ee3a8cb775563c2e5533f6402ea9af9fea8
V001271,D01277,1,2026-04-03,U04,Enviado,Versión inicial,2afe7eb48a94f6b4acd0a5f2cf714f2babcaf7140ab32c3c9f9700b59ab0c5d7
V001272,D01278,1,2026-04-01,U04,Enviado,Versión inicial,8bc35dd8f1d099c16645aee73e1b643d814a383c4ebd25899120d8c367604aa4
V001273,D01279,1,2026-03-13,U02,Enviado,Versión inicial,1986df09376b3ced3c6d88644099a53e0f9ac4cca7cd16c0781075c3bf02dc40
V001274,D01280,1,2026-03-17,U04,Enviado,Versión inicial,b6f81155dd283a0e3af7a7b9822e2e46944e99ec1f76a164aa1b46c6c666bcd1
V001275,D01281,1,2026-02-26,U10,Enviado,Versión inicial,f9e1305098baeb54426666d49f31843c0173153afdb4d8acfcde6cedb66d6372
V001276,D01282,1,2026-03-11,U14,Enviado,Versión inicial,b338091509d9e38d00d7870ccc3e6914df99bf1ec37ea5d3fd382c6202129bec
V001277,D01283,1,2026-03-28,U08,Enviado,Versión inicial,a07c320886d2283d4b59356c219f84dc579f7ebd00fbf03647f9d4e6ef8b3d96
V001278,D01284,1,2026-03-24,U04,Enviado,Versión inicial,01ecd1b07fd9674d6aafa8781c01e4b1332815d90c070ee8222199b79217adf6
V001279,D01285,1,2026-04-15,U05,Enviado,Versión inicial,8e4b95689418f585c71e35c97336d32099f8ef1417b4df24b34912db519cfc8d
V001280,D01286,1,2026-03-19,U03,Enviado,Versión inicial,8b4577108538d31d53804fe15b718c5d45395349f771e68b40c05fb910bd9303
V001281,D01287,1,2026-04-05,U09,Enviado,Versión inicial,26041690ca30a552dfca82ee15d28722cbe699b80c1213c27ea45b01a75ff4f3
V001282,D01288,1,2026-03-06,U14,Enviado,Versión inicial,0ae73035b47b86521c1752f22280d0e7a889573a5c68693fd8fe4dc52ee62fdd
V001283,D01289,1,2026-03-31,U05,Enviado,Versión inicial,d9605439489ebd5edc0a32bbfc74ec86beeb9159f9d34665533edb77bb49687e
V001284,D01290,1,2026-03-30,U03,Enviado,Versión inicial,fcff6cf935454f6a03d849192dbbe8f1b4355d10a9222e503df91e411f5f0318
V001285,D01291,1,2026-04-09,U06,Enviado,Versión inicial,f53e10a6bac525e7468cb955e1494d37e3fd67692736d7da7dcd6da216380913
V001286,D01292,1,2026-04-06,U06,Enviado,Versión inicial,cc595d1b1966d123e54dc34ffa7c50d42492ffac9c3833a75702ee29117bed88
V001287,D01293,1,2026-04-12,U09,Enviado,Versión inicial,926d44e1a0d671b04abb1eb3aac2f1f2355f420fa45ee5a47a4f37bdfa037ed1
V001288,D01294,1,2026-03-29,U12,Enviado,Versión inicial,0f2d341f93ff3dd6a235b6b5abc10a8b66fad5712d857192d40225b38714d762
V001289,D01295,1,2026-04-29,U09,Enviado,Versión inicial,256e53d0e5697c6f47e95fd5681688b8d3f55283b4eb211f105877f231e73cd1
V001290,D01296,1,2026-05-22,U02,Enviado,Versión inicial,dee143409a99a567633bc074952370655a9acf06658d90b771e0bd7ea48ad86e
V001291,D01297,1,2026-05-17,U02,Enviado,Versión inicial,73e96b218d3499077390d5193d4e43f3510f5f38f9d616991b871fde2faa039e
V001292,D01298,1,2026-04-15,U05,Enviado,Versión inicial,483259fc33ea1033be41756d1cfae54be5e76ac282283f7bbcd463dce4325643
V001293,D01299,1,2026-03-06,U09,Enviado,Versión inicial,506a26f1c65d6ad6b8cbf647fa3a18bbc554137459c4e1daeab6c545944792d4
V001294,D01300,1,2026-03-27,U10,Enviado,Versión inicial,df5469d6bf1cd0a9b725524850167968361eb19ac77d96e6ccffe9e73d47767f
V001295,D01301,1,2026-04-24,U14,Enviado,Versión inicial,d0670d229116feeb03a948c84062646e100dcfc049148fa56b6758efe726a003
V001296,D01302,1,2026-04-16,U14,Enviado,Versión inicial,c04f0ed91e9fad0b8d43e06fd208eaa38cfe6b9a5b6c814775dfa6b2a89fa8e4
V001297,D01303,1,2026-05-01,U02,Enviado,Versión inicial,1515557689f9af6701ca68f8431de083920281d7c2baef583821f7afdbe77638
V001298,D01304,1,2026-05-22,U03,Enviado,Versión inicial,6e02b411de1bd2feb11f62641ab9b610ebe220b28faac4b7642bbd587f3a6e78
V001299,D01305,1,2026-03-11,U02,Enviado,Versión inicial,44e9ebcbee4ff923a3775ae28c1c24cc1f929ebb61399a1728f14505a141e4c8
V001300,D01306,1,2026-03-24,U09,Enviado,Versión inicial,e5e487a7d1fdfc7bef8d59b5ddf1f302967f0ccbe170cd61a35f554ae8e82086
V001301,D01307,1,2026-05-10,U02,Enviado,Versión inicial,71bfdf78a80f497f499aedf26f0608a2156181b912ae057a0d838e2e48394846
V001302,D01308,1,2026-05-20,U02,Enviado,Versión inicial,e3754c9d9b301baf0b09bb43e2593940b172bcc5069b884c329831fe2cc23a7f
V001303,D01309,1,2026-05-20,U07,Enviado,Versión inicial,2bfcb1f6a52eb58b8e831315e0eb480761c56a0b4383e5cae93290ce00796dac
V001304,D01310,1,2026-03-07,U09,Enviado,Versión inicial,dbd547bc9771659ea3834ac609f6dd81ec047e964a3abda0a163a0ca602ebd44
V001305,D01311,1,2026-05-04,U04,Enviado,Versión inicial,d5cf224c74905d2d74a6415c022aee6017a529231a8a7af5b94089be8177c967
V001306,D01312,1,2026-05-26,U03,Enviado,Versión inicial,9c92f90d009749749ebae95c863552e8fec2db2aaaaaeb26ee944a165589cca7
V001307,D01313,1,2026-05-17,U04,Enviado,Versión inicial,f003e8b4e4b853a5dedde54be85105ad99e71c1e72d477f357fdbba71cf2c6cd
V001308,D01314,1,2026-04-30,U07,Enviado,Versión inicial,2ea46ebc5ddd8712cffbd781ae9976f4f92a91fce49864052bcffb60793e6353
V001309,D01315,1,2026-05-03,U10,Enviado,Versión inicial,98d9b019ee49d4bea1398754456c4f18855f0006b5a9d5e4f48517d42e1b98ab
V001310,D01316,1,2026-04-28,U03,Enviado,Versión inicial,416721527f625cf8f507d28f21a846aeeb4f19be6f0cbf0afb51c3e67a4ec4ae
V001311,D01317,1,2026-06-01,U05,Enviado,Versión inicial,4ad54b3fda1596f2aed286c28444ed59062c52d16008f446fdf266496c4f2384
V001312,D01318,1,2026-04-22,U04,Enviado,Versión inicial,d8bd99c2e79a812326e7c98d1ec1ba1002c01105341e56cbb8e128586350d7df
V001313,D01319,1,2026-04-17,U05,Enviado,Versión inicial,bc5ce01c3ed14e9a865e3f6230d465b2d2b1de8d1a26e6907a7aa0a87bc89fce
V001314,D01320,1,2026-05-26,U04,Enviado,Versión inicial,c24a35f0e804c4ff8a0a7eb3e8616f9e0040d3f89df1ad4403aad88935659605
V001315,D01321,1,2026-04-28,U10,Enviado,Versión inicial,cc83f12d3ef6cde0d846290065f72cd0e2b489dba33b76c7be087facdcaa4e2b
V001316,D01322,1,2026-06-01,U04,Enviado,Versión inicial,ea1adbd90c4884c4e0ea7b11d3517500ac8ad8d44c2b22cd5144b2e10ea806a3
V001317,D01323,1,2026-05-16,U02,Enviado,Versión inicial,82af020e14d8678e27bcce609756ce7824a54f6a02a1fd6d4dfe13606f0ba8af
V001318,D01324,1,2026-05-26,U05,Enviado,Versión inicial,8409dafa61d56e3382ad48f208598a6c52463f4b38bfb5a79248a1a3f71067e4
V001319,D01326,1,2026-05-29,U06,Enviado,Versión inicial,845281e40f1386a56d5b8961b9553becc8d70b0af6e728a43fd526e29346c0f9
V001320,D01327,1,2026-05-13,U07,Enviado,Versión inicial,7be2c177661cc34029f4d4b907f7fd2010a6bb278d603e0f91c100788d9b4bf5
V001321,D01328,1,2026-05-30,U13,Enviado,Versión inicial,947a14b37e8761ae66a3e6d87c860814e07c34f87d3e105b96e94740f248328f
V001322,D01329,1,2026-04-23,U02,Enviado,Versión inicial,2062af07e415f4a3c8ebe3ffd511ecee44d308649c1f0ec53c1a2dddd9d9d39c
V001323,D01330,1,2026-04-26,U02,Enviado,Versión inicial,15d6f834d3ea91584958144c81af4ad9339cc80a4ac09b2958c64a047a7075a6
V001324,D01331,1,2026-04-04,U04,Enviado,Versión inicial,6f9a6afaa17a6d8529346c7f255d5267727776fc69393e03be1f15ded525f5ec
V001325,D01332,1,2026-05-17,U05,Enviado,Versión inicial,cb39f0b14a431dd402906d565e271fc2a56ff826e8646f2749f9c9f898d2279a
V001326,D01333,1,2026-05-12,U09,Enviado,Versión inicial,e4f4d4df734e98b5ae6cb7effc8e91bccbe7ffbdf01d2503996548a6ea553d47
V001327,D01334,1,2026-05-11,U08,Enviado,Versión inicial,466c37d7a56ea3e7adef453a2bd9b149d2f3469aa22bb6e5bc87013b72e73397
V001328,D01335,1,2026-04-10,U07,Enviado,Versión inicial,f07367cb99e0f5c617725504c8b485ed968227a57f9876d9327b93ae60dcae7d
V001329,D01336,1,2026-04-07,U04,Enviado,Versión inicial,56f2978c911c7f4cb7e9db831f00b5b2cf9e606bd862ad2f887d47d0e87e8130
V001330,D01337,1,2026-05-14,U10,Enviado,Versión inicial,4332c43468a6b8afec7101415b061776a33487e5448e433c7c49076ee4f1e8bd
V001331,D01338,1,2026-05-08,U02,Enviado,Versión inicial,7e6338ebaabf82076fa51c9ad71362c2cf779d8257c3262696a5d5ee00430058
V001332,D01339,1,2026-04-18,U04,Enviado,Versión inicial,a854e58c16b32546abfa362f6e9df7d0a7c85301ecdb05a769e047aaddcfdf44
V001333,D01340,1,2026-03-19,U04,Enviado,Versión inicial,0769f445d9a4340bcfe3e67ebd1cb6f4d4e9f5da840cf5a485b2193175b402ed
V001334,D01341,1,2026-03-22,U10,Enviado,Versión inicial,04ea33d41881cb4f9617f7a6c594d74476a277115e974f65d89433d8e62a55e9
V001335,D01342,1,2026-05-01,U03,Enviado,Versión inicial,0a92e70323ddad1374bd397adc0869a46586a9c5a9d23919379b1be0080a4ecf
V001336,D01343,1,2026-05-16,U09,Enviado,Versión inicial,ad457e0eb0a4255e1a868742eec2e4cb66805edee2cee7ae7589967e64ba9b68
V001337,D01344,1,2026-05-08,U14,Enviado,Versión inicial,40aa72eb1a530fbdef06984ddfb1ea67a26f20599edb70d66ff1a930a04049dc
V001338,D01345,1,2026-03-19,U06,Enviado,Versión inicial,4dbb8a096c49c8c6166b4facb9eda2c4b452b326329b2f62a3da8c3c6f55ef56
V001339,D01346,1,2026-03-21,U05,Enviado,Versión inicial,443f624c61d7f508cab3e5e333c3abe41cb96389b2eb9223f8a4cd93128d67ec
V001340,D01347,1,2026-06-11,U04,Enviado,Versión inicial,8535ceb05a578da8ffb59daacd5e120741b35e0793d20d2d0ee0212894c49096
V001341,D01348,1,2026-04-13,U05,Enviado,Versión inicial,ab8e7adc9d83ec12c7c38996d68471ead5660ab47cc1584a1a669d4b6b692008
V001342,D01349,1,2026-03-03,U04,Enviado,Versión inicial,f51f4b251011fb67ae19ede2d5e9351c217993ec00f324dd5cc8293fe30c95c1
V001343,D01350,1,2026-03-13,U13,Enviado,Versión inicial,9c761ebca55e924486c064d171a76c3571059080f6dd589e793559dda3cf9e7c
V001344,D01351,1,2026-03-19,U07,Enviado,Versión inicial,5ae9f205ef3b7c11c5e9acf81463e239248dbc1fff9c08cce4c1178061b15eae
V001345,D01352,1,2026-02-23,U10,Enviado,Versión inicial,619ca2447927e7cb45a540517aa30c848b1cc36cf6c5f606d3f5b040c1360650
V001346,D01353,1,2026-05-11,U06,Enviado,Versión inicial,9de72ee05ecbf96c5be6e4da4360067e520c0c58a5f0f6cd0d200243bbc623f2
V001347,D01354,1,2026-05-28,U10,Enviado,Versión inicial,1307c4675b5134d1448ecfbdcbebd1fe1252c2a7e2d0ea3b19d48a6e5cf23402
V001348,D01355,1,2026-05-06,U12,Enviado,Versión inicial,8fefba34249b1565eb03eb66d197982b1f0b544ba367241da073b0b172feb0b4
V001349,D01356,1,2026-02-24,U11,Enviado,Versión inicial,bc647586750ddafaea0c860e151a73924faede873b9d2bd5b0e7e3271de72efe
V001350,D01357,1,2026-05-19,U04,Enviado,Versión inicial,f86fc50d1dc35a7e39b0b4c4961a317d8465f29332a2837a68b3ed1b2402fd84
V001351,D01358,1,2026-03-26,U03,Enviado,Versión inicial,26decfca5d361cca3df1c055c61a069a1905db360d0554e8e69edff9c73d9236
V001352,D01359,1,2026-06-09,U05,Enviado,Versión inicial,430ffd66a5d775ed978216b6051b84ccf4d8d45b5edfe3779b178727519d3dd2
V001353,D01360,1,2026-04-27,U14,Enviado,Versión inicial,aa9174b74137b72448d5f4a9e4b645603ba34ee00e7e1bd0e3ba3f7fbf3f4f6b
V001354,D01361,1,2026-05-26,U10,Enviado,Versión inicial,f94e0a5aaf403f2637684ce4063630b26bff0d87b5e6ff4850d57918dc8fef7f
V001355,D01362,1,2026-06-01,U05,Enviado,Versión inicial,38769c3cb166751e16570ba19ca21c9808e2663c62b6bcd676225821caa4d3a4
V001356,D01363,1,2026-05-28,U04,Enviado,Versión inicial,d0701ab9c03aac1a3505d57646288d0802bb7a7c85db273cb45ee88f694093d9
V001357,D01364,1,2026-03-27,U10,Enviado,Versión inicial,fb04734429b3042b772b28ebd8c1950d559041cfeb4f9d8f077f08ab212f1535
V001358,D01365,1,2026-04-22,U10,Enviado,Versión inicial,6e01c762c1f98d405b04a79839e615c39b29b882f7b947d39fe28263ce94f4c2
V001359,D01366,1,2026-04-07,U02,Enviado,Versión inicial,2e0d804cfe9ea76cc5f0d80af965c52d46c73a3a74710f0004575c26fdf01ff9
V001360,D01367,1,2026-04-08,U03,Enviado,Versión inicial,1c9f2f9aef48d83ed7022d1002b13034e8c5eaa5289f6ecbdfd958d4078c20b3
V001361,D01368,1,2026-06-03,U05,Enviado,Versión inicial,cb3fa4528dfcc499207b05c7e1f84e09d6e29273473b3308d4938fd282c46f44
V001362,D01369,1,2026-04-14,U07,Enviado,Versión inicial,52070754200f81bb831002e4928362bd110ebb547fb6f93c7a9da3992691e554
V001363,D01370,1,2026-04-10,U05,Enviado,Versión inicial,56332f8bebf8a1006d0dd482295383a38fa573786c76721161022ab8ffdbe451
V001364,D01371,1,2026-05-31,U10,Enviado,Versión inicial,fa61e0dcf2c4e54e6c9b88b2a6306d1ebac898a2a77259cdfa10d0498b8805eb
V001365,D01372,1,2026-04-25,U09,Enviado,Versión inicial,9afb42a6705acda2011397ca075e9d0f09ea26e4c1a3cb1a119a57b805587987
V001366,D01373,1,2026-06-03,U05,Enviado,Versión inicial,fbacb426cb10c4e89ab079a595093f5f697c3fb9e5535aa1836b016b738405f7
V001367,D01374,1,2026-05-25,U03,Enviado,Versión inicial,582d587035d175d6ad2f42b421a2848dc14dca73e230011e75dfa72ef5d0d7e5
V001368,D01375,1,2026-04-27,U05,Enviado,Versión inicial,ba0f10537ef9de440f14a419f210a0bac8490b73b7508e0ca1374bb4850a947b
V001369,D01376,1,2026-04-27,U07,Enviado,Versión inicial,147f392c7f7109776f287d0c917c2f8ccfa82952a9faa73ebee80844ef102a34
V001370,D01377,1,2026-05-12,U09,Enviado,Versión inicial,1feeccfdca74a05e537c9d16f8ea7390bcf7bad7d090a65533454e50cac05aa1
V001371,D01378,1,2026-06-23,U05,Enviado,Versión inicial,c72ecdad3264bd68ddf4debd3a3037ade9bc11812f60960573e0f616d24470ff
V001372,D01379,1,2026-06-01,U02,Enviado,Versión inicial,959a24f30e3d0290d7137cb254ef1bd45e23ee0b96953cebd15d677d2a13777d
V001373,D01380,1,2026-06-24,U03,Enviado,Versión inicial,bff451ec8d5900b44d9ebe2556c6a08593910dcc69e3ec608bc2b113952ec0c6
V001374,D01381,1,2026-06-14,U09,Enviado,Versión inicial,6c480ebba4e4b4a01f0580905d5bea8c13630fa1ccf771d93ea136651ff502f1
V001375,D01382,1,2026-06-19,U06,Enviado,Versión inicial,76eee89b7585f6a16a104d708e5df41edba5405f101d193ac7e1f58d3ffd1f76
V001376,D01383,1,2026-06-07,U10,Enviado,Versión inicial,4c0a7c1a8b8f7866232ce1084abb28c627e78e296c29af164df135e1dc8a8148
V001377,D01384,1,2026-05-30,U14,Enviado,Versión inicial,ec9983d4cf89edf73d2a6e7db8e24e30dec7702b876eb82b19fdccb87dd502f8
V001378,D01385,1,2026-05-22,U08,Enviado,Versión inicial,10d80d3005e1f1930d9dba1d9fea5f260985086d540c47da65cb29423e8ee0c6
V001379,D01386,1,2026-06-10,U04,Enviado,Versión inicial,5e31e98a4f73b6e05199b845556ac5cbbfc407a7c3fd4eae94b896362cc02f76
V001380,D01387,1,2026-06-17,U05,Enviado,Versión inicial,8316199c767ea90a9dd529fe2130b5b6236575842b1fc14fc722c9059aab191f
V001381,D01388,1,2026-06-25,U04,Enviado,Versión inicial,b0443fda2d40bc762264e424cb225245c40d8eb1e4b38aa58be1f25f2b3fa719
V001382,D01389,1,2026-06-30,U14,Enviado,Versión inicial,9df4bf5c07f9640a201edb071bc8054fa3c3864ba3657c9c8372cb1336d38ae9
V001383,D01390,1,2026-06-28,U10,Enviado,Versión inicial,92d607e6c4701cf1d87962acc31aca4b271a8014c72cab478cd0a70033e7f26f
V001384,D01391,1,2026-06-08,U09,Enviado,Versión inicial,cd507625b59b75ebed725b454fe6c2808838a4aa1bc3e10b999b12df76fad2bf
V001385,D01392,1,2026-05-30,U03,Enviado,Versión inicial,9106a384e2c342a92b200b6a2bdcac6415413edb41305819a924e39640ed9f9d
V001386,D01393,1,2026-06-12,U02,Enviado,Versión inicial,64bbcd56ea7310ab5eff3eee2bd8490c7f71dd653d6c705e2fb66b049c340b39
V001387,D01394,1,2026-06-12,U02,Enviado,Versión inicial,67169a00b90d0c7c28b0e83223233c361c4775316100411b3747f579ad0a71c5
V001388,D01395,1,2026-06-11,U08,Enviado,Versión inicial,f1555593db6c600e36f81528dcfcd0c40423b6f82a68a6f47661bb11ba211f03
V001389,D01396,1,2026-06-04,U08,Enviado,Versión inicial,0d8ae27958423537a876ca4086e66b1471e89ed35501186fdd550ae04874dfae
V001390,D01397,1,2026-04-22,U03,Enviado,Versión inicial,fd520377a4af69fcb3a2265c707d8dbe0d40750c99ee2bfc34266b8b94f1be0e
V001391,D01398,1,2026-07-07,U10,Enviado,Versión inicial,2e4e95ba37e719d2ff0ea6a120345c6f2dceda32e7ffaea9555b8816cc141b2d
V001392,D01399,1,2026-04-29,U03,Enviado,Versión inicial,f558be0ef6669fb2da05a1ad7343113fd17d440f7cd07b02a2156299f11ee2dc
V001393,D01400,1,2026-09-13,U04,Aprobado,Versión inicial,56eae6aabb6dbaf377395c481fe4c7be47e3e4d59941cde2a4fe5b619f5bd3be
V001394,D01401,1,2026-09-15,U05,Aprobado,Versión inicial,fdc557126574bf11e22eaf23726f483441d87612c95636c9a5d74f9bbc919450
V001395,D01402,1,2026-08-18,U02,Aprobado,Versión inicial,1ae753a6bae4d32702ddd3ae055625d516c69bee05f9799b92f13c8d67be669d
V001396,D01403,1,2026-09-24,U02,En revisión,Versión inicial,89dc0249b1ffc169343e15a6323333620534584211445eb696733dc9e9967338
V001397,D01404,1,2026-09-20,U04,Aprobado,Versión inicial,ccd86da447215c81f0f5629169b89313ee1cf73ff2bb475f7559329460c4b772
V001398,D01405,1,2026-08-15,U02,En revisión,Versión inicial,d723c19f456acaf7fd2fbce78849b800e9faf86cc5263d92bb568d16e4da7087
V001399,D01406,1,2026-09-09,U05,Aprobado,Versión inicial,6f67f713115369f3f91202b6b618718d1d34e10c82c80fb34d696162cd5a4246
V001400,D01407,1,2026-09-27,U04,Aprobado,Versión inicial,2e59978cc794de195470eb3f5ddb2f6bfac658dfdece935167c453cfb7570707
V001401,D01409,1,2026-09-07,U13,En revisión,Versión inicial,50f71203b3c3ba229ae2f37a219850faa00aecf74e8415bea38c82dce6384ac2
V001402,D01410,1,2026-08-06,U14,Aprobado,Versión inicial,a03f8e9a773cd0cefdf475f323d8ee53d2085ee1793f9434660fdf69887f58c7
V001403,D01411,1,2026-09-08,U08,En revisión,Versión inicial,be2bca76e9886137088a3ef3b40021c4d55ad5e6ae885b70227327b853d84d01
V001404,D01412,1,2026-08-17,U09,Aprobado,Versión inicial,bd0f5ea1e9f2a5262a768f897dceaec57c33302581e8a27d99db79998020706f
V001405,D01413,1,2026-07-20,U10,Aprobado,Versión inicial,65573519f4dd986122e325d974282988f43cca9ba6353d9dd60e18ad71af1ec8
V001406,D01414,1,2026-09-10,U10,Aprobado,Versión inicial,719d0c644a7b91079bbae4ec335c7c69a5384f605e546c7f9f8a893634afb880
V001407,D01415,1,2026-08-05,U08,En revisión,Versión inicial,a10e3914e8d278729d96821e2adaab6c8f080029bf212181cb1c7f78a53e5b82
V001408,D01416,1,2026-08-11,U10,Aprobado,Versión inicial,bc1276a24e528c07246718c2c388e11e198b4508da902c12df752eab640fce0e
V001409,D01417,1,2026-09-19,U09,Aprobado,Versión inicial,b72ee10b80c7ec0154115bf7c9bee6f7bbc51a6ae18251791ef2fdf24f1b1a33
V001410,D01418,1,2026-09-02,U08,Aprobado,Versión inicial,f587942ac64e39097f58c33fe29220615aa90cdb74c8d615619b624c15da2c8a
V001411,D01419,1,2026-08-18,U07,Aprobado,Versión inicial,81b7ad908195672f8c65ada55a922106ea81c890db576c9dcd890e2b3ea08e24
V001412,D01420,1,2026-09-03,U08,En revisión,Versión inicial,15ccae843448aed8bdd646fb7a64d61c1ea4a91ce3095bac7d7f7a3ced972c7b
V001413,D01421,1,2026-09-30,U06,Aprobado,Versión inicial,8ea19f44ec66d041087cb7bcc24ae13bb8e6f1777f04410cfc133fc1a55e7656
V001414,D01422,1,2026-09-29,U09,Aprobado,Versión inicial,04e945161f557cee56e36248eb8d786a347d7e84dc6806454b5ef44520ba32b6
V001415,D01423,1,2026-09-18,U10,En revisión,Versión inicial,43ed3686fdb6ff7849836f2bb2ccab08fa35afade7133b82670f3176c3fc700f
V001416,D01424,1,2026-07-30,U11,En revisión,Versión inicial,668671288e7e6e124b74a0199077cc55c520e1f84694c25dbf7172bc6b50d007
V001417,D01425,1,2026-09-08,U10,Aprobado,Versión inicial,d36957b1bf0e3140d4b12c61da92a1297b21797582e4a2ba5f61b69f251fffdb
V001418,D01426,1,2026-08-26,U12,Aprobado,Versión inicial,8157d408c80264200fbb9e81a7e70523c6d73da3c9f883d1b6b1631f724fef1b
V001419,D01427,1,2026-06-23,U05,Enviado,Versión inicial,33c57c6c30c47d9305dacdd06700a4c01e535a5096e3d56e7f04e8a2b66f2607
V001420,D01428,1,2026-04-24,U03,Enviado,Versión inicial,5c2bb8588e1c7ccaff42e67818e84a04ee5b0b998f3d8666b002f2a3e77efe1d
V001421,D01429,1,2026-06-05,U04,Enviado,Versión inicial,a2300dd4a711a5497e002b616e587f6696e1cbb94cfe4e509025f594ea2ab2b4
V001422,D01430,1,2026-05-21,U04,Enviado,Versión inicial,8c7fca59a463fdac99b30fb0bd55387ddccef57ee57e03caa482723c183398bb
V001423,D01431,1,2026-05-06,U09,Enviado,Versión inicial,702da824b666c81e2fc48c486799736f79b96706b808febb816b6ecc57abedca
V001424,D01432,1,2026-07-09,U06,Enviado,Versión inicial,2b02457fdb8bfec8eab697c7376bd03c131c7025d08639c8788fdb3496d37c07
V001425,D01433,1,2026-06-19,U02,Enviado,Versión inicial,1f5ff38e52808e4a168c7c67e20bda1c9ff036301ea9401cdc624123cd2264f2
V001426,D01434,1,2026-06-16,U02,Enviado,Versión inicial,e9ce3b1f95934fd75eca0a5d04f940cab5f5b2f0220b0fcccc3109a90b1cd10d
V001427,D01435,1,2026-06-19,U04,Enviado,Versión inicial,9ac6d65f124fb4530f3f903fe5ddc214a8e450db2a8acebd8523daac3d99e8ee
V001428,D01436,1,2026-07-14,U07,Enviado,Versión inicial,f0615d8f0a4a797f3389ee779ed4bff829519431314fbb51c145d1469415a4e6
V001429,D01437,1,2026-06-05,U07,Enviado,Versión inicial,f6342f8f7b569a3f23db4363946081b2bb535852a0a5ab83a76c39dce44a9fe9
V001430,D01438,1,2026-06-08,U14,Enviado,Versión inicial,223390200593c2206fcc9e29b5d98c2e4fb333368358973b68350229823ebf24
V001431,D01439,1,2026-07-21,U09,Enviado,Versión inicial,384eec7321cd12856cf577250e7b14c5da843abea173ed8ab1d061bca5534e21
V001432,D01440,1,2026-05-30,U03,Enviado,Versión inicial,63ea001b170d7c47d3543131fb073149887dfdbcedd77c1f0c2b0ddd62340d78
V001433,D01441,1,2026-07-13,U02,Enviado,Versión inicial,c1d8a6963b05221b9d7278e325133a88b2a76d0be8554eb8ada31e034fde91a9
V001434,D01442,1,2026-07-17,U05,Enviado,Versión inicial,20c8c69bf7874513b6613f7f2ebf0792fd1d634ee52e3ccf4ad4ff2baaef1584
V001435,D01443,1,2026-07-07,U03,Enviado,Versión inicial,8697753ebb72d11aeaffaa04900144fd4877c09efa107108d889475f24058e62
V001436,D01444,1,2026-07-15,U02,Enviado,Versión inicial,6d65c0f7aa66a1fa3b703e7a41b1dee9192d7a9bf967f18a837226a7fdfe8596
V001437,D01445,1,2026-07-08,U14,Enviado,Versión inicial,621ddb9f6187d34e26b94ccc2e54f85cb903e3f06cd6f4085e906eb410d12dde
V001438,D01446,1,2026-07-25,U06,Enviado,Versión inicial,ca212c988c7044dee631d00ad406bb6237d151326bb80d3147dc329f76359837
V001439,D01447,1,2026-07-25,U10,Enviado,Versión inicial,3b3517b54cf0259cc3491ed974ab537ee721cdf8c8ec4db89f3bf0e32bc1563d
V001440,D01448,1,2026-06-17,U08,Enviado,Versión inicial,96f5a9e885f74ef405f20a72295cd1dbc64e1ae0035929fe212186a68411e8a0
V001441,D01449,1,2026-07-18,U02,Enviado,Versión inicial,fa8e24e2a2709d5c1dba418058b28b635960c656ab5ef888b0fd7a0e5042b010
V001442,D01450,1,2026-07-02,U04,Enviado,Versión inicial,e9e5b278e89a0b95494dac8078ee79a08be027ee7cf217423c23bf558cb1d210
V001443,D01451,1,2026-06-27,U05,Enviado,Versión inicial,7a680e4786c690ff97166421df6f4577fdd52ce165c08ea550e937c7da762d61
V001444,D01452,1,2026-07-12,U06,Enviado,Versión inicial,819a0acb40c460c6592667705b93da6949ddc755627dc52b612fa4125b86a9f7
V001445,D01453,1,2026-06-15,U09,Enviado,Versión inicial,30de015cd8917855550520596672214a1bbb032c924ba6ef331b863a2884c4ec
V001446,D01454,1,2026-06-27,U09,Enviado,Versión inicial,65b69e9c9c6d8b129c41e77819b223ae048c8b1362e35497eb77a77d222896a2
V001447,D01455,1,2026-07-07,U03,Enviado,Versión inicial,96c2c975f3431b345dc3f79eb7d065622b5109f04a2fa2b1072bd286eabc2c39
V001448,D01456,1,2026-07-11,U02,Enviado,Versión inicial,d1801be921546f13b7df91099cabfa677541f21bb004e8449ae424e55fbb4e8b
V001449,D01457,1,2026-08-05,U04,Enviado,Versión inicial,1603d986fbce236444f5d8dd38028a47e2ea1a3a365eebec73173c5f70620f20
V001450,D01458,1,2026-08-14,U09,Enviado,Versión inicial,d05e51e0232f87187ccd1f4e162d309829945aa223c140b14d243f76f7f9b887
V001451,D01459,1,2026-08-11,U03,Enviado,Versión inicial,d839c5be053a00b2ab6e888189605126addcd28678353a651b19a10798130f35
V001452,D01460,1,2026-08-01,U09,Enviado,Versión inicial,83633d9eaaacf4d086df6e2cc9eaa1cb58b53e0402f7a1b83aad03ac96e7cf89
V001453,D01461,1,2026-08-02,U04,Enviado,Versión inicial,0aa33dddeae262337b72075e80d271f7c526553a0f97d3ff5891e57f6c176638
V001454,D01462,1,2026-07-06,U05,Enviado,Versión inicial,28ef5037b02ac6d86da76d0609686e03b9ed229d837c637c7cde9351973441bb
V001455,D01463,1,2026-08-27,U05,Enviado,Versión inicial,6099113ec18d278d3fa0e9ae444012059fd4c1953c9777544665211f98521f17
V001456,D01464,1,2026-07-19,U09,Enviado,Versión inicial,802eeeaab47c6c237d3ce5cdfd521250ebbecd0d8f9d0908514d18e53889927e
V001457,D01465,1,2026-08-13,U09,Enviado,Versión inicial,386aac40b291320c235777c4901e307595d987292676215de179e5d29f5c251e
V001458,D01466,1,2026-09-02,U07,Enviado,Versión inicial,f0abe8d37b992099d49f9662e7f670f329c17e6e5624f156719d895a25934170
V001459,D01467,1,2026-08-04,U10,Enviado,Versión inicial,5137f140d3440c05f871e862179f6245b2cfb4e51f26366e09ed49ee03efcb26
V001460,D01468,1,2026-09-30,U03,Aprobado,Versión inicial,0807d08395dd47bb45be0e6975d0e9b342ef652dc37e11528e3517b5a34173dc
V001461,D01469,1,2026-09-23,U02,Aprobado,Versión inicial,1e8bf20d6555b0d6bcd02eb3cb9d5330539b61a5d1a51d35dd4aabf5b1f78fbd
V001462,D01470,1,2026-09-19,U03,Aprobado,Versión inicial,3176593d2eb9122e2e5e6a0a511d55d4ec21e80c52fd5b49d3474f816b1259e5
V001463,D01472,1,2026-09-16,U04,Borrador,Versión inicial,90737d8d6ef520090cd9e2d9eb950dd026b85fc7b6558318507c4e1cb2bfdac0
V001464,D01473,1,2026-10-02,U14,Aprobado,Versión inicial,d4565db3dd65fd7ee08aa5e6555ebaa9691ee9e2558715535d255efc6880206c
V001465,D01474,1,2026-09-24,U08,En revisión,Versión inicial,91461fb55f8a00503d4f593b815563376a7779e065e094c951b329f507ac4a94
V001466,D00006,2,2023-08-25,U04,Enviado,Corrección que atiende la observación OB00001 (NOM-072-SSA1-2012 6.1.6.2),f006599bd1c8a4f39be322aa88cd0045f9b199847770f7e4bdd3c1f1e6d8fae6
V001467,D00024,2,2023-09-01,U09,Enviado,Corrección que atiende la observación OB00002 (NOM-073-SSA1-2015 8.5.1.1),c7e804724506bb9d7b2b93c4b82f693be0f922264b80b0f1393249d1ac9f086a
V001468,D00005,2,2023-08-21,U04,Enviado,Corrección que atiende la observación OB00003 (NOM-072-SSA1-2012 5.24.8),029a7c79d4dd8c608a6908481f2f411ffa27324fd3e8aee615bf3186e0f3c8c0
V001469,D00019,2,2023-09-04,U06,Enviado,Corrección que atiende la observación OB00004 (NOM-059-SSA1-2015 9.9.2.2.3),f2d1f5ce9b63f432696f16066948f2d8cc3642e5e56e386948b73f50b427a840
V001470,D00033,2,2023-12-08,U02,Enviado,Corrección que atiende la observación OB00005 (NOM-072-SSA1-2012 5.17.2.5),36bb3ced54f543290ddfed119436daa7fc919ccbcd7907e13669d6f17b5bb280
V001471,D00053,2,2023-12-05,U10,Enviado,Corrección que atiende la observación OB00006 (NOM-177-SSA1-2013 7.5.5),15c5f759aea1e37d7f80b81513e716cba16253146886e513a5e70247605b21cc
V001472,D00033,3,2023-12-08,U02,Enviado,Corrección que atiende la observación OB00007 (NOM-072-SSA1-2012 5.19),acb767499ab79fef24b2ced486284af52200b04aec22aab4282d0f688eb4438c
V001473,D00032,2,2023-12-08,U04,Enviado,Corrección que atiende la observación OB00008 (NOM-072-SSA1-2012 5.15.1),52fd5b00590364612c751005dfcf0c284ef60e835fd6d5c870479fafe08e1301
V001474,D00051,2,2023-12-05,U09,Enviado,Corrección que atiende la observación OB00009 (NOM-073-SSA1-2015 10.19),ebf10b69cbd2dcd4c62638295a523fb609fe4e519cb37172f341116102059365
V001475,D00033,4,2023-12-07,U02,Enviado,Corrección que atiende la observación OB00010 (NOM-072-SSA1-2012 6.1.6.2),8b65ce5ac279f05b574c625fdefd8cc7b5ea029cda7c7399f4f52bb0310eb64a
V001476,D00051,3,2023-12-08,U10,Enviado,Corrección que atiende la observación OB00011 (NOM-073-SSA1-2015 8.4),4470c23b9917d3c540e89d8b9723bfc41022053a196358a68ec9168659d7ab70
V001477,D00067,2,2023-11-16,U10,Enviado,Corrección que atiende la observación OB00012 (NOM-177-SSA1-2013 7.5.5),eef35ecf07fce3ddc4fa940af66f590eaf36c1a79e83bc4f20b92ffb32ebef81
V001478,D00068,2,2023-11-17,U05,Enviado,Corrección que atiende la observación OB00013 (NOM-072-SSA1-2012 5.15.1),51eba80ddd9919a0c0926f14cfa38cd9ccc4cb3dc33fd1224ff8292756139fbf
V001479,D00068,3,2023-11-16,U05,Enviado,Corrección que atiende la observación OB00014 (NOM-072-SSA1-2012 5.24.8),d2c62a2d11f23b7af171066f62cd3ae5d82950c1f6b6531de6bb1d5eb4c55e87
V001480,D00074,2,2024-01-11,U04,Enviado,Corrección que atiende la observación OB00015 (NOM-072-SSA1-2012 6.1.6.2),98781b7324ee98372e1cfb52ce37a268e0b37f0972ba729e5a1c6135394dfed4
V001481,D00074,3,2024-01-05,U03,Enviado,Corrección que atiende la observación OB00016 (NOM-072-SSA1-2012 5.9),fe3c06342a9baf8682f2227390bb957dce4308312ddfc09c56dfa26c03369522
V001482,D00072,2,2024-01-11,U03,Enviado,Corrección que atiende la observación OB00017 (administrativa ),55e94efafd5110c9ad26c735708c38fc2a3addd920d7f1f574265f6e1fb65e22
V001483,D00070,2,2024-01-11,U04,Enviado,Corrección que atiende la observación OB00018 (administrativa ),468c6f7582b50f97bb31391c5c1af020fc8902cf37150ec29faecd97e89f2f23
V001484,D00075,2,2024-01-11,U05,Enviado,Corrección que atiende la observación OB00019 (administrativa ),96fc5fb9ab0d8fad0d8c49344480a28134a28f2d4050c9465fcb9cd11e8b342d
V001485,D00125,2,2024-01-22,U06,Enviado,Corrección que atiende la observación OB00020 (NOM-059-SSA1-2015 9.9.2.2.3),6bfbdd7c1e9b8324f6b9cbc0c06a420d776d6e1731e2eaa20a29332c6e42cc69
V001486,D00129,2,2024-01-18,U09,Enviado,Corrección que atiende la observación OB00021 (NOM-073-SSA1-2015 8.2),94496087f87d50b5aa4c2554027455bd3cc46556b55397357f26b028d3c57104
V001487,D00111,2,2024-01-22,U02,Enviado,Corrección que atiende la observación OB00022 (NOM-072-SSA1-2012 5.24.8),79585f1dc33124ffe37e409d16765b497753d46442d477f81a618e163fe5939b
V001488,D00112,2,2024-01-17,U02,Enviado,Corrección que atiende la observación OB00023 (NOM-072-SSA1-2012 5.9),8f9d1bf1057fbb107b18dfec30dbf99866619d6b7720f2e5673277e8dd25a770
V001489,D00137,2,2024-01-15,U10,Enviado,Corrección que atiende la observación OB00024 (NOM-177-SSA1-2013 7.5.5),9297099100a2f6ace069e1ca038c9036da3efe5354d7408ebff793964859a28a
V001490,D00136,2,2024-01-11,U05,Enviado,Corrección que atiende la observación OB00025 (administrativa ),92ed9ba55851f28c9fae1cacf5bb2261459d04f3f09b4027e7f6aa6c416786a6
V001491,D00139,2,2024-01-17,U14,Enviado,Corrección que atiende la observación OB00027 (NOM-059-SSA1-2015 9.12),73268ff0cefc337848c91b7533343ecc494417acb9f3d7050f99511c8156a23c
V001492,D00135,2,2024-01-11,U04,Enviado,Corrección que atiende la observación OB00028 (administrativa ),04f10b7e62ab950bd5b5a2f05ec9612393c5f7ffe64cb1e071b9e8102f81a885
V001493,D00138,2,2024-01-23,U06,Enviado,Corrección que atiende la observación OB00030 (NOM-059-SSA1-2015 9.9.2.2.3),1bb86859eb2df7a477b6e43eb73ca9e3e5322c100a5fdf7064f19a15c9cab72b
V001494,D00212,2,2024-01-26,U09,Enviado,Corrección que atiende la observación OB00031 (NOM-073-SSA1-2015 8.5.1.1),c84631c867ee87c40574fb434e8ca44b9f428d22ef2146c874668688aa8a5222
V001495,D00215,2,2024-02-13,U04,Enviado,Corrección que atiende la observación OB00032 (NOM-072-SSA1-2012 5.19),0cecbf09bab30db546a36e2129e264589f88c60c972a19f03bc024bed312e783
V001496,D00213,2,2024-02-13,U14,Enviado,Corrección que atiende la observación OB00033 (NOM-059-SSA1-2015 9.9.2.2.3),a62aad280fd441daaebddd94ef3ab07a291e42ac42a64e130f07bd2bfe57e086
V001497,D00253,2,2024-02-27,U03,Enviado,Corrección que atiende la observación OB00042 (NOM-072-SSA1-2012 5.24.8),60a452d5cf456e87b327318c256893ae446d08dcee92da97880a0d54565137aa
V001498,D00252,2,2024-02-23,U14,Enviado,Corrección que atiende la observación OB00043 (NOM-059-SSA1-2015 9.12),4385d177a76a0359852eed6bee9cca2cd3db6e53e104f85e5a9cbf442ced2e39
V001499,D00251,2,2024-02-21,U02,Enviado,Corrección que atiende la observación OB00044 (administrativa ),6439b36f85ba4bd13a0b7b71b3f2a3713cc687e66a41c49920b2392d7bdb6e63
V001500,D00253,3,2024-02-27,U03,Enviado,Corrección que atiende la observación OB00045 (NOM-072-SSA1-2012 5.15.1),e51ef116575f2a9e9b32c64eaecae5d90303c150ece2fc5a80a0f660b99c6773
V001501,D00265,2,2024-05-03,U07,Enviado,Corrección que atiende la observación OB00046 (NOM-164-SSA1-2015 ),86064c7d66c3a836870121870e363f7806df2709b80313beef804c6c67f4f4b9
V001502,D00259,2,2024-05-08,U03,Enviado,Corrección que atiende la observación OB00047 (NOM-072-SSA1-2012 6.1.4),eb835e73a6ff0b38956b6a8d094c696f6a6a3a6202c8be0d2c1379c0986c3cfe
V001503,D00259,3,2024-05-08,U02,Enviado,Corrección que atiende la observación OB00048 (NOM-072-SSA1-2012 5.17.2.5),d8f69cd595c8156f4e5925b5f1fded5ce4faa5c6283e3c570457954cb9842630
V001504,D00277,2,2024-05-08,U10,Enviado,Corrección que atiende la observación OB00049 (NOM-073-SSA1-2015 8.5.1.1),cc038d2482bec7f2fc8592d9da653d0cb65294c867a832787b97d7a3b801a87f
V001505,D00277,3,2024-05-08,U10,Enviado,Corrección que atiende la observación OB00050 (NOM-073-SSA1-2015 8.4),f4519f0ca2fcac3e30a397ef72f54d3493c60ea649c988e0584ddc17d2aa9f85
V001506,D00258,2,2024-05-08,U05,Enviado,Corrección que atiende la observación OB00051 (NOM-072-SSA1-2012 5.24.8),991c0011548516f8c500997ae7c04abf2dd45bd00e98ad68ac3ac088630e237c
V001507,D00277,4,2024-05-08,U09,Enviado,Corrección que atiende la observación OB00052 (NOM-073-SSA1-2015 8.1),0cac0ef2ce32025d922429edf7777530bbb09b053d607a326ffcc93de6d6085b
V001508,D00284,2,2024-04-03,U09,Enviado,Corrección que atiende la observación OB00053 (NOM-073-SSA1-2015 8.5.1.1),037bb5d47228a63781123db0f931f13d46ac2bed0307d310271d1472e81b4a00
V001509,D00283,2,2024-04-09,U03,Enviado,Corrección que atiende la observación OB00054 (administrativa ),4ff0c67a4ea037ea42fd4379bb6b037fef7327ad3187a566d6b9995acc22731e
V001510,D00284,3,2024-04-02,U09,Enviado,Corrección que atiende la observación OB00055 (NOM-073-SSA1-2015 8.4),7978bc42aea5dbdfbe08f25bb977c454346afd84812a7388452ae28aa75287f9
V001511,D00284,4,2024-03-22,U09,Enviado,Corrección que atiende la observación OB00056 (NOM-073-SSA1-2015 10.19),94744c6b8e56114416ffc5206389a239f6cad5000954468f5b8f8e2827ee43e9
V001512,D00285,2,2024-04-02,U04,Enviado,Corrección que atiende la observación OB00057 (NOM-072-SSA1-2012 5.15.1),9cfe137b41e62e200d31911b001cc1e6987e1b595f69f8a0e908a73e8fc034ba
V001513,D00300,2,2024-04-30,U02,Enviado,Corrección que atiende la observación OB00058 (NOM-072-SSA1-2012 5.24.8),2dfdb6bf7210a1cf667ed1fb63a0d41397e51dd3053c30d9ecb4b821c007dc4c
V001514,D00298,2,2024-04-30,U05,Enviado,Corrección que atiende la observación OB00059 (administrativa ),d895995b9a03f8dbd1bf421e0b6ebb6b765360d5829ec367314b82fce995ee77
V001515,D00301,2,2024-04-30,U10,Enviado,Corrección que atiende la observación OB00060 (NOM-073-SSA1-2015 8.1),6cf9aba0125309e137cec8556d536bfd2707fbb111ddcddbd9052ea87b6a0dbc
V001516,D00301,3,2024-04-16,U10,Enviado,Corrección que atiende la observación OB00061 (NOM-073-SSA1-2015 8.5.1.1),f4770be0191939cc8d21304d70e9898a20e10c45fa0d580a77f2075c9c7a9997
V001517,D00309,2,2024-06-25,U02,Enviado,Corrección que atiende la observación OB00062 (NOM-072-SSA1-2012 6.1.6.2),614c51eaea2ea5d1c4b6e5705c732f25ed4c7ccb5cc446a745cbb58af44d4a05
V001518,D00309,3,2024-07-03,U03,Enviado,Corrección que atiende la observación OB00063 (NOM-072-SSA1-2012 5.17.2.5),04555c923804b40017966d6e2a58c5ca25002f63ec44cd147f30dc634a8569ba
V001519,D00327,2,2024-06-21,U09,Enviado,Corrección que atiende la observación OB00064 (NOM-073-SSA1-2015 8.4),29d077c0551a584c5bf530aa3d7198b9198d1a72fde5213c525a89b5212e1528
V001520,D00327,3,2024-07-04,U10,Enviado,Corrección que atiende la observación OB00065 (NOM-073-SSA1-2015 10.19),c779c9a94c22cb581296fe42965115226bd24931a5f319d4d0a5aa88a7dd31f1
V001521,D00330,2,2024-06-14,U12,Enviado,Corrección que atiende la observación OB00066 (NOM-177-SSA1-2013 8.11.8),f4fcf734eeee1761eda083be66120da6c6501d783ede4ef8db36d2e076b8677d
V001522,D00315,2,2024-07-08,U08,Enviado,Corrección que atiende la observación OB00067 (NOM-164-SSA1-2015 ),f2511e3848aecfe5d12a365088636118e5598d3b224c98d4128416e09a840303
V001523,D00338,2,2024-05-21,U03,Enviado,Corrección que atiende la observación OB00068 (administrativa ),2ee5f9171d31ac2d8a673357abf633047cecafba5ebb1a603f182f7183adbc37
V001524,D00339,2,2024-05-22,U05,Enviado,Corrección que atiende la observación OB00069 (NOM-072-SSA1-2012 6.1.6.2),ec4b0366ad4084c9264dff1a07cbb2f1989cb9adb243d178d48ab4738a704b9d
V001525,D00339,3,2024-05-16,U03,Enviado,Corrección que atiende la observación OB00070 (NOM-072-SSA1-2012 5.17.2.5),67643360ea5c884b98b411a2b877d49e23ae2d8689eea9a9193bd732ffcd143f
V001526,D00345,2,2024-05-29,U06,Enviado,Corrección que atiende la observación OB00071 (NOM-059-SSA1-2015 9.12),a19694a1990ee535873bcd5bff03c87fc7066e0a3e208def3c5b5435bc0662aa
V001527,D00346,2,2024-05-24,U09,Enviado,Corrección que atiende la observación OB00072 (NOM-073-SSA1-2015 8.1),c1b7a6850565b1762482682d80ab7a7fe778d41ed426f6b55c70e6edaaf6eedc
V001528,D00346,3,2024-06-04,U10,Enviado,Corrección que atiende la observación OB00073 (NOM-073-SSA1-2015 10.19),4edcfe86d4b942852c6e38837d2a1468fd410951764ba725685e6bcabd53e5df
V001529,D00346,4,2024-06-06,U09,Enviado,Corrección que atiende la observación OB00074 (NOM-073-SSA1-2015 10.17),c03082c43f1d05cde0c20867700a23a7cf1fd1993819f7e813827ee21ac73359
V001530,D00346,5,2024-06-03,U10,Enviado,Corrección que atiende la observación OB00075 (NOM-073-SSA1-2015 8.4),25ca5569196d567c1384c54da83400d7095689f808a20491adc2b26e84cd3c6a
V001531,D00354,2,2024-05-30,U05,Enviado,Corrección que atiende la observación OB00076 (NOM-072-SSA1-2012 5.19),741186b4bb347b6896232a5825bec9eda2e7aad169c3684cb9701db7551f03eb
V001532,D00350,2,2024-05-30,U03,Enviado,Corrección que atiende la observación OB00077 (NOM-072-SSA1-2012 5.24.8),1590eb69dd2fdd112cad36e635a9b646ca1a382c6cb65a7bc9719f79865ecbba
V001533,D00350,3,2024-05-30,U05,Enviado,Corrección que atiende la observación OB00078 (NOM-072-SSA1-2012 5.15.1),9b506f132bbbdc6fabe05ed9b882b039e607d730742684836d878aede7a8f53d
V001534,D00354,3,2024-05-30,U02,Enviado,Corrección que atiende la observación OB00079 (NOM-072-SSA1-2012 5.9),59f3186bd2a5f0375fec4b338d1431b78baab754e0854d7114ea2ed4f08ae945
V001535,D00355,2,2024-05-30,U08,Enviado,Corrección que atiende la observación OB00080 (NOM-059-SSA1-2015 9.12),d2d74ab5d5f80a4385e70fcbff6c533a17a8f5c530574bc1d424f4345a5851f7
V001536,D00354,4,2024-05-30,U02,Enviado,Corrección que atiende la observación OB00081 (NOM-072-SSA1-2012 6.1.6.2),8b25e7603e2aa201641205ee6348c1c931da8bbcc8ccf85625d72c60bf754b1c
V001537,D00368,2,2024-08-05,U03,Enviado,Corrección que atiende la observación OB00082 (NOM-072-SSA1-2012 5.15.1),8efdbfde2b615e2a0b1bc9bc6169e4b73514488234a39d99d21c5758c3e52365
V001538,D00390,2,2024-08-09,U11,Enviado,Corrección que atiende la observación OB00083 (NOM-177-SSA1-2013 8.11.8),b37f06ba0c297705fedc0c68b951726af152a94c9db03678f28e5f33f16f260d
V001539,D00388,2,2024-08-09,U11,Enviado,Corrección que atiende la observación OB00084 (NOM-177-SSA1-2013 9.6.4),a6d04b3b1b38ff17648de565c38a85cc405c8e4c09b90f6a2b7b1fefdaa5ca26
V001540,D00374,2,2024-08-02,U06,Enviado,Corrección que atiende la observación OB00085 (NOM-059-SSA1-2015 ),616ce3cfe876a72e9dfaa3b143d1f4a0cdac8c69207f611a44423931f0349e39
V001541,D00365,2,2024-08-05,U02,Enviado,Corrección que atiende la observación OB00086 (administrativa ),5c510475ec0493c2b0162f251902053cbcc803da14306a1be2cc507452e12e7e
V001542,D00393,2,2024-07-04,U02,Enviado,Corrección que atiende la observación OB00087 (administrativa ),d3dfd53906ba60761effa2535284dae89ef369668fd6e8e7a15805813eb935fb
V001543,D00395,2,2024-07-01,U03,Enviado,Corrección que atiende la observación OB00088 (NOM-072-SSA1-2012 6.1.4),0bdf6e6f89c68a69adc666151ac9672b5c1b8e2617449b91e2dd6991b6ef170a
V001544,D00395,3,2024-06-20,U04,Enviado,Corrección que atiende la observación OB00089 (NOM-072-SSA1-2012 5.17.2.5),28dd4fae871e4839657eb24080e21a74d3a26e727c934cb3ed9203a7c31edb32
V001545,D00395,4,2024-07-04,U02,Enviado,Corrección que atiende la observación OB00090 (NOM-072-SSA1-2012 5.19),6241efe3eee84f84e3ae991835e3d882b2bfa69b04eb9ddc52922336ea9d513f
V001546,D00395,5,2024-06-21,U05,Enviado,Corrección que atiende la observación OB00091 (NOM-072-SSA1-2012 6.1.6.2),b421f7b086348d8d61324e53422e8713feff9c95d7c0e2ffafec9cc7e567bf5f
V001547,D00402,2,2024-07-02,U08,Enviado,Corrección que atiende la observación OB00092 (NOM-164-SSA1-2015 11),a03edeaa04f675740101e6336df2c7c0883df545c156ca1063a3ab79b3933e4e
V001548,D00400,2,2024-07-12,U09,Enviado,Corrección que atiende la observación OB00093 (NOM-073-SSA1-2015 10.19),9652259e5ed549858a578a9710d8d668a9cc98aae5a6ad1b1ebcb489a7c50d3b
V001549,D00398,2,2024-06-24,U05,Enviado,Corrección que atiende la observación OB00094 (administrativa ),bf4fda66957af2ee36ed867276dc9e478a4963bdf588c3066e0ce2e58eb5838a
V001550,D00400,3,2024-06-25,U10,Enviado,Corrección que atiende la observación OB00095 (NOM-073-SSA1-2015 8.5.1.1),86b0f87cbd706bce34ad63fc8d9668f81e333d217dd43b86e12917d03f1a776d
V001551,D00399,2,2024-06-24,U02,Enviado,Corrección que atiende la observación OB00096 (administrativa ),6c29b39a3ac2f624731e82c08effa87d2cd3d2497af18a1b04e8a005393912e3
V001552,D00416,2,2024-08-26,U02,Enviado,Corrección que atiende la observación OB00097 (NOM-072-SSA1-2012 6.1.4),bc6a6134650a82c9fdecc4cc5e3910fbf4c08db33df40d02f72bb891712b6dd4
V001553,D00416,3,2024-08-26,U04,Enviado,Corrección que atiende la observación OB00098 (NOM-072-SSA1-2012 5.19),ec03f8c9f1c6b7b75f906cf5a6fc798070510c96654299319bd1cf1071838ed3
V001554,D00417,2,2024-08-26,U02,Enviado,Corrección que atiende la observación OB00099 (NOM-072-SSA1-2012 5.24.8),5575a51563c0108979a9e7c9cf4feae2bc722eefc91ac2e64c8b9eda2bccc8df
V001555,D00416,4,2024-08-20,U03,Enviado,Corrección que atiende la observación OB00100 (NOM-072-SSA1-2012 5.17.2.5),a63092ad67f7d7090a8c4b17f65bf5677dc47e7c17aef15f3f669f1a136ba1c1
V001556,D00413,2,2024-08-26,U02,Enviado,Corrección que atiende la observación OB00101 (administrativa ),5ae65dd07494bc88cf88b6d332b8f48658f03ea7bf80c7268b85a4c8cf1b6b51
V001557,D00433,2,2024-08-21,U10,Enviado,Corrección que atiende la observación OB00102 (NOM-073-SSA1-2015 10.19),ceef6707458749f8a2a92b91f6ec21b6502526cec8eb4b80cc0420e1f994b2dd
V001558,D00429,2,2024-08-27,U05,Enviado,Corrección que atiende la observación OB00103 (administrativa ),b373a99b08b3db74aa33e5928d2a895d2e6aa24c0b390532fafd98da120b6635
V001559,D00436,2,2024-09-03,U03,Enviado,Corrección que atiende la observación OB00104 (administrativa ),d90f47ce58d19cc04707c7ed397eb4e6a31a6ffb288527af8d7b5ddf0d641703
V001560,D00440,2,2024-09-03,U08,Enviado,Corrección que atiende la observación OB00105 (NOM-059-SSA1-2015 9.12),1c7c962956466d49161091ce91605fce06c16d0ca55e7f2ac0e956ace642883c
V001561,D00439,2,2024-08-28,U10,Enviado,Corrección que atiende la observación OB00106 (NOM-073-SSA1-2015 8.1),95dadfcd2914a6165237f5bfcdb8dfdf96ff341cbbe2d7395853b097ac7b42ff
V001562,D00437,2,2024-08-29,U04,Enviado,Corrección que atiende la observación OB00107 (administrativa ),259de0fac3373649e2aeb8d15c3672f99fde50a5a807d29301ce487ffd76071d
V001563,D00441,2,2024-09-02,U07,Enviado,Corrección que atiende la observación OB00108 (NOM-164-SSA1-2015 11),6e7f01ac8d2e4d0da65094d2b50f4310c45e66523dbf5b5d20529c7d071de60b
V001564,D00438,2,2024-08-26,U10,Enviado,Corrección que atiende la observación OB00109 (NOM-177-SSA1-2013 7.5.5),d143abdbe2bf4fd11f77d7230194001412465fed2d08f437e9880bb8277c6ab5
V001565,D00439,3,2024-08-30,U09,Enviado,Corrección que atiende la observación OB00110 (NOM-073-SSA1-2015 8.4),d186c5682bd26f532c01c83eae9f1bc0f1980ce57e3a016c0fdccba788e39ee7
V001566,D00455,2,2024-09-26,U06,Enviado,Corrección que atiende la observación OB00111 (NOM-059-SSA1-2015 9.9.2.2.3),79b127b54cf27cec2eee54115f74459f72f1f44edeafa0829cf03dea22149b76
V001567,D00452,2,2024-09-26,U08,Enviado,Corrección que atiende la observación OB00112 (NOM-059-SSA1-2015 9.12),8e1c3fd9f3ceb22e005fe9ade67cd4da3ac7bcc540fbd495db365c1ea78c6ed2
V001568,D00467,2,2024-11-13,U03,Enviado,Corrección que atiende la observación OB00113 (NOM-072-SSA1-2012 6.1.6.2),f9229466cabb4168a680ac9d1d0b006e93b8ba81229314c61f748629f1aa830a
V001569,D00470,2,2024-11-22,U02,Enviado,Corrección que atiende la observación OB00114 (administrativa ),cded762b26c724b8fb408afdd8af5f66e7436c084e9c047bf9a4ab7175b948a8
V001570,D00471,2,2024-11-22,U13,Enviado,Corrección que atiende la observación OB00115 (NOM-220-SSA1-2016 8.4.3.1.4),d20d6d802af9f8128e4817259204cc60e8e61604ff2b610057cab87aa100b284
V001571,D00485,2,2024-11-13,U09,Enviado,Corrección que atiende la observación OB00116 (NOM-073-SSA1-2015 8.4),05c1513e9ffae77bb691dc0f0ad930c6b84fff40cafc6d0b4caf3dfd848fea03
V001572,D00490,2,2024-09-25,U03,Enviado,Corrección que atiende la observación OB00117 (administrativa ),714e8a40158c94c33d2e53a5db7e28db4188711f7cd930e71ab8dcf9ced5ae85
V001573,D00503,2,2024-10-16,U07,Enviado,Corrección que atiende la observación OB00118 (NOM-059-SSA1-2015 9.9.2.2.3),d9393dd86c6d38af1f69bb8a661b88dc82fc6f17a3a49ec8b0712395478141a7
V001574,D00501,2,2024-10-09,U04,Enviado,Corrección que atiende la observación OB00119 (NOM-072-SSA1-2012 5.24.8),5a139546ae6425b89c2342b9b7097b84489b307b8f8bc7423cb5c29e59e7312b
V001575,D00500,2,2024-09-26,U05,Enviado,Corrección que atiende la observación OB00120 (administrativa ),733c7be71b0bab965a4ed89ac61ea459ca7ecfa5102afea5f887056ebcf37f29
V001576,D00501,3,2024-10-14,U03,Enviado,Corrección que atiende la observación OB00121 (NOM-072-SSA1-2012 5.15.1),97014d1430146baca2b0e042a07771963246121a9b281b7e0a473460051e3d9a
V001577,D00499,2,2024-10-16,U03,Enviado,Corrección que atiende la observación OB00122 (administrativa ),14f69f6d8b63db1d38c4d67d9b7990d7f040b0482644b6e0fad7c58ca79cd49d
V001578,D00509,2,2024-09-30,U03,Enviado,Corrección que atiende la observación OB00123 (NOM-072-SSA1-2012 5.17.2.5),ef1932ee9533d49ab1d834324508823317aec488211e90213acb6af51225648a
V001579,D00509,3,2024-10-07,U02,Enviado,Corrección que atiende la observación OB00124 (NOM-072-SSA1-2012 6.1.6.2),61ec15a117d3d46bbd7c905c8512ad5143a42bd1235b7f1de5f68ebde3b039f1
V001580,D00516,2,2024-10-10,U02,Enviado,Corrección que atiende la observación OB00125 (NOM-072-SSA1-2012 6.1.4),891e48b2e973974ffa02d7f3a6a6c1565e35ceba34cb0811228f2da18b967956
V001581,D00515,2,2024-10-18,U09,Enviado,Corrección que atiende la observación OB00126 (NOM-177-SSA1-2013 7.5.5),3f6ac65232658b9b0b7abdaff19e468a2653eee2c7e0e963148bf97e13aef8a7
V001582,D00517,2,2024-10-11,U06,Enviado,Corrección que atiende la observación OB00127 (NOM-059-SSA1-2015 9.12),a5e9822c2c5ca2959b6c5b8f3d4515162f1788a68790413b7407fa5c8206104d
V001583,D00516,3,2024-10-21,U05,Enviado,Corrección que atiende la observación OB00128 (NOM-072-SSA1-2012 5.19),e4c24147131fb8a35f1b7328d0dc1b71064db69702bcc43b2e156b7414250ee1
V001584,D00555,2,2025-01-17,U09,Enviado,Corrección que atiende la observación OB00133 (NOM-073-SSA1-2015 8.1),debebcf014a7f727aa4b1235553a6fbb04c22f08fbc68f1710995131907194b3
V001585,D00537,2,2025-01-13,U02,Enviado,Corrección que atiende la observación OB00134 (NOM-072-SSA1-2012 5.19),84610484cb54f9bb3701672887cd45fe7687ecc705934cbdc6a7ba93f38ec1c7
V001586,D00537,3,2025-01-21,U03,Enviado,Corrección que atiende la observación OB00135 (NOM-072-SSA1-2012 5.17.2.5),67dfbce920656dbdbc2666dd95fff5dc903612e672ed697d30200723077ed4c7
V001587,D00543,2,2025-01-17,U06,Enviado,Corrección que atiende la observación OB00136 (NOM-164-SSA1-2015 ),f707809068ab88c5ee8c7ca03711df82ccded762fe2e639c8e75075bd3a4a57d
V001588,D00557,2,2025-01-09,U09,Enviado,Corrección que atiende la observación OB00137 (NOM-177-SSA1-2013 7.5.5),9c5e607df93b85c7f346203d63bdf3c0a5ec4ec2d4d1ae12f038f42b597061c0
V001589,D00573,2,2025-01-07,U05,Enviado,Corrección que atiende la observación OB00138 (NOM-072-SSA1-2012 6.1.6.2),e50ee9dfe59e822a1cca1325c595c28f632a2d96b6b263bf4399bf8e15a23d58
V001590,D00569,2,2025-01-07,U04,Enviado,Corrección que atiende la observación OB00139 (administrativa ),6250cb67eb4e7cc06c350fc5e2f41db2cacc5cedebd2523d6775bd977a380291
V001591,D00577,2,2025-01-07,U02,Enviado,Corrección que atiende la observación OB00140 (NOM-072-SSA1-2012 5.19),992f3ffc461ece2558c7da6ea195be2c07ad88fe9cd7ddc0eaa5dc6793751195
V001592,D00578,2,2025-01-14,U10,Enviado,Corrección que atiende la observación OB00141 (NOM-073-SSA1-2015 8.5.1.1),dee258eb3a69260bbb244d51ba90971ae55151310283b71bde1d7a82f07de899
V001593,D00576,2,2025-01-14,U03,Enviado,Corrección que atiende la observación OB00142 (administrativa ),e8a68e05edb491b5560a1b47568bc365aec0f73292605e1ee83e9ba445f9e889
V001594,D00577,3,2025-01-08,U04,Enviado,Corrección que atiende la observación OB00143 (NOM-072-SSA1-2012 6.1.4),bebe11e15eb61ff2c23cadc08c2c5f5f78285a53c6f2548cfdff2dcf63f61252
V001595,D00578,3,2025-01-14,U10,Enviado,Corrección que atiende la observación OB00144 (NOM-073-SSA1-2015 8.4),947dcef952ce9aecb83fb58a9d5a706486b4593bc65ec34aa3b0913e4ba0f6c9
V001596,D00578,4,2025-01-14,U09,Enviado,Corrección que atiende la observación OB00145 (NOM-073-SSA1-2015 8.1),929e083a522b4f6c540028c5a8c496be362292edf7975bd18b1a34d4e24274b2
V001597,D00577,4,2025-01-07,U02,Enviado,Corrección que atiende la observación OB00146 (NOM-072-SSA1-2012 6.1.6.2),63df17d0c5d8fc005e8cca0f07751f1a489e2cdc6bb75e066379b247cae5ef3e
V001598,D00599,2,2025-01-24,U03,Enviado,Corrección que atiende la observación OB00147 (NOM-072-SSA1-2012 5.19),fe7372514be9a4bc210212310fc8107856c2a24495fb2478b9f1b38cd2e9b1ce
V001599,D00598,2,2025-01-24,U09,Enviado,Corrección que atiende la observación OB00148 (NOM-073-SSA1-2015 8.5.1.1),430add0bddd34c76e65b27b56586bf020aa93623c999952a6a41764186b2143f
V001600,D00598,3,2025-01-17,U10,Enviado,Corrección que atiende la observación OB00149 (NOM-073-SSA1-2015 8.4),5efc957b490d7abb4313ff88c2c8babb1b12c3d2c8870adeb5401b38a864e062
V001601,D00613,2,2025-01-22,U08,Enviado,Corrección que atiende la observación OB00150 (NOM-059-SSA1-2015 9.12),76ef3b243ea5005417a2064bc12267dd828d0c4641a38ac951a142addf710139
V001602,D00609,2,2025-01-24,U02,Enviado,Corrección que atiende la observación OB00151 (administrativa ),ff4d03754fa3e67d2bc255a318ab9a76b301b96c7dd674cf37668c358b1e19c8
V001603,D00611,2,2025-01-22,U14,Enviado,Corrección que atiende la observación OB00152 (NOM-164-SSA1-2015 11),9cf26f33fd8747a8e4a538f397f35038ec8b444b98504322093e62f749cb4aaf
V001604,D00612,2,2025-01-16,U09,Enviado,Corrección que atiende la observación OB00153 (NOM-177-SSA1-2013 7.5.5),65c5eb57b77e1602a066bace4a5b3594bff6ddc214584e528c892d4926a95b15
V001605,D00614,2,2025-01-17,U07,Enviado,Corrección que atiende la observación OB00154 (NOM-059-SSA1-2015 9.9.2.2.3),a5cf44b2827513b5a24cfc42aab13bec59fda5919ebf60461de696975596a2e9
V001606,D00610,2,2025-01-24,U04,Enviado,Corrección que atiende la observación OB00155 (administrativa ),3e4dbc4ec942c79401a9553308b898ef9bb59f186058625c67cec814604edf6c
V001607,D00616,2,2025-02-14,U04,Enviado,Corrección que atiende la observación OB00156 (administrativa ),d54b73b05e3f734e21e8463bad7bf883cacc3d26ce84bb26fc6a6ea3ae3964bb
V001608,D00618,2,2025-01-27,U05,Enviado,Corrección que atiende la observación OB00157 (NOM-072-SSA1-2012 5.24.8),d549b67bf479a1fd3cabf614218d6de29e76c96a47a98896c7d69f3e9758f899
V001609,D00620,2,2025-01-28,U07,Enviado,Corrección que atiende la observación OB00158 (NOM-059-SSA1-2015 9.12),944270fcb854579ab7aad7858d1442a4a257d2ac1429e14302052737a0642713
V001610,D00622,2,2025-02-05,U04,Enviado,Corrección que atiende la observación OB00159 (NOM-072-SSA1-2012 6.1.6.2),fe79ebac37b40f9c3608b444085650ee1c0a08ce565ba63528c5eea2d10c3a63
V001611,D00617,2,2025-02-04,U02,Enviado,Corrección que atiende la observación OB00160 (administrativa ),5a396673e5e3f4d2b04cb31104d93beba74a6fc3e08125cddb682146e3e79550
V001612,D00622,3,2025-02-07,U05,Enviado,Corrección que atiende la observación OB00161 (NOM-072-SSA1-2012 6.1.4),9f24aab1d101db94d16a2dff5ffed7074759cfec9be34f637b06904a26b3c56c
V001613,D00622,4,2025-02-12,U04,Enviado,Corrección que atiende la observación OB00162 (NOM-072-SSA1-2012 5.19),081bdfa11a864824cc19e3ba92925993772d3701902ab78de1155823f6983f67
V001614,D00626,2,2025-02-14,U02,Enviado,Corrección que atiende la observación OB00163 (administrativa ),26d1737b764809a2944078411589ab3bbf9a54871eb4eba4f7dd28a37a28fd0b
V001615,D00629,2,2025-02-05,U10,Enviado,Corrección que atiende la observación OB00164 (NOM-073-SSA1-2015 8.2),4e37c1fdcd2c3c4646cf625335b172c5aa2f8e7e9f9cdbde19d980e3b5d78d02
V001616,D00668,2,2025-02-14,U05,Enviado,Corrección que atiende la observación OB00171 (NOM-072-SSA1-2012 6.1.4),e74e3ae59de6d56c06ae248e1e239a6ac25eb31fac97e61ead7e18694548392a
V001617,D00676,2,2025-02-18,U04,Enviado,Corrección que atiende la observación OB00172 (NOM-072-SSA1-2012 6.1.4),c01dc47559acdeb0a61a0676516d872f322510580bf2b2a59c16b86b0f149fdb
V001618,D00674,2,2025-02-18,U02,Enviado,Corrección que atiende la observación OB00173 (administrativa ),a276a3eddbdd571e53d84b412a00d199389bede8c5c283cc056756b9c6935538
V001619,D00678,2,2025-02-17,U03,Enviado,Corrección que atiende la observación OB00174 (NOM-072-SSA1-2012 5.24.8),3639c74d360b0f30cddbc8ee15001e2ba83449c1d1f281ce24d053056da5cf6b
V001620,D00677,2,2025-02-18,U10,Enviado,Corrección que atiende la observación OB00175 (NOM-177-SSA1-2013 7.5.5),db063da7d0aaa2b00103d212c58e5a98bee822269fb9b2e0ec22d5542220ed80
V001621,D00676,3,2025-02-18,U04,Enviado,Corrección que atiende la observación OB00176 (NOM-072-SSA1-2012 5.9),e613cbbbb88dc02f8e6c92f5fecf8175f0372dac3b14e3f7fee65f4ddde467c9
V001622,D00675,2,2025-02-18,U09,Enviado,Corrección que atiende la observación OB00177 (NOM-073-SSA1-2015 8.2),bfe3d010ba07aae1d6f42e8e43aa5106b7f881b7c7daf5ece5cd619837e444ff
V001623,D00681,2,2025-02-25,U05,Enviado,Corrección que atiende la observación OB00178 (administrativa ),1f82556def33c8190fcbf8753507ad90b207e66d8f288eca6e76fce198b52abd
V001624,D00683,2,2025-02-24,U06,Enviado,Corrección que atiende la observación OB00179 (NOM-059-SSA1-2015 9.9.2.2.3),1381175e0d08a0ceffffcc8821519783e3a1bf0341d45c48bf302bda52913b7e
V001625,D00680,2,2025-02-25,U04,Enviado,Corrección que atiende la observación OB00181 (administrativa ),30edf88e7ee8e6accbdb10ca190bb64286be6a13f9a9afc7426cdf6e5dbb1e10
V001626,D00682,2,2025-02-25,U08,Enviado,Corrección que atiende la observación OB00182 (NOM-164-SSA1-2015 11),c6d1ac3a7e6c7c28726439bb892763e7c75ecb798a82975b60be54f51d7039be
V001627,D00685,2,2025-02-28,U04,Enviado,Corrección que atiende la observación OB00183 (administrativa ),66854ad2c2c7e770db35a09081b44ec521aa84b99150c28331b0f6e0f380405b
V001628,D00700,2,2025-03-24,U10,Enviado,Corrección que atiende la observación OB00184 (NOM-073-SSA1-2015 8.2),9e0a350dc86720c32f1cac6d7eaea9dee491b48517cbe07a393e1c10d0b63208
V001629,D00699,2,2025-03-24,U02,Enviado,Corrección que atiende la observación OB00185 (NOM-072-SSA1-2012 5.17.2.5),43def08fa79b396467a2d40d20ad67426d2b54f77afbf768d97d3e1c6638f02e
V001630,D00699,3,2025-03-24,U02,Enviado,Corrección que atiende la observación OB00186 (NOM-072-SSA1-2012 6.1.4),760386f8528a6bb6d23735ec391f204be4568a6387fa01e0cff335e797845f9b
V001631,D00699,4,2025-03-24,U03,Enviado,Corrección que atiende la observación OB00187 (NOM-072-SSA1-2012 6.1.6.2),37bfaca62d728a3117cd5862188a992d333e78ae0b7130965285d9aedd119bb1
V001632,D00705,2,2025-03-18,U10,Enviado,Corrección que atiende la observación OB00188 (NOM-177-SSA1-2013 7.5.5),cc1030e749b751877c5c6091eaa0daef11885bc21306bf1acf561d972753d2b6
V001633,D00704,2,2025-03-14,U05,Enviado,Corrección que atiende la observación OB00189 (NOM-072-SSA1-2012 5.17.2.5),7b2e8fda8af777950ec1e06c72b0f24f0bd1b636d540530f39b3ce0a2050f070
V001634,D00703,2,2025-03-18,U04,Enviado,Corrección que atiende la observación OB00190 (administrativa ),a9eb10944b3ffaeee5d9e40348e8016ce662276e64fc1a6d754fa7e83ed275e3
V001635,D00704,3,2025-03-18,U02,Enviado,Corrección que atiende la observación OB00191 (NOM-072-SSA1-2012 6.1.4),6ca5a83d6a5b19eb5594ac6ab89d5375c752b02b79806e7c135009525f92a314
V001636,D00721,2,2025-05-23,U08,Enviado,Corrección que atiende la observación OB00192 (NOM-164-SSA1-2015 11),ba3f3d26e7143cb42329f639e716935d9157288c42540ced9d7092b4b6c43b17
V001637,D00726,2,2025-05-23,U07,Enviado,Corrección que atiende la observación OB00193 (NOM-059-SSA1-2015 5.5.1),2afe579ece2215b2dcb85af76a186508f55c6469ede628e5e1926fe6b9bbb191
V001638,D00714,2,2025-05-20,U05,Enviado,Corrección que atiende la observación OB00194 (administrativa ),1737c2ca96d69205de1449c747097854cc191c7a7c30fa1d8fecde04f97a77cb
V001639,D00759,2,2025-04-15,U09,Enviado,Corrección que atiende la observación OB00195 (NOM-073-SSA1-2015 10.17),40e0b03e73bd9897b51219fa69a7fe5d15749a2c2be17daed2c382f928c004d6
V001640,D00770,2,2025-04-28,U07,Enviado,Corrección que atiende la observación OB00196 (NOM-059-SSA1-2015 5.5.1),4fe7719a11e224997b5395481361e4ecfb38b56d1c9a147bf171348bfe7ccbb2
V001641,D00765,2,2025-04-28,U13,Enviado,Corrección que atiende la observación OB00197 (NOM-220-SSA1-2016 8.4.3.1.4),54bfa940708a9d3198971d7651715850416a64a888019fa414276dabe340a5a3
V001642,D00778,2,2025-05-14,U02,Enviado,Corrección que atiende la observación OB00198 (administrativa ),f6e432bb8d25a2ba740b5758a6db65ad5ffc9b5f5eb2cec7fe5d24f38828fc9b
V001643,D00780,2,2025-05-16,U10,Enviado,Corrección que atiende la observación OB00199 (NOM-073-SSA1-2015 8.2),83eb2032a1b9d72378f002d0eb4ba558d9670098f1c877770856540ed2a55e35
V001644,D00796,2,2025-05-19,U09,Enviado,Corrección que atiende la observación OB00200 (NOM-073-SSA1-2015 8.1),0183c795dfdac8e2b6e89cb51acfdd2c708f271536a2dfb980b83b2a84e75023
V001645,D00796,3,2025-05-19,U10,Enviado,Corrección que atiende la observación OB00201 (NOM-073-SSA1-2015 10.19),7f15dd06df2665b9afc861c96383bde0d79eafc970339d980721d7b5c5be6226
V001646,D00795,2,2025-05-08,U05,Enviado,Corrección que atiende la observación OB00202 (NOM-072-SSA1-2012 6.1.4),c35be312965cbf1e3fa8ceceab133ea60000273052da3e37a797ae31a94eb2e4
V001647,D00796,4,2025-05-12,U09,Enviado,Corrección que atiende la observación OB00203 (NOM-073-SSA1-2015 8.4),e6a8e6e547885706076965e342e881f06f15243947b8462aa4e4150afa5943c9
V001648,D00797,2,2025-05-09,U09,Enviado,Corrección que atiende la observación OB00204 (NOM-177-SSA1-2013 7.5.5),551b91e37581059ed1c50e6d97d297d84ae57e25b3d00bdce4baef6b67f0d959
V001649,D00810,2,2025-05-27,U09,Enviado,Corrección que atiende la observación OB00205 (NOM-073-SSA1-2015 8.4),07ddc8e084ace857aaafb2b3436aa32e97d00b81994a09073b2519924ffc7312
V001650,D00809,2,2025-06-16,U02,Enviado,Corrección que atiende la observación OB00206 (administrativa ),450857205a95588fdab475c11470a16456333c775c8e5010bc019a01df188d74
V001651,D00810,3,2025-06-05,U09,Enviado,Corrección que atiende la observación OB00207 (NOM-073-SSA1-2015 8.5.1.1),848b2bfdf8196bfffe3e5d9b11c1f909b1f319f139deb24c57768940e9d0df15
V001652,D00813,2,2025-06-16,U02,Enviado,Corrección que atiende la observación OB00208 (NOM-072-SSA1-2012 5.19),a7e094f86b3bb7dbe8f81038303cf4a7f22db4b6fe5ac993b7018bc32a8e2147
V001653,D00813,3,2025-06-04,U03,Enviado,Corrección que atiende la observación OB00209 (NOM-072-SSA1-2012 6.1.4),679fb8cdc343820490d500c72734879693a8a26c63dec1f7837092207ab2050c
V001654,D00830,2,2025-06-06,U02,Enviado,Corrección que atiende la observación OB00210 (administrativa ),3d042bfc89f0e33bfe1290989ce2a14f785feccb937b417a696bc4b3b95f5458
V001655,D00834,2,2025-06-06,U06,Enviado,Corrección que atiende la observación OB00211 (NOM-164-SSA1-2015 11),0414b21860a3aee8fce2d38ffe3b03f0d74b22d1bb88740160dfd2741cc73811
V001656,D00831,2,2025-06-06,U10,Enviado,Corrección que atiende la observación OB00212 (NOM-073-SSA1-2015 8.1),289ed1adefe535a13b73fea74967e1c74242074762276f1cd2451a06a284bb4f
V001657,D00833,2,2025-06-06,U14,Enviado,Corrección que atiende la observación OB00213 (NOM-059-SSA1-2015 9.12),305bc118c130de21b04f5cee0e5b1cbf000e2ac34ce5b798dfc7d64770a998f0
V001658,D00920,2,2025-07-30,U08,Enviado,Corrección que atiende la observación OB00217 (NOM-059-SSA1-2015 9.12),409b1085cbb6322fdeb833bac1ac77d61fcf17b3cde779eb2d6beab1f82ca321
V001659,D00922,2,2025-07-29,U10,Enviado,Corrección que atiende la observación OB00218 (NOM-073-SSA1-2015 8.1),6c224c111b7197ec77df34c7dcd8c1b9efacb746b0e9c1fbff242eb5a6d2f4e0
V001660,D00919,2,2025-08-04,U05,Enviado,Corrección que atiende la observación OB00219 (administrativa ),e6e949d0a95d05505949703aa787f732d5e9207bc8085d38e1170b4274564dbb
V001661,D00922,3,2025-08-01,U10,Enviado,Corrección que atiende la observación OB00220 (NOM-073-SSA1-2015 8.4),ca5e4f92f3d38ce57218ebb4042eeec0e2d2c21896d5cdedb13254acace63fdc
V001662,D00922,4,2025-07-29,U09,Enviado,Corrección que atiende la observación OB00221 (NOM-073-SSA1-2015 10.19),ae63671157e061e2fb050a94a751c0253fb2ff9195c84593cd7514590a66b0cb
V001663,D00945,2,2025-08-15,U02,Enviado,Corrección que atiende la observación OB00222 (NOM-072-SSA1-2012 5.19),a332385408f1617f103426e7aae7804d29f942b92cf95d794ae81995d262e2ac
V001664,D00941,2,2025-08-12,U04,Enviado,Corrección que atiende la observación OB00223 (administrativa ),9e62008dae66d1bdd2397c88d3ca207016418c0b782afa4a4341e1422a4f81e2
V001665,D00944,2,2025-08-15,U04,Enviado,Corrección que atiende la observación OB00224 (NOM-072-SSA1-2012 5.24.8),3998edd98d8f6623a89ae4071f95469f50b650ffd09aee7b26b13b077085984f
V001666,D00943,2,2025-08-12,U06,Enviado,Corrección que atiende la observación OB00225 (NOM-164-SSA1-2015 11),b2b8242aa4d8c7872bc3d76623b254f3eec54f850667ce926d667e3498f5f23d
V001667,D00955,2,2025-08-15,U07,Enviado,Corrección que atiende la observación OB00226 (NOM-059-SSA1-2015 9.9.2.2.3),bf92ee6f51ada45532eec9f753581a632be4b1fc828ecd457ba41042c4ff8fb8
V001668,D00953,2,2025-08-15,U10,Enviado,Corrección que atiende la observación OB00227 (NOM-073-SSA1-2015 10.17),9ee13dd6b6404f0e484561fa5959f8fbd80cc657a7c583d5eda25386cc83e288
V001669,D00951,2,2025-08-15,U04,Enviado,Corrección que atiende la observación OB00228 (NOM-072-SSA1-2012 6.1.4),6af5ca745285de7dbc59d2a701f2b6564d23cfb1a63670d1d72b59eb13d7dcf5
V001670,D00951,3,2025-08-15,U03,Enviado,Corrección que atiende la observación OB00229 (NOM-072-SSA1-2012 6.1.6.2),366f3194266f5c1f74e5cbfdcf2eb1d6ede9c7db33ec6aff93b459bc61250330
V001671,D00964,2,2025-09-01,U05,Enviado,Corrección que atiende la observación OB00230 (administrativa ),ec259f25d792bd4df1acf30f49bb06c118a1619b5c2177e724aea10eb7fc00c8
V001672,D00968,2,2025-08-29,U06,Enviado,Corrección que atiende la observación OB00231 (NOM-059-SSA1-2015 9.9.2.2.3),cf0cce92aa56fe741f902037ea991b2f3566f71b750779d1d06d16992b12ed33
V001673,D00965,2,2025-09-01,U03,Enviado,Corrección que atiende la observación OB00232 (NOM-072-SSA1-2012 5.9),58abee48fb9a440c117f384c9edfdf5465b01799062c4f8b4ba2e2e38732e05c
V001674,D00965,3,2025-08-25,U03,Enviado,Corrección que atiende la observación OB00233 (NOM-072-SSA1-2012 5.19),7b716ffaf545330c46d10faacbce63d26d5ed375ac9df2b476077aba85d411ba
V001675,D00984,2,2025-09-18,U09,Enviado,Corrección que atiende la observación OB00234 (NOM-073-SSA1-2015 8.4),53d36c399bc3668936a192482016b70ce792a5dbb723a16913604c4ffa52e53c
V001676,D01005,2,2025-10-27,U05,Enviado,Corrección que atiende la observación OB00235 (NOM-072-SSA1-2012 6.1.4),b1993290f39792deeb359fd5ad83ea723b6b4fe4d7106bf1eef445e7ded21e3c
V001677,D01005,3,2025-10-22,U05,Enviado,Corrección que atiende la observación OB00236 (NOM-072-SSA1-2012 6.1.6.2),7034d367fb1dc089a720d04cee801c399161e8745c161e3f16538ddf53c28bf1
V001678,D01004,2,2025-10-17,U04,Enviado,Corrección que atiende la observación OB00237 (NOM-072-SSA1-2012 5.24.8),ff898b6c10c118dfcc9ff2ebce67be758b33c481a19f244b59e098a0776d755f
V001679,D01003,2,2025-11-06,U02,Enviado,Corrección que atiende la observación OB00238 (administrativa ),4964b7e8df2a0c57848a3578da188ec662a33c6ea280eccc18393221a6f2ed1a
V001680,D01031,2,2025-09-26,U09,Enviado,Corrección que atiende la observación OB00239 (NOM-073-SSA1-2015 8.4),4d8d1bf29575c99a2e4cb726fb89c3c4213521991e177440ab60991efd4cb78e
V001681,D01029,2,2025-10-07,U03,Enviado,Corrección que atiende la observación OB00240 (administrativa ),a1061ba2df208c22704a6e1bc1e99c7f57f7d48778a3faf950f8c9f8cea9e7de
V001682,D01031,3,2025-10-07,U09,Enviado,Corrección que atiende la observación OB00241 (NOM-073-SSA1-2015 10.19),3eb88af32e883b8af5abfe65c6c4c8617899c1b66ca69d580bc761ac930be236
V001683,D01031,4,2025-10-07,U09,Enviado,Corrección que atiende la observación OB00242 (NOM-073-SSA1-2015 8.5.1.1),402d2bc758c16f93ac474595beb341453ec144262e743274c5c585c8750126d5
V001684,D01031,5,2025-10-07,U10,Enviado,Corrección que atiende la observación OB00243 (NOM-073-SSA1-2015 8.1),222305bb1cb84f512e8587e965ef0860d395cc84776914559bb7ea1eaa93c515
V001685,D01030,2,2025-09-26,U10,Enviado,Corrección que atiende la observación OB00244 (NOM-177-SSA1-2013 7.5.5),af76422c34d6314bec1bc5c67913abe92f43625bae8b8610fdbef7a58c70e3b3
V001686,D01045,2,2025-09-25,U04,Enviado,Corrección que atiende la observación OB00245 (NOM-072-SSA1-2012 5.17.2.5),b210e829f8c0800f81735a0cd8536fd5dd026cd1b759ff0530e4389cb6e8adb8
V001687,D01042,2,2025-09-26,U02,Enviado,Corrección que atiende la observación OB00246 (NOM-072-SSA1-2012 5.15.1),2f90d80b497aa813b55e5631e6f21c5a492ed8b564bc4b1af91881636ae0ec9f
V001688,D01044,2,2025-09-29,U14,Enviado,Corrección que atiende la observación OB00247 (NOM-059-SSA1-2015 9.12),b8539b5bba3f99c3441682e1358cff59823421f78d8d4b6f9fdd2d4b3e30f4e5
V001689,D01068,2,2025-10-28,U04,Enviado,Corrección que atiende la observación OB00248 (NOM-072-SSA1-2012 6.1.4),3bd3ca52f78245354eae7236f0147fdba8946db7ff5b56d2a92c1e1f976b665b
V001690,D01070,2,2025-10-17,U09,Enviado,Corrección que atiende la observación OB00249 (NOM-073-SSA1-2015 8.5.1.1),96514e27ba96cca9d2a40d66b657e7b902eb280948a03de9bd188803de78f06b
V001691,D01071,2,2025-10-16,U04,Enviado,Corrección que atiende la observación OB00250 (NOM-072-SSA1-2012 5.24.8),5e8aec529ad2bc47cd3b641a509fd65ecff8fc63ac9fb4fb953114c22914f59d
V001692,D01070,3,2025-10-28,U10,Enviado,Corrección que atiende la observación OB00251 (NOM-073-SSA1-2015 10.17),231900a5c1f0781b14857a11495988ed415fbb25caa7e0c445eecdeb671630ff
V001693,D01084,2,2025-11-04,U03,Enviado,Corrección que atiende la observación OB00252 (NOM-072-SSA1-2012 5.17.2.5),ddb5bf9f39a7a27c61c745e6e57b0a2c0aae8af15d4b8e4e074aecd892612dc3
V001694,D01084,3,2025-11-04,U05,Enviado,Corrección que atiende la observación OB00253 (NOM-072-SSA1-2012 5.19),c2d575a46723e2be40acb4bcf1b597b3de91c8e6ab17f68d54d473bb620f76b3
V001695,D01086,2,2025-11-04,U06,Enviado,Corrección que atiende la observación OB00254 (NOM-059-SSA1-2015 9.9.2.2.3),1843bd69bab938d16669b7fb4d5800e845dabbe240c33d2f957a9196fc491b8a
V001696,D01102,2,2025-11-18,U10,Enviado,Corrección que atiende la observación OB00255 (NOM-073-SSA1-2015 8.1),94acd3a6d4d488bbb1bab37990483bf2ae2610cde64c5adb52e940f69490edf2
V001697,D01102,3,2025-11-18,U10,Enviado,Corrección que atiende la observación OB00256 (NOM-073-SSA1-2015 8.5.1.1),9ba83089f977391f25339b2b6ab253da761e53644599321ccd1541d070cbd001
V001698,D01103,2,2025-11-18,U04,Enviado,Corrección que atiende la observación OB00257 (NOM-072-SSA1-2012 6.1.4),cecd6692130e3736e39f86145c08b6769d89da7af3ef35f1a4e1bcfa9959113e
V001699,D01102,4,2025-11-18,U10,Enviado,Corrección que atiende la observación OB00258 (NOM-073-SSA1-2015 8.4),48ab0ad1ea327b9ac75e46d6215f8d91a750aa96a62c8214217300e00fb29d31
V001700,D01103,3,2025-11-14,U04,Enviado,Corrección que atiende la observación OB00259 (NOM-072-SSA1-2012 5.19),3eeff345c04eb5101fba3950388869bb895d27ed14441316918e1582c3062b51
V001701,D01102,5,2025-11-14,U10,Enviado,Corrección que atiende la observación OB00260 (NOM-073-SSA1-2015 10.17),f23b41ac7f70c7ce84a0761f3b3916a7a67d074ab94c4680f451d77202695a83
V001702,D01108,2,2025-12-05,U02,Enviado,Corrección que atiende la observación OB00261 (administrativa ),9d3ef95df95a3bf23a383f40da848b904d1f2f6804de3188963c7926f9901fb1
V001703,D01111,2,2026-01-08,U06,Enviado,Corrección que atiende la observación OB00262 (NOM-059-SSA1-2015 9.9.2.2.3),4b75324d66185361e29be556e03b6d22eafdfaa3c473b337ccc1dbda235ee230
V001704,D01110,2,2026-01-08,U10,Enviado,Corrección que atiende la observación OB00263 (NOM-073-SSA1-2015 8.4),7e2e9e2a5420ae957cd2878ef78f72ade62f27861a8762ef87c3430ed58bd2a7
V001705,D01110,3,2025-12-10,U09,Enviado,Corrección que atiende la observación OB00264 (NOM-073-SSA1-2015 8.5.1.1),0163fcfaf72da8b170f36169aba4a51bee0faafb6d97b8accba21c8a5531b5ad
V001706,D01116,2,2025-12-09,U09,Enviado,Corrección que atiende la observación OB00265 (NOM-073-SSA1-2015 8.1),3e5b58d2d47effa2cd7a32031e7268ef32a9bc714b159eafa3519fd5983d56e2
V001707,D01115,2,2025-12-05,U09,Enviado,Corrección que atiende la observación OB00266 (NOM-177-SSA1-2013 7.5.5),014549862b71fa5976bacbf12894be5937f508bdf5c4371e725984b89e0e5d4a
V001708,D01119,2,2025-12-04,U08,Enviado,Corrección que atiende la observación OB00267 (NOM-059-SSA1-2015 9.9.2.2.3),ffc0455745f15076fcdbed97e9c686900b6d13dd6492ca39c2ec24b14efada2a
V001709,D01147,2,2026-01-14,U03,Enviado,Corrección que atiende la observación OB00268 (NOM-072-SSA1-2012 5.9),1d679fc93564e5d922ed76ca0e865feb3c3734851eeccfaf9818fb26c8cbdfc6
V001710,D01145,2,2026-01-09,U04,Enviado,Corrección que atiende la observación OB00269 (administrativa ),8108e48774c77edc48ad64082d0dfeb42dc73f90db1bcba5b4f223ce79ecda8c
V001711,D01147,3,2026-01-15,U03,Enviado,Corrección que atiende la observación OB00270 (NOM-072-SSA1-2012 6.1.4),8afc8339215cc924d7928058784867d04d993704b9d4f787573444be9f820e98
V001712,D01148,2,2026-01-09,U06,Enviado,Corrección que atiende la observación OB00271 (NOM-164-SSA1-2015 11),9ed2e67b365e667f068a06a621cf739b378b9aec3da04c31b5e896c3936f8d6e
V001713,D01147,4,2026-01-13,U05,Enviado,Corrección que atiende la observación OB00272 (NOM-072-SSA1-2012 5.17.2.5),d02868a84983f45fa053e6c3e51edbbb1aefcd8df3e49d6b52d8539d0a21d92b
V001714,D01149,2,2026-01-08,U05,Enviado,Corrección que atiende la observación OB00273 (NOM-072-SSA1-2012 5.15.1),86bc4a4b69cf9b6cff65f3c74543509040143439ac03f59334d3aa0135c5e8a9
V001715,D01159,2,2026-01-19,U03,Enviado,Corrección que atiende la observación OB00274 (administrativa ),59f196b07dd343e6d3bd68aefe381c7f77c7f7f44a4c4f27642719bd93df3012
V001716,D01161,2,2026-01-19,U03,Enviado,Corrección que atiende la observación OB00275 (NOM-072-SSA1-2012 5.17.2.5),f932810f78c90d1fa21df461977256287768e0a0710bfff39436f2cb167c3ea3
V001717,D01158,2,2026-01-13,U02,Enviado,Corrección que atiende la observación OB00276 (administrativa ),32fe8ae086877d81390c7c4daf88837028ac7289ddb4c99263ed25850e0f3ce9
V001718,D01161,3,2026-01-13,U02,Enviado,Corrección que atiende la observación OB00277 (NOM-072-SSA1-2012 6.1.4),7ab0e8e9c521e7ffeef7fe0a320f9db58e28a05fb18a652856d9a8e975b8b3e5
V001719,D01186,2,2026-01-30,U05,Enviado,Corrección que atiende la observación OB00278 (NOM-072-SSA1-2012 5.19),f62e6737592714981a0e3d2a67db9603734262b652727f105a6c23d679422ba1
V001720,D01181,2,2026-02-10,U03,Enviado,Corrección que atiende la observación OB00279 (administrativa ),95658bf46cbc2620c34441b1b75954922144d8f09215d2094c598dd07ed7f4d8
V001721,D01186,3,2026-01-19,U03,Enviado,Corrección que atiende la observación OB00280 (NOM-072-SSA1-2012 6.1.4),9edfef687a118d6feec13a5bf49f054cc499b8ca5450c3b59b5817994cae9a5a
V001722,D01186,4,2026-02-04,U05,Enviado,Corrección que atiende la observación OB00281 (NOM-072-SSA1-2012 6.1.6.2),d2ecb8d33c6a970eaaaff7c5352fc3b57d2b0b5897302aa453d0058186ce45cb
V001723,D01192,2,2026-01-27,U07,Enviado,Corrección que atiende la observación OB00282 (NOM-059-SSA1-2015 9.12),5f32646ed007f0355d4475103447c54bae244e24da5b0a416a3613144ed26542
V001724,D01190,2,2026-02-09,U03,Enviado,Corrección que atiende la observación OB00283 (administrativa ),cb1337e8c7341dc9fe6ef6f921ef2139801653de9e7ec2ecdc91a55c8e00296b
V001725,D01191,2,2026-02-04,U09,Enviado,Corrección que atiende la observación OB00284 (NOM-073-SSA1-2015 8.2),bfc46d07b5f111dcef51e8489a50fd480038194ac20a3b98ec47b02aadf5b5ae
V001726,D01198,2,2026-02-03,U05,Enviado,Corrección que atiende la observación OB00285 (NOM-072-SSA1-2012 5.24.8),03436ae0dae5ddbe7f228606912fcd5b3071bfee74eb831fa30619e84950086a
V001727,D01196,2,2026-02-06,U06,Enviado,Corrección que atiende la observación OB00286 (NOM-059-SSA1-2015 9.9.2.2.3),c6a5ec8179be06aa5b210c2c047d995c01457125d5ecb2584f038d6239e21969
V001728,D01199,2,2026-02-03,U09,Enviado,Corrección que atiende la observación OB00287 (NOM-177-SSA1-2013 7.5.5),8decafda6244878831526f636c3ca00bb957eec4673a85420cdaccc10ac86d7f
V001729,D01201,2,2026-02-10,U10,Enviado,Corrección que atiende la observación OB00288 (NOM-073-SSA1-2015 8.4),836aadd2a8a43fc2cdec3f49035f5662eb2a87fc36c9fb732bdfb8968cfc00a8
V001730,D01201,3,2026-01-29,U09,Enviado,Corrección que atiende la observación OB00289 (NOM-073-SSA1-2015 10.19),bb3bdd4082d36b34c2ad7e67a9d86ac5e82d8f51bdd3dd85dce0221a8f31df3f
V001731,D01206,2,2026-01-29,U05,Enviado,Corrección que atiende la observación OB00290 (NOM-072-SSA1-2012 5.24.8),21eace2fd1e651e45df1dca86893f7614dd893e9df8e71ad56f7f5f84b1ffcd6
V001732,D01209,2,2026-01-28,U10,Enviado,Corrección que atiende la observación OB00291 (NOM-073-SSA1-2015 8.5.1.1),170730af11cf0a5b1477431920985e0eb2d1c6ef78b248c88e1695a3ef0d469c
V001733,D01204,2,2026-01-29,U04,Enviado,Corrección que atiende la observación OB00292 (administrativa ),dfe01ea5aea4a26fe19c1981fc3f5137bb225c079634ca225c90129f1cfc16ca
V001734,D01209,3,2026-01-29,U10,Enviado,Corrección que atiende la observación OB00293 (NOM-073-SSA1-2015 8.1),10dcb91ecff39e0dee79bae23c7b5e03cb5dcc64569b28fb895aa1a786c7b8e0
V001735,D01203,2,2026-01-29,U04,Enviado,Corrección que atiende la observación OB00294 (administrativa ),deb6e289a33f0956198b63a71998fad2a8ef83b557526005d7a00a78e96330f7
V001736,D01209,4,2026-01-27,U10,Enviado,Corrección que atiende la observación OB00295 (NOM-073-SSA1-2015 8.4),ac11991f9f1609ad6a8e96fb98cf4559b5338bfb594b4f69927bbcd04bd8f00d
V001737,D01214,2,2026-03-13,U07,Enviado,Corrección que atiende la observación OB00296 (NOM-164-SSA1-2015 11),d2ac8baccbbf5a10a863aba54a418d1c6580f014d4bef978f0048b4a885cfa97
V001738,D01225,2,2026-03-11,U09,Enviado,Corrección que atiende la observación OB00297 (NOM-177-SSA1-2013 7.5.5),8bae62d39b64de785d621be755a59af077700dc3e55e4281643b053704bc6f6f
V001739,D01223,2,2026-03-13,U03,Enviado,Corrección que atiende la observación OB00298 (administrativa ),d4fb77fb835d95055ccac4b46ae21b38022a7cd89bde64ffa3816babf2c3c613
V001740,D01273,2,2026-04-17,U08,Enviado,Corrección que atiende la observación OB00299 (NOM-059-SSA1-2015 9.9.2.2.3),a179fa196ed5b87200eaa95969187183dade9bbd7d05e982aa3a56cfa07a0948
V001741,D01286,2,2026-05-14,U03,Enviado,Corrección que atiende la observación OB00301 (administrativa ),694d5ad16dbfa0451f7f023cb91292fa73a613825653d755be918f3a9c9d4746
V001742,D01288,2,2026-05-14,U08,Enviado,Corrección que atiende la observación OB00303 (NOM-059-SSA1-2015 9.9.2.2.3),c7b9fafcb12c6623c211774aa305a70f4b6cd46ceb429866ded9b46416aa6f90
V001743,D01285,2,2026-05-14,U05,Enviado,Corrección que atiende la observación OB00304 (administrativa ),36c6c4c008ac5997a7d89399d8f373d6c2c1127e81b91dc205717a28e847a251
V001744,D01287,2,2026-05-14,U09,Enviado,Corrección que atiende la observación OB00306 (NOM-177-SSA1-2013 7.5.5),e9f7d1813cb24eeb0222daa4c9ad20e0b9fd05f75155b86762799105d599731a
V001745,D01301,2,2026-06-25,U06,Enviado,Corrección que atiende la observación OB00310 (NOM-059-SSA1-2015 9.9.2.2.3),d22278f72e88fb54709c6cd89ac78c03e97331cd6cd9dd6ab3fee257bd4de69a
V001746,D01298,2,2026-06-24,U03,Enviado,Corrección que atiende la observación OB00311 (administrativa ),6bc9ac8f82b7ce2eec8638de8dd1888db7083c9745978da7caf799c192b8cc3e
V001747,D01300,2,2026-06-18,U09,Enviado,Corrección que atiende la observación OB00312 (NOM-073-SSA1-2015 8.1),399489a3aee3d799ec8ed25db48705ecdb082dc02ec0083c54489f0949cf10db
V001748,D01300,3,2026-06-22,U09,Enviado,Corrección que atiende la observación OB00313 (NOM-073-SSA1-2015 8.5.1.1),b6211cdce245d57041ad38c912425856443f8f58594a0f734a9bcf201a53a4df
V001749,D01300,4,2026-06-22,U09,Enviado,Corrección que atiende la observación OB00314 (NOM-073-SSA1-2015 10.19),9e0e9b5f63c15e6338ed8928af0799ea5d7167cc3735e653323950b432252c43
V001750,D01300,5,2026-06-19,U09,Enviado,Corrección que atiende la observación OB00315 (NOM-073-SSA1-2015 8.4),7e6cb11ae2b73b61f845d4d5af37da9c7d161ba509d12f75045a259dbaa4b10d
V001751,D01297,2,2026-06-25,U02,Enviado,Corrección que atiende la observación OB00316 (administrativa ),f2d440ed34a8c9aa55e7ba88503a34feb12ccfb091e50e178dfa253c4bb38486
V001752,D01315,2,2026-06-26,U10,Enviado,Corrección que atiende la observación OB00317 (NOM-073-SSA1-2015 8.4),663f66f8b245288379ae3f3172c0331b06b39cfa021f0354b713dcbf55d7b8e1
V001753,D01321,2,2026-06-30,U09,Enviado,Corrección que atiende la observación OB00318 (NOM-073-SSA1-2015 8.5.1.1),c94e6f2a1adc1702223cfc67fab436fe9a925fe3118d969ddb5936fd32e817c5
V001754,D01321,3,2026-07-03,U09,Enviado,Corrección que atiende la observación OB00319 (NOM-073-SSA1-2015 10.17),0aabb2441375e635eac28d49514c8207fd6a1264f9b2d8f244b6f605172dbbfa
V001755,D01320,2,2026-06-25,U05,Enviado,Corrección que atiende la observación OB00320 (NOM-072-SSA1-2012 5.15.1),7e4ce097081c26d45612035b1893cc43af75c440d16e3423d36e357530a13c13
V001756,D01321,4,2026-07-03,U10,Enviado,Corrección que atiende la observación OB00321 (NOM-073-SSA1-2015 8.1),c63a5d54c4fe9d30025749cef66c6a2b5583f99bea5aa9c36bc4376cb8241ad5
V001757,D01359,2,2026-07-02,U03,Enviado,Corrección que atiende la observación OB00329 (administrativa ),e3ba548128fa4ff0b1c8e16bbb2ea4c3daacabf55848fffc634dd18d1a7be6ce
V001758,D01360,2,2026-07-03,U14,Enviado,Corrección que atiende la observación OB00330 (NOM-059-SSA1-2015 9.9.2.2.3),c3d473baf208a07584efc1f5d030eb65b927cf787659772c73aab521c183f900
V001759,D01362,2,2026-08-03,U05,Enviado,Corrección que atiende la observación OB00331 (NOM-072-SSA1-2012 6.1.4),050f97bd0cdd68565c554e5c96a163af1fdf3a95a54d3480b19d8abcd893199b
V001760,D01362,3,2026-07-03,U04,Enviado,Corrección que atiende la observación OB00332 (NOM-072-SSA1-2012 6.1.6.2),e6a75f1eb1414f078d814355d997806e63135208c3652fa0fc6e831dd021764d
V001761,D01370,2,2026-08-07,U02,Enviado,Corrección que atiende la observación OB00333 (NOM-072-SSA1-2012 5.15.1),af422176adb552f5fb99043559b5561b6b88c815aff41bedb195f95e1b567aee
V001762,D01370,3,2026-08-12,U04,Enviado,Corrección que atiende la observación OB00334 (NOM-072-SSA1-2012 5.24.8),4736737568afdd60d2701e4e475b87e50f5934cb016013b6cbe7cea8ed00968b
V001763,D01369,2,2026-08-12,U08,Enviado,Corrección que atiende la observación OB00335 (NOM-164-SSA1-2015 11),a420020ab6ab07aac91e669b5675e61a0312bb46f404642cced185d7e20ee2ac
V001764,D01372,2,2026-08-12,U10,Enviado,Corrección que atiende la observación OB00336 (NOM-073-SSA1-2015 10.19),80516b89c4ad6d42269a269a5d248759a3b4dbcd3ba5796df587c67060f8bebe
V001765,D01368,2,2026-08-03,U04,Enviado,Corrección que atiende la observación OB00337 (administrativa ),957800b74f814e438e09aa5dc2aefaddd7e5559f862eff6416bd1d5153b438ee
V001766,D01377,2,2026-07-09,U10,Enviado,Corrección que atiende la observación OB00338 (NOM-073-SSA1-2015 8.1),9ec236677a34ff809c58d2e7acbef7d5e3f6e727497df119dc3378f7f70fbbda
V001767,D01377,3,2026-07-09,U10,Enviado,Corrección que atiende la observación OB00339 (NOM-073-SSA1-2015 8.4),6b7cde97779c923baeed083c2d5cea41979e4566b93c4c4a8a50c6eb25d46314
V001768,D01375,2,2026-07-09,U02,Enviado,Corrección que atiende la observación OB00340 (administrativa ),9ee461a41745e43986aff2c643d85b1aa035d0cd4ee019312963f1df8bc702fc
V001769,D01381,2,2026-09-15,U10,Enviado,Corrección que atiende la observación OB00341 (NOM-177-SSA1-2013 7.5.5),052913ad026e2f8a30f9cb8d414212c57819faa1cf02cd9e2404aaad6ce0137a
V001770,D01384,2,2026-08-27,U07,Enviado,Corrección que atiende la observación OB00342 (NOM-059-SSA1-2015 9.9.2.2.3),7503765563933ab1d52d348c4dc4a008f33c9cfefb18602487a01f66d8368320
V001771,D01397,2,2026-07-31,U03,Enviado,Corrección que atiende la observación OB00343 (NOM-072-SSA1-2012 6.1.6.2),2d9da0619a58e7a71afb1af7e3be52d28934b4f035e019cfed9aadc95b31f1c0
V001772,D01398,2,2026-07-31,U10,Enviado,Corrección que atiende la observación OB00344 (NOM-073-SSA1-2015 8.4),28e21f633205fa1fee379889ea2227e01afa647bc2ceb1820b160c9fa2deee8f
V001773,D01394,2,2026-07-31,U03,Enviado,Corrección que atiende la observación OB00345 (administrativa ),c8e3f73e410a0eb515cc4167d091a8ebfd9aef2384aac8c9ddbb793b59eaa937
